Province,City,Year,Quarter,1_Bedroom_Rent,2_Bedroom_Rent,All-items,Food,Shelter,Household_ops,Clothing and footwear,Transportation,Health and personal care,"Recreation, education and reading","Alcoholic beverages, tobacco products and recreational cannabis"
British Columbia,Abbotsford - Mission,2020,1,1120.0,1330.0,132.43333333333334,148.96666666666667,126.73333333333333,120.0,110.56666666666666,144.33333333333334,123.06666666666666,125.60000000000001,160.33333333333334
British Columbia,Abbotsford - Mission,2020,2,1120.0,1380.0,131.76666666666665,149.6,126.36666666666667,120.93333333333334,103.8,141.56666666666666,124.33333333333333,125.60000000000001,160.79999999999998
British Columbia,Abbotsford - Mission,2020,3,1120.0,1370.0,132.5,149.66666666666666,126.66666666666667,121.5,104.3,143.33333333333334,125.63333333333333,126.96666666666665,160.13333333333333
British Columbia,Abbotsford - Mission,2020,4,1190.0,1340.0,133.0,149.93333333333334,128.96666666666667,121.2,106.26666666666667,142.5,126.36666666666667,125.7,158.1
British Columbia,Abbotsford - Mission,2021,1,1200.0,1580.0,134.20000000000002,150.9333333333333,129.66666666666666,121.03333333333335,103.93333333333334,147.9,125.89999999999999,126.3,158.86666666666667
British Columbia,Abbotsford - Mission,2021,2,1250.0,1580.0,135.36666666666667,151.93333333333334,131.79999999999998,121.3,106.96666666666665,147.0666666666667,128.13333333333333,127.73333333333333,159.9
British Columbia,Abbotsford - Mission,2021,3,1250.0,1580.0,136.96666666666667,153.4333333333333,133.5,121.73333333333333,106.10000000000001,149.20000000000002,129.1,131.83333333333334,161.5
British Columbia,Abbotsford - Mission,2021,4,1350.0,1850.0,138.0,155.93333333333334,135.76666666666665,121.63333333333333,105.53333333333335,149.4,129.9333333333333,130.6,162.36666666666667
British Columbia,Abbotsford - Mission,2022,1,1360.0,1630.0,140.93333333333334,160.03333333333333,138.9333333333333,123.23333333333333,104.86666666666667,155.33333333333334,129.29999999999998,132.70000000000002,165.53333333333333
British Columbia,Abbotsford - Mission,2022,2,1400.0,1810.0,145.6,163.53333333333333,142.5,127.90000000000002,107.56666666666666,166.1,132.16666666666666,137.06666666666666,168.13333333333333
British Columbia,Abbotsford - Mission,2022,3,1460.0,1760.0,147.46666666666667,167.6,143.83333333333334,129.26666666666668,104.7,167.66666666666666,133.29999999999998,140.73333333333332,173.4
British Columbia,Abbotsford - Mission,2022,4,1480.0,1760.0,147.9333333333333,170.29999999999998,145.76666666666668,129.4333333333333,106.03333333333335,164.83333333333334,135.43333333333334,135.73333333333335,175.4
British Columbia,Abbotsford - Mission,2023,1,1520.0,1810.0,148.96666666666667,174.83333333333334,147.5,128.33333333333334,106.60000000000001,163.16666666666666,137.0666666666667,135.83333333333334,177.76666666666665
British Columbia,Abbotsford - Mission,2023,2,1590.0,1990.0,151.0,176.26666666666665,149.5,128.96666666666667,108.26666666666667,165.73333333333335,140.23333333333332,140.03333333333333,179.5666666666667
British Columbia,Abbotsford - Mission,2023,3,1670.0,2010.0,152.46666666666667,178.0666666666667,151.5,128.16666666666666,105.39999999999999,167.86666666666667,141.06666666666666,145.56666666666666,180.0666666666667
British Columbia,Abbotsford - Mission,2023,4,1750.0,2060.0,152.5,179.33333333333334,155.23333333333335,126.16666666666667,106.39999999999999,164.36666666666667,141.0,139.29999999999998,180.36666666666667
British Columbia,Abbotsford - Mission,2024,1,1720.0,2040.0,153.13333333333333,181.63333333333333,157.23333333333335,127.06666666666666,101.73333333333333,163.66666666666666,141.9,137.29999999999998,182.76666666666665
British Columbia,Abbotsford - Mission,2024,2,1680.0,2090.0,155.20000000000002,181.4333333333333,159.5,126.83333333333333,103.66666666666667,168.26666666666665,144.06666666666666,142.23333333333332,183.9
British Columbia,Abbotsford - Mission,2024,3,1690.0,2130.0,156.13333333333333,183.0,160.73333333333335,128.06666666666666,101.8,167.76666666666668,144.26666666666668,144.46666666666667,185.4
British Columbia,Abbotsford - Mission,2024,4,1640.0,1990.0,156.20000000000002,183.79999999999998,162.96666666666667,126.83333333333333,102.83333333333333,166.5666666666667,143.9,140.4333333333333,184.4
British Columbia,Abbotsford - Mission,2025,1,1650.0,2020.0,157.13333333333333,184.96666666666667,163.6,127.8,102.10000000000001,169.63333333333333,143.96666666666667,140.93333333333334,184.46666666666667
Ontario,Barrie,2020,1,1340.0,1580.0,138.20000000000002,154.73333333333335,149.20000000000002,124.86666666666667,92.33333333333333,142.66666666666666,130.23333333333335,116.7,176.23333333333335
Ontario,Barrie,2020,2,1400.0,1590.0,137.79999999999998,156.36666666666667,148.70000000000002,125.66666666666667,88.60000000000001,140.86666666666667,128.76666666666668,118.09999999999998,176.5666666666667
Ontario,Barrie,2020,3,1400.0,1620.0,138.5666666666667,155.83333333333334,150.06666666666666,125.53333333333335,89.7,142.29999999999998,129.20000000000002,118.43333333333334,176.76666666666665
Ontario,Barrie,2020,4,1440.0,1690.0,138.9,155.16666666666666,152.29999999999998,125.60000000000001,90.5,141.9333333333333,130.03333333333333,117.03333333333335,176.26666666666665
Ontario,Barrie,2021,1,1560.0,1730.0,140.23333333333332,157.26666666666665,152.16666666666666,126.3,88.96666666666665,147.26666666666668,130.53333333333333,117.2,177.63333333333333
Ontario,Barrie,2021,2,1660.0,1770.0,142.5,157.79999999999998,155.73333333333332,126.89999999999999,90.2,150.73333333333332,133.23333333333332,118.66666666666667,178.86666666666667
Ontario,Barrie,2021,3,1550.0,1850.0,144.06666666666666,159.83333333333334,157.66666666666666,128.20000000000002,89.96666666666665,153.1,134.6,119.63333333333333,177.20000000000002
Ontario,Barrie,2021,4,1560.0,1860.0,145.9,162.5,160.6,129.06666666666666,92.23333333333333,155.5,134.83333333333334,118.93333333333334,177.63333333333333
Ontario,Barrie,2022,1,1570.0,2000.0,149.0,168.66666666666666,163.13333333333335,130.83333333333334,91.26666666666667,161.13333333333333,135.96666666666667,121.26666666666667,180.26666666666665
Ontario,Barrie,2022,2,1760.0,2050.0,153.23333333333332,172.73333333333335,167.0,133.86666666666667,92.96666666666665,170.96666666666667,139.23333333333332,123.63333333333333,180.73333333333335
Ontario,Barrie,2022,3,1740.0,2030.0,154.26666666666665,175.79999999999998,168.93333333333334,135.20000000000002,92.16666666666667,167.56666666666666,141.0666666666667,126.13333333333333,181.23333333333335
Ontario,Barrie,2022,4,1750.0,2010.0,155.13333333333333,178.53333333333333,171.4333333333333,135.76666666666668,93.7,165.83333333333334,142.66666666666666,123.46666666666665,182.86666666666667
Ontario,Barrie,2023,1,1710.0,2010.0,156.46666666666667,184.4333333333333,173.23333333333335,135.83333333333334,92.53333333333335,163.86666666666667,144.76666666666668,124.3,187.9333333333333
Ontario,Barrie,2023,2,1750.0,2040.0,158.26666666666668,186.26666666666665,174.66666666666666,136.43333333333334,93.76666666666667,167.6,147.83333333333334,126.56666666666666,189.33333333333334
Ontario,Barrie,2023,3,1740.0,2050.0,159.73333333333332,186.96666666666667,177.0666666666667,135.16666666666666,94.13333333333333,171.66666666666666,148.93333333333334,127.43333333333334,191.1
Ontario,Barrie,2023,4,1920.0,2200.0,160.29999999999998,187.4,180.4333333333333,134.63333333333333,95.53333333333335,168.33333333333334,149.0,127.73333333333335,192.13333333333333
Ontario,Barrie,2024,1,1840.0,2240.0,160.5,189.4,182.5666666666667,133.26666666666665,92.0,168.56666666666666,149.5,125.60000000000001,193.96666666666667
Ontario,Barrie,2024,2,1740.0,2080.0,162.83333333333334,190.73333333333335,184.79999999999998,134.66666666666666,92.63333333333333,173.6,152.29999999999998,127.96666666666668,194.96666666666667
Ontario,Barrie,2024,3,1780.0,2050.0,163.33333333333334,192.53333333333333,186.29999999999998,134.86666666666667,91.63333333333333,172.9,153.43333333333334,127.33333333333333,195.76666666666665
Ontario,Barrie,2024,4,1810.0,2050.0,163.23333333333332,191.76666666666665,188.20000000000002,132.76666666666668,92.16666666666667,172.0666666666667,154.16666666666666,126.66666666666667,194.53333333333333
Ontario,Barrie,2025,1,1800.0,2120.0,164.1,190.73333333333335,189.63333333333333,134.56666666666666,91.93333333333334,173.66666666666666,154.26666666666668,127.83333333333333,191.9
Ontario,Belleville - Quinte West,2020,1,1150.0,1370.0,138.20000000000002,154.73333333333335,149.20000000000002,124.86666666666667,92.33333333333333,142.66666666666666,130.23333333333335,116.7,176.23333333333335
Ontario,Belleville - Quinte West,2020,2,1160.0,1400.0,137.79999999999998,156.36666666666667,148.70000000000002,125.66666666666667,88.60000000000001,140.86666666666667,128.76666666666668,118.09999999999998,176.5666666666667
Ontario,Belleville - Quinte West,2020,3,1140.0,1470.0,138.5666666666667,155.83333333333334,150.06666666666666,125.53333333333335,89.7,142.29999999999998,129.20000000000002,118.43333333333334,176.76666666666665
Ontario,Belleville - Quinte West,2020,4,1170.0,1470.0,138.9,155.16666666666666,152.29999999999998,125.60000000000001,90.5,141.9333333333333,130.03333333333333,117.03333333333335,176.26666666666665
Ontario,Belleville - Quinte West,2021,1,1220.0,1480.0,140.23333333333332,157.26666666666665,152.16666666666666,126.3,88.96666666666665,147.26666666666668,130.53333333333333,117.2,177.63333333333333
Ontario,Belleville - Quinte West,2021,2,1300.0,1590.0,142.5,157.79999999999998,155.73333333333332,126.89999999999999,90.2,150.73333333333332,133.23333333333332,118.66666666666667,178.86666666666667
Ontario,Belleville - Quinte West,2021,3,1250.0,1530.0,144.06666666666666,159.83333333333334,157.66666666666666,128.20000000000002,89.96666666666665,153.1,134.6,119.63333333333333,177.20000000000002
Ontario,Belleville - Quinte West,2021,4,1370.0,1590.0,145.9,162.5,160.6,129.06666666666666,92.23333333333333,155.5,134.83333333333334,118.93333333333334,177.63333333333333
Ontario,Belleville - Quinte West,2022,1,1390.0,1700.0,149.0,168.66666666666666,163.13333333333335,130.83333333333334,91.26666666666667,161.13333333333333,135.96666666666667,121.26666666666667,180.26666666666665
Ontario,Belleville - Quinte West,2022,2,1430.0,1720.0,153.23333333333332,172.73333333333335,167.0,133.86666666666667,92.96666666666665,170.96666666666667,139.23333333333332,123.63333333333333,180.73333333333335
Ontario,Belleville - Quinte West,2022,3,1500.0,1810.0,154.26666666666665,175.79999999999998,168.93333333333334,135.20000000000002,92.16666666666667,167.56666666666666,141.0666666666667,126.13333333333333,181.23333333333335
Ontario,Belleville - Quinte West,2022,4,1450.0,1790.0,155.13333333333333,178.53333333333333,171.4333333333333,135.76666666666668,93.7,165.83333333333334,142.66666666666666,123.46666666666665,182.86666666666667
Ontario,Belleville - Quinte West,2023,1,1550.0,1790.0,156.46666666666667,184.4333333333333,173.23333333333335,135.83333333333334,92.53333333333335,163.86666666666667,144.76666666666668,124.3,187.9333333333333
Ontario,Belleville - Quinte West,2023,2,1500.0,1840.0,158.26666666666668,186.26666666666665,174.66666666666666,136.43333333333334,93.76666666666667,167.6,147.83333333333334,126.56666666666666,189.33333333333334
Ontario,Belleville - Quinte West,2023,3,1500.0,1880.0,159.73333333333332,186.96666666666667,177.0666666666667,135.16666666666666,94.13333333333333,171.66666666666666,148.93333333333334,127.43333333333334,191.1
Ontario,Belleville - Quinte West,2023,4,1510.0,1920.0,160.29999999999998,187.4,180.4333333333333,134.63333333333333,95.53333333333335,168.33333333333334,149.0,127.73333333333335,192.13333333333333
Ontario,Belleville - Quinte West,2024,1,1600.0,1830.0,160.5,189.4,182.5666666666667,133.26666666666665,92.0,168.56666666666666,149.5,125.60000000000001,193.96666666666667
Ontario,Belleville - Quinte West,2024,2,1580.0,1830.0,162.83333333333334,190.73333333333335,184.79999999999998,134.66666666666666,92.63333333333333,173.6,152.29999999999998,127.96666666666668,194.96666666666667
Ontario,Belleville - Quinte West,2024,3,1630.0,1950.0,163.33333333333334,192.53333333333333,186.29999999999998,134.86666666666667,91.63333333333333,172.9,153.43333333333334,127.33333333333333,195.76666666666665
Ontario,Belleville - Quinte West,2024,4,1640.0,1880.0,163.23333333333332,191.76666666666665,188.20000000000002,132.76666666666668,92.16666666666667,172.0666666666667,154.16666666666666,126.66666666666667,194.53333333333333
Ontario,Belleville - Quinte West,2025,1,1560.0,1860.0,164.1,190.73333333333335,189.63333333333333,134.56666666666666,91.93333333333334,173.66666666666666,154.26666666666668,127.83333333333333,191.9
Ontario,Brantford,2020,1,1190.0,1380.0,138.20000000000002,154.73333333333335,149.20000000000002,124.86666666666667,92.33333333333333,142.66666666666666,130.23333333333335,116.7,176.23333333333335
Ontario,Brantford,2020,2,1220.0,1440.0,137.79999999999998,156.36666666666667,148.70000000000002,125.66666666666667,88.60000000000001,140.86666666666667,128.76666666666668,118.09999999999998,176.5666666666667
Ontario,Brantford,2020,3,1210.0,1450.0,138.5666666666667,155.83333333333334,150.06666666666666,125.53333333333335,89.7,142.29999999999998,129.20000000000002,118.43333333333334,176.76666666666665
Ontario,Brantford,2020,4,1250.0,1480.0,138.9,155.16666666666666,152.29999999999998,125.60000000000001,90.5,141.9333333333333,130.03333333333333,117.03333333333335,176.26666666666665
Ontario,Brantford,2021,1,1290.0,1480.0,140.23333333333332,157.26666666666665,152.16666666666666,126.3,88.96666666666665,147.26666666666668,130.53333333333333,117.2,177.63333333333333
Ontario,Brantford,2021,2,1320.0,1510.0,142.5,157.79999999999998,155.73333333333332,126.89999999999999,90.2,150.73333333333332,133.23333333333332,118.66666666666667,178.86666666666667
Ontario,Brantford,2021,3,1400.0,1620.0,144.06666666666666,159.83333333333334,157.66666666666666,128.20000000000002,89.96666666666665,153.1,134.6,119.63333333333333,177.20000000000002
Ontario,Brantford,2021,4,1400.0,1670.0,145.9,162.5,160.6,129.06666666666666,92.23333333333333,155.5,134.83333333333334,118.93333333333334,177.63333333333333
Ontario,Brantford,2022,1,1430.0,1660.0,149.0,168.66666666666666,163.13333333333335,130.83333333333334,91.26666666666667,161.13333333333333,135.96666666666667,121.26666666666667,180.26666666666665
Ontario,Brantford,2022,2,1420.0,1750.0,153.23333333333332,172.73333333333335,167.0,133.86666666666667,92.96666666666665,170.96666666666667,139.23333333333332,123.63333333333333,180.73333333333335
Ontario,Brantford,2022,3,1540.0,1770.0,154.26666666666665,175.79999999999998,168.93333333333334,135.20000000000002,92.16666666666667,167.56666666666666,141.0666666666667,126.13333333333333,181.23333333333335
Ontario,Brantford,2022,4,1530.0,1830.0,155.13333333333333,178.53333333333333,171.4333333333333,135.76666666666668,93.7,165.83333333333334,142.66666666666666,123.46666666666665,182.86666666666667
Ontario,Brantford,2023,1,1570.0,1850.0,156.46666666666667,184.4333333333333,173.23333333333335,135.83333333333334,92.53333333333335,163.86666666666667,144.76666666666668,124.3,187.9333333333333
Ontario,Brantford,2023,2,1570.0,1880.0,158.26666666666668,186.26666666666665,174.66666666666666,136.43333333333334,93.76666666666667,167.6,147.83333333333334,126.56666666666666,189.33333333333334
Ontario,Brantford,2023,3,1610.0,1870.0,159.73333333333332,186.96666666666667,177.0666666666667,135.16666666666666,94.13333333333333,171.66666666666666,148.93333333333334,127.43333333333334,191.1
Ontario,Brantford,2023,4,1640.0,1950.0,160.29999999999998,187.4,180.4333333333333,134.63333333333333,95.53333333333335,168.33333333333334,149.0,127.73333333333335,192.13333333333333
Ontario,Brantford,2024,1,1620.0,1910.0,160.5,189.4,182.5666666666667,133.26666666666665,92.0,168.56666666666666,149.5,125.60000000000001,193.96666666666667
Ontario,Brantford,2024,2,1620.0,1900.0,162.83333333333334,190.73333333333335,184.79999999999998,134.66666666666666,92.63333333333333,173.6,152.29999999999998,127.96666666666668,194.96666666666667
Ontario,Brantford,2024,3,1680.0,1910.0,163.33333333333334,192.53333333333333,186.29999999999998,134.86666666666667,91.63333333333333,172.9,153.43333333333334,127.33333333333333,195.76666666666665
Ontario,Brantford,2024,4,1690.0,1910.0,163.23333333333332,191.76666666666665,188.20000000000002,132.76666666666668,92.16666666666667,172.0666666666667,154.16666666666666,126.66666666666667,194.53333333333333
Ontario,Brantford,2025,1,1650.0,1880.0,164.1,190.73333333333335,189.63333333333333,134.56666666666666,91.93333333333334,173.66666666666666,154.26666666666668,127.83333333333333,191.9
Alberta,Calgary,2020,1,1180.0,1410.0,144.76666666666665,153.20000000000002,174.46666666666667,122.56666666666666,102.0,146.13333333333333,139.76666666666665,114.63333333333333,171.46666666666667
Alberta,Calgary,2020,2,1190.0,1400.0,144.03333333333333,153.70000000000002,173.73333333333335,122.63333333333333,96.66666666666667,144.70000000000002,139.5,114.66666666666667,173.4
Alberta,Calgary,2020,3,1190.0,1400.0,144.70000000000002,152.79999999999998,174.66666666666666,122.66666666666667,96.93333333333334,147.23333333333332,140.23333333333335,115.46666666666665,172.26666666666665
Alberta,Calgary,2020,4,1170.0,1380.0,145.13333333333333,152.96666666666667,175.5333333333333,122.16666666666667,97.53333333333335,148.53333333333333,140.23333333333335,115.56666666666668,171.13333333333333
Alberta,Calgary,2021,1,1180.0,1420.0,146.36666666666667,155.0,176.86666666666667,121.33333333333333,93.76666666666667,153.5,140.66666666666666,115.8,170.66666666666666
Alberta,Calgary,2021,2,1200.0,1440.0,148.4,156.76666666666668,178.0,121.7,96.03333333333335,158.79999999999998,141.03333333333333,116.73333333333335,173.26666666666665
Alberta,Calgary,2021,3,1210.0,1450.0,150.70000000000002,157.9,182.4,122.39999999999999,95.53333333333335,163.23333333333335,141.33333333333334,119.26666666666667,173.79999999999998
Alberta,Calgary,2021,4,1220.0,1460.0,151.6,159.70000000000002,183.4,122.06666666666666,96.60000000000001,166.03333333333333,141.4,118.83333333333333,172.83333333333334
Alberta,Calgary,2022,1,1250.0,1500.0,154.6,164.66666666666666,187.26666666666665,123.03333333333335,95.56666666666666,171.0666666666667,141.33333333333334,121.5,174.9333333333333
Alberta,Calgary,2022,2,1290.0,1560.0,159.20000000000002,168.53333333333333,192.0333333333333,126.96666666666665,99.03333333333335,180.23333333333335,143.36666666666667,123.76666666666667,178.20000000000002
Alberta,Calgary,2022,3,1370.0,1700.0,160.5,172.4,192.9,128.26666666666668,98.10000000000001,180.46666666666667,145.46666666666667,125.2,179.0
Alberta,Calgary,2022,4,1440.0,1760.0,161.4,176.13333333333333,196.1,128.76666666666668,99.5,177.36666666666667,147.9,122.73333333333333,181.29999999999998
Alberta,Calgary,2023,1,1500.0,1790.0,160.76666666666665,180.33333333333334,194.16666666666666,128.29999999999998,98.0,171.20000000000002,150.76666666666665,122.83333333333333,182.96666666666667
Alberta,Calgary,2023,2,1520.0,1840.0,164.06666666666666,182.20000000000002,201.79999999999998,127.73333333333333,99.16666666666667,177.4,153.13333333333333,124.53333333333335,185.5
Alberta,Calgary,2023,3,1660.0,2010.0,166.26666666666668,183.46666666666667,210.80000000000004,125.86666666666667,97.66666666666667,179.73333333333335,154.53333333333333,124.89999999999999,187.6
Alberta,Calgary,2023,4,1770.0,2130.0,165.46666666666667,184.6,212.13333333333333,123.89999999999999,97.86666666666667,175.4333333333333,155.03333333333333,123.03333333333335,188.29999999999998
Alberta,Calgary,2024,1,1740.0,2090.0,166.66666666666666,187.4333333333333,215.46666666666667,125.13333333333333,94.10000000000001,176.1,156.20000000000002,121.76666666666665,191.4
Alberta,Calgary,2024,2,1760.0,2150.0,169.03333333333333,187.9666666666667,217.76666666666665,124.43333333333334,96.13333333333333,183.16666666666666,158.4,124.60000000000001,194.29999999999998
Alberta,Calgary,2024,3,1720.0,2050.0,169.9333333333333,189.70000000000002,219.83333333333334,125.0,95.23333333333333,183.5666666666667,158.53333333333333,125.13333333333333,194.5
Alberta,Calgary,2024,4,1630.0,1950.0,170.0,189.86666666666667,223.33333333333334,124.3,95.26666666666667,180.5666666666667,157.79999999999998,124.66666666666667,195.79999999999998
Alberta,Calgary,2025,1,1630.0,1920.0,171.16666666666666,190.9333333333333,224.4333333333333,125.83333333333333,95.10000000000001,182.73333333333335,158.66666666666666,125.2,196.03333333333333
British Columbia,Chilliwack,2020,1,1000.0,1290.0,132.43333333333334,148.96666666666667,126.73333333333333,120.0,110.56666666666666,144.33333333333334,123.06666666666666,125.60000000000001,160.33333333333334
British Columbia,Chilliwack,2020,2,1090.0,1270.0,131.76666666666665,149.6,126.36666666666667,120.93333333333334,103.8,141.56666666666666,124.33333333333333,125.60000000000001,160.79999999999998
British Columbia,Chilliwack,2020,3,1090.0,1310.0,132.5,149.66666666666666,126.66666666666667,121.5,104.3,143.33333333333334,125.63333333333333,126.96666666666665,160.13333333333333
British Columbia,Chilliwack,2020,4,1130.0,1430.0,133.0,149.93333333333334,128.96666666666667,121.2,106.26666666666667,142.5,126.36666666666667,125.7,158.1
British Columbia,Chilliwack,2021,1,1160.0,1650.0,134.20000000000002,150.9333333333333,129.66666666666666,121.03333333333335,103.93333333333334,147.9,125.89999999999999,126.3,158.86666666666667
British Columbia,Chilliwack,2021,2,1210.0,1590.0,135.36666666666667,151.93333333333334,131.79999999999998,121.3,106.96666666666665,147.0666666666667,128.13333333333333,127.73333333333333,159.9
British Columbia,Chilliwack,2021,3,1220.0,1680.0,136.96666666666667,153.4333333333333,133.5,121.73333333333333,106.10000000000001,149.20000000000002,129.1,131.83333333333334,161.5
British Columbia,Chilliwack,2021,4,1250.0,1610.0,138.0,155.93333333333334,135.76666666666665,121.63333333333333,105.53333333333335,149.4,129.9333333333333,130.6,162.36666666666667
British Columbia,Chilliwack,2022,1,1340.0,1550.0,140.93333333333334,160.03333333333333,138.9333333333333,123.23333333333333,104.86666666666667,155.33333333333334,129.29999999999998,132.70000000000002,165.53333333333333
British Columbia,Chilliwack,2022,2,1400.0,1720.0,145.6,163.53333333333333,142.5,127.90000000000002,107.56666666666666,166.1,132.16666666666666,137.06666666666666,168.13333333333333
British Columbia,Chilliwack,2022,3,1390.0,1710.0,147.46666666666667,167.6,143.83333333333334,129.26666666666668,104.7,167.66666666666666,133.29999999999998,140.73333333333332,173.4
British Columbia,Chilliwack,2022,4,1430.0,1680.0,147.9333333333333,170.29999999999998,145.76666666666668,129.4333333333333,106.03333333333335,164.83333333333334,135.43333333333334,135.73333333333335,175.4
British Columbia,Chilliwack,2023,1,1460.0,1660.0,148.96666666666667,174.83333333333334,147.5,128.33333333333334,106.60000000000001,163.16666666666666,137.0666666666667,135.83333333333334,177.76666666666665
British Columbia,Chilliwack,2023,2,1490.0,1800.0,151.0,176.26666666666665,149.5,128.96666666666667,108.26666666666667,165.73333333333335,140.23333333333332,140.03333333333333,179.5666666666667
British Columbia,Chilliwack,2023,3,1520.0,1820.0,152.46666666666667,178.0666666666667,151.5,128.16666666666666,105.39999999999999,167.86666666666667,141.06666666666666,145.56666666666666,180.0666666666667
British Columbia,Chilliwack,2023,4,1520.0,1820.0,152.5,179.33333333333334,155.23333333333335,126.16666666666667,106.39999999999999,164.36666666666667,141.0,139.29999999999998,180.36666666666667
British Columbia,Chilliwack,2024,1,1460.0,1840.0,153.13333333333333,181.63333333333333,157.23333333333335,127.06666666666666,101.73333333333333,163.66666666666666,141.9,137.29999999999998,182.76666666666665
British Columbia,Chilliwack,2024,2,1470.0,1820.0,155.20000000000002,181.4333333333333,159.5,126.83333333333333,103.66666666666667,168.26666666666665,144.06666666666666,142.23333333333332,183.9
British Columbia,Chilliwack,2024,3,1480.0,1790.0,156.13333333333333,183.0,160.73333333333335,128.06666666666666,101.8,167.76666666666668,144.26666666666668,144.46666666666667,185.4
British Columbia,Chilliwack,2024,4,1450.0,1830.0,156.20000000000002,183.79999999999998,162.96666666666667,126.83333333333333,102.83333333333333,166.5666666666667,143.9,140.4333333333333,184.4
British Columbia,Chilliwack,2025,1,1490.0,1710.0,157.13333333333333,184.96666666666667,163.6,127.8,102.10000000000001,169.63333333333333,143.96666666666667,140.93333333333334,184.46666666666667
Quebec,Drummondville,2020,1,,650.0,132.76666666666665,152.26666666666665,137.6,123.46666666666665,95.43333333333334,140.03333333333333,127.33333333333333,103.26666666666667,159.73333333333332
Quebec,Drummondville,2020,2,,670.0,132.13333333333333,154.20000000000002,137.1,123.7,89.60000000000001,137.26666666666665,127.63333333333333,103.5,160.36666666666667
Quebec,Drummondville,2020,3,,670.0,132.79999999999998,153.26666666666668,137.5,124.26666666666667,90.33333333333333,139.26666666666668,129.16666666666666,104.46666666666665,161.03333333333333
Quebec,Drummondville,2020,4,,710.0,133.33333333333334,153.20000000000002,138.33333333333334,124.39999999999999,92.53333333333335,139.36666666666667,131.0,104.46666666666665,162.63333333333333
Quebec,Drummondville,2021,1,,750.0,135.0,154.9,139.1,124.53333333333335,91.3,145.0,131.0666666666667,105.43333333333334,164.33333333333334
Quebec,Drummondville,2021,2,,760.0,137.06666666666666,155.66666666666666,141.4,126.2,93.23333333333333,148.73333333333332,133.26666666666665,106.83333333333333,166.53333333333333
Quebec,Drummondville,2021,3,,790.0,138.79999999999998,157.46666666666667,143.5,127.66666666666667,91.36666666666667,152.03333333333333,134.0,108.13333333333333,169.06666666666666
Quebec,Drummondville,2021,4,,810.0,140.29999999999998,160.26666666666668,144.5666666666667,128.79999999999998,93.89999999999999,154.6,134.13333333333333,108.0,169.96666666666667
Quebec,Drummondville,2022,1,,860.0,142.73333333333332,165.13333333333333,146.29999999999998,129.86666666666667,90.8,159.66666666666666,135.53333333333333,110.36666666666667,172.73333333333335
Quebec,Drummondville,2022,2,,910.0,147.26666666666665,170.26666666666665,150.63333333333333,131.93333333333334,93.0,170.73333333333335,138.4333333333333,112.66666666666667,173.46666666666667
Quebec,Drummondville,2022,3,,980.0,148.5,173.16666666666666,151.96666666666667,133.53333333333333,91.89999999999999,169.53333333333333,140.46666666666667,114.83333333333333,175.83333333333334
Quebec,Drummondville,2022,4,,980.0,149.4333333333333,177.73333333333335,154.36666666666667,132.86666666666667,94.40000000000002,166.26666666666665,142.66666666666666,113.46666666666665,177.79999999999998
Quebec,Drummondville,2023,1,,970.0,150.6,182.4333333333333,155.93333333333334,133.53333333333333,91.86666666666667,165.4333333333333,143.53333333333333,113.60000000000001,182.1
Quebec,Drummondville,2023,2,,1040.0,153.36666666666667,186.1,158.33333333333334,134.36666666666667,95.16666666666667,168.33333333333334,146.6,117.46666666666665,185.76666666666665
Quebec,Drummondville,2023,3,,1070.0,155.0666666666667,187.16666666666666,161.63333333333333,133.63333333333333,92.89999999999999,172.73333333333335,147.46666666666667,119.10000000000001,187.5666666666667
Quebec,Drummondville,2023,4,,990.0,155.29999999999998,187.5666666666667,165.0666666666667,132.66666666666666,93.60000000000001,170.20000000000002,147.53333333333333,117.53333333333335,188.1
Quebec,Drummondville,2024,1,,1100.0,155.66666666666666,188.83333333333334,167.13333333333333,133.0,88.39999999999999,170.20000000000002,148.96666666666667,116.36666666666667,189.96666666666667
Quebec,Drummondville,2024,2,,1060.0,157.56666666666666,189.33333333333334,169.4,133.20000000000002,91.36666666666667,173.53333333333333,151.43333333333334,118.43333333333334,192.26666666666665
Quebec,Drummondville,2024,3,,1040.0,157.66666666666666,190.29999999999998,171.6,132.9,87.36666666666667,171.53333333333333,152.0,118.96666666666665,194.03333333333333
Quebec,Drummondville,2024,4,,1150.0,157.73333333333335,189.70000000000002,173.76666666666665,132.16666666666666,90.06666666666666,169.43333333333334,152.6,117.46666666666665,193.0
Quebec,Drummondville,2025,1,,1200.0,158.63333333333333,191.69999999999996,175.5,132.46666666666667,88.0,170.79999999999998,152.23333333333332,118.36666666666667,194.13333333333333
Alberta,Edmonton,2020,1,1050.0,1290.0,144.76666666666665,153.20000000000002,174.46666666666667,122.56666666666666,102.0,146.13333333333333,139.76666666666665,114.63333333333333,171.46666666666667
Alberta,Edmonton,2020,2,1050.0,1310.0,144.03333333333333,153.70000000000002,173.73333333333335,122.63333333333333,96.66666666666667,144.70000000000002,139.5,114.66666666666667,173.4
Alberta,Edmonton,2020,3,1070.0,1330.0,144.70000000000002,152.79999999999998,174.66666666666666,122.66666666666667,96.93333333333334,147.23333333333332,140.23333333333335,115.46666666666665,172.26666666666665
Alberta,Edmonton,2020,4,1040.0,1300.0,145.13333333333333,152.96666666666667,175.5333333333333,122.16666666666667,97.53333333333335,148.53333333333333,140.23333333333335,115.56666666666668,171.13333333333333
Alberta,Edmonton,2021,1,1050.0,1320.0,146.36666666666667,155.0,176.86666666666667,121.33333333333333,93.76666666666667,153.5,140.66666666666666,115.8,170.66666666666666
Alberta,Edmonton,2021,2,1060.0,1330.0,148.4,156.76666666666668,178.0,121.7,96.03333333333335,158.79999999999998,141.03333333333333,116.73333333333335,173.26666666666665
Alberta,Edmonton,2021,3,1060.0,1320.0,150.70000000000002,157.9,182.4,122.39999999999999,95.53333333333335,163.23333333333335,141.33333333333334,119.26666666666667,173.79999999999998
Alberta,Edmonton,2021,4,1040.0,1310.0,151.6,159.70000000000002,183.4,122.06666666666666,96.60000000000001,166.03333333333333,141.4,118.83333333333333,172.83333333333334
Alberta,Edmonton,2022,1,1050.0,1310.0,154.6,164.66666666666666,187.26666666666665,123.03333333333335,95.56666666666666,171.0666666666667,141.33333333333334,121.5,174.9333333333333
Alberta,Edmonton,2022,2,1060.0,1330.0,159.20000000000002,168.53333333333333,192.0333333333333,126.96666666666665,99.03333333333335,180.23333333333335,143.36666666666667,123.76666666666667,178.20000000000002
Alberta,Edmonton,2022,3,1080.0,1380.0,160.5,172.4,192.9,128.26666666666668,98.10000000000001,180.46666666666667,145.46666666666667,125.2,179.0
Alberta,Edmonton,2022,4,1100.0,1400.0,161.4,176.13333333333333,196.1,128.76666666666668,99.5,177.36666666666667,147.9,122.73333333333333,181.29999999999998
Alberta,Edmonton,2023,1,1110.0,1400.0,160.76666666666665,180.33333333333334,194.16666666666666,128.29999999999998,98.0,171.20000000000002,150.76666666666665,122.83333333333333,182.96666666666667
Alberta,Edmonton,2023,2,1140.0,1450.0,164.06666666666666,182.20000000000002,201.79999999999998,127.73333333333333,99.16666666666667,177.4,153.13333333333333,124.53333333333335,185.5
Alberta,Edmonton,2023,3,1170.0,1510.0,166.26666666666668,183.46666666666667,210.80000000000004,125.86666666666667,97.66666666666667,179.73333333333335,154.53333333333333,124.89999999999999,187.6
Alberta,Edmonton,2023,4,1240.0,1550.0,165.46666666666667,184.6,212.13333333333333,123.89999999999999,97.86666666666667,175.4333333333333,155.03333333333333,123.03333333333335,188.29999999999998
Alberta,Edmonton,2024,1,1270.0,1610.0,166.66666666666666,187.4333333333333,215.46666666666667,125.13333333333333,94.10000000000001,176.1,156.20000000000002,121.76666666666665,191.4
Alberta,Edmonton,2024,2,1290.0,1620.0,169.03333333333333,187.9666666666667,217.76666666666665,124.43333333333334,96.13333333333333,183.16666666666666,158.4,124.60000000000001,194.29999999999998
Alberta,Edmonton,2024,3,1320.0,1620.0,169.9333333333333,189.70000000000002,219.83333333333334,125.0,95.23333333333333,183.5666666666667,158.53333333333333,125.13333333333333,194.5
Alberta,Edmonton,2024,4,1280.0,1590.0,170.0,189.86666666666667,223.33333333333334,124.3,95.26666666666667,180.5666666666667,157.79999999999998,124.66666666666667,195.79999999999998
Alberta,Edmonton,2025,1,1280.0,1590.0,171.16666666666666,190.9333333333333,224.4333333333333,125.83333333333333,95.10000000000001,182.73333333333335,158.66666666666666,125.2,196.03333333333333
New Brunswick,Fredericton,2020,1,930.0,1010.0,137.16666666666666,158.66666666666666,142.5,124.46666666666665,101.26666666666665,135.83333333333334,119.96666666666665,122.56666666666666,206.63333333333333
New Brunswick,Fredericton,2020,2,860.0,1060.0,135.6,160.66666666666666,141.4333333333333,125.60000000000001,94.23333333333333,130.43333333333334,120.39999999999999,121.56666666666666,207.6
New Brunswick,Fredericton,2020,3,910.0,1070.0,136.66666666666666,159.53333333333333,142.1,126.03333333333335,97.8,133.23333333333332,120.39999999999999,122.3,208.0
New Brunswick,Fredericton,2020,4,940.0,1090.0,136.9,159.70000000000002,142.4333333333333,125.36666666666667,98.89999999999999,134.16666666666666,121.03333333333335,121.7,207.0666666666667
New Brunswick,Fredericton,2021,1,960.0,1140.0,138.7,161.79999999999998,143.66666666666666,124.2,97.23333333333333,140.73333333333332,120.96666666666665,121.76666666666667,206.5
New Brunswick,Fredericton,2021,2,970.0,1170.0,141.0666666666667,163.43333333333334,146.86666666666667,124.56666666666666,98.33333333333333,145.43333333333334,122.0,122.5,209.5
New Brunswick,Fredericton,2021,3,970.0,1190.0,142.93333333333334,166.4,148.1,125.03333333333335,98.83333333333333,149.79999999999998,122.56666666666666,123.7,210.70000000000002
New Brunswick,Fredericton,2021,4,1020.0,1290.0,144.46666666666667,168.70000000000002,149.6,125.56666666666666,98.46666666666665,152.43333333333334,123.60000000000001,125.39999999999999,211.0666666666667
New Brunswick,Fredericton,2022,1,1070.0,1280.0,147.33333333333334,173.66666666666666,152.23333333333332,126.56666666666666,98.83333333333333,158.23333333333332,123.3,128.1,211.6
New Brunswick,Fredericton,2022,2,1110.0,1360.0,153.03333333333333,178.96666666666667,157.46666666666667,129.6,101.8,171.9333333333333,126.96666666666665,129.5,214.4333333333333
New Brunswick,Fredericton,2022,3,1120.0,1350.0,153.53333333333333,183.0666666666667,157.86666666666667,128.76666666666668,102.43333333333334,169.73333333333335,129.16666666666666,130.73333333333332,215.4
New Brunswick,Fredericton,2022,4,1130.0,1430.0,154.5666666666667,185.53333333333333,162.66666666666666,129.6,103.7,166.5666666666667,130.96666666666667,128.43333333333334,216.76666666666665
New Brunswick,Fredericton,2023,1,1160.0,1440.0,155.43333333333334,190.36666666666665,162.36666666666667,129.9,104.03333333333335,165.4333333333333,134.29999999999998,129.6,217.83333333333334
New Brunswick,Fredericton,2023,2,1110.0,1490.0,157.43333333333334,194.9333333333333,163.0666666666667,130.70000000000002,104.66666666666667,168.13333333333333,136.63333333333333,131.73333333333332,222.96666666666667
New Brunswick,Fredericton,2023,3,1180.0,1490.0,158.83333333333334,196.66666666666666,165.53333333333333,127.60000000000001,104.36666666666667,173.46666666666667,137.5,132.1,225.26666666666665
New Brunswick,Fredericton,2023,4,1240.0,1550.0,158.36666666666667,197.0666666666667,168.0,127.36666666666667,104.16666666666667,168.16666666666666,137.33333333333334,130.70000000000002,226.5
New Brunswick,Fredericton,2024,1,1330.0,1560.0,159.0666666666667,199.4333333333333,169.0,128.5,101.73333333333335,167.6,138.93333333333334,131.13333333333333,227.23333333333335
New Brunswick,Fredericton,2024,2,1260.0,1570.0,161.96666666666667,201.33333333333334,174.0666666666667,128.79999999999998,102.93333333333334,172.63333333333333,141.5,132.29999999999998,230.36666666666667
New Brunswick,Fredericton,2024,3,1280.0,1580.0,161.79999999999998,203.03333333333333,174.79999999999998,129.6,98.83333333333333,170.1,141.1,132.4,232.03333333333333
New Brunswick,Fredericton,2024,4,1390.0,1610.0,161.16666666666666,201.5,176.76666666666665,128.53333333333333,97.5,168.29999999999998,141.86666666666665,130.79999999999998,230.03333333333333
New Brunswick,Fredericton,2025,1,1320.0,1570.0,161.5666666666667,201.26666666666665,175.66666666666666,129.6,97.66666666666667,170.20000000000002,142.46666666666667,133.06666666666666,225.5333333333333
Ontario,Greater Sudbury,2020,1,940.0,1210.0,138.20000000000002,154.73333333333335,149.20000000000002,124.86666666666667,92.33333333333333,142.66666666666666,130.23333333333335,116.7,176.23333333333335
Ontario,Greater Sudbury,2020,2,970.0,1270.0,137.79999999999998,156.36666666666667,148.70000000000002,125.66666666666667,88.60000000000001,140.86666666666667,128.76666666666668,118.09999999999998,176.5666666666667
Ontario,Greater Sudbury,2020,3,990.0,1340.0,138.5666666666667,155.83333333333334,150.06666666666666,125.53333333333335,89.7,142.29999999999998,129.20000000000002,118.43333333333334,176.76666666666665
Ontario,Greater Sudbury,2020,4,1060.0,1370.0,138.9,155.16666666666666,152.29999999999998,125.60000000000001,90.5,141.9333333333333,130.03333333333333,117.03333333333335,176.26666666666665
Ontario,Greater Sudbury,2021,1,1050.0,1370.0,140.23333333333332,157.26666666666665,152.16666666666666,126.3,88.96666666666665,147.26666666666668,130.53333333333333,117.2,177.63333333333333
Ontario,Greater Sudbury,2021,2,1070.0,1410.0,142.5,157.79999999999998,155.73333333333332,126.89999999999999,90.2,150.73333333333332,133.23333333333332,118.66666666666667,178.86666666666667
Ontario,Greater Sudbury,2021,3,1150.0,1470.0,144.06666666666666,159.83333333333334,157.66666666666666,128.20000000000002,89.96666666666665,153.1,134.6,119.63333333333333,177.20000000000002
Ontario,Greater Sudbury,2021,4,1190.0,1490.0,145.9,162.5,160.6,129.06666666666666,92.23333333333333,155.5,134.83333333333334,118.93333333333334,177.63333333333333
Ontario,Greater Sudbury,2022,1,1190.0,1480.0,149.0,168.66666666666666,163.13333333333335,130.83333333333334,91.26666666666667,161.13333333333333,135.96666666666667,121.26666666666667,180.26666666666665
Ontario,Greater Sudbury,2022,2,1190.0,1580.0,153.23333333333332,172.73333333333335,167.0,133.86666666666667,92.96666666666665,170.96666666666667,139.23333333333332,123.63333333333333,180.73333333333335
Ontario,Greater Sudbury,2022,3,1220.0,1590.0,154.26666666666665,175.79999999999998,168.93333333333334,135.20000000000002,92.16666666666667,167.56666666666666,141.0666666666667,126.13333333333333,181.23333333333335
Ontario,Greater Sudbury,2022,4,1270.0,1580.0,155.13333333333333,178.53333333333333,171.4333333333333,135.76666666666668,93.7,165.83333333333334,142.66666666666666,123.46666666666665,182.86666666666667
Ontario,Greater Sudbury,2023,1,1300.0,1620.0,156.46666666666667,184.4333333333333,173.23333333333335,135.83333333333334,92.53333333333335,163.86666666666667,144.76666666666668,124.3,187.9333333333333
Ontario,Greater Sudbury,2023,2,1280.0,1720.0,158.26666666666668,186.26666666666665,174.66666666666666,136.43333333333334,93.76666666666667,167.6,147.83333333333334,126.56666666666666,189.33333333333334
Ontario,Greater Sudbury,2023,3,1370.0,1720.0,159.73333333333332,186.96666666666667,177.0666666666667,135.16666666666666,94.13333333333333,171.66666666666666,148.93333333333334,127.43333333333334,191.1
Ontario,Greater Sudbury,2023,4,1390.0,1730.0,160.29999999999998,187.4,180.4333333333333,134.63333333333333,95.53333333333335,168.33333333333334,149.0,127.73333333333335,192.13333333333333
Ontario,Greater Sudbury,2024,1,1410.0,1810.0,160.5,189.4,182.5666666666667,133.26666666666665,92.0,168.56666666666666,149.5,125.60000000000001,193.96666666666667
Ontario,Greater Sudbury,2024,2,1380.0,1800.0,162.83333333333334,190.73333333333335,184.79999999999998,134.66666666666666,92.63333333333333,173.6,152.29999999999998,127.96666666666668,194.96666666666667
Ontario,Greater Sudbury,2024,3,1460.0,1820.0,163.33333333333334,192.53333333333333,186.29999999999998,134.86666666666667,91.63333333333333,172.9,153.43333333333334,127.33333333333333,195.76666666666665
Ontario,Greater Sudbury,2024,4,1530.0,1850.0,163.23333333333332,191.76666666666665,188.20000000000002,132.76666666666668,92.16666666666667,172.0666666666667,154.16666666666666,126.66666666666667,194.53333333333333
Ontario,Greater Sudbury,2025,1,1540.0,1830.0,164.1,190.73333333333335,189.63333333333333,134.56666666666666,91.93333333333334,173.66666666666666,154.26666666666668,127.83333333333333,191.9
Ontario,Guelph,2020,1,1380.0,1580.0,138.20000000000002,154.73333333333335,149.20000000000002,124.86666666666667,92.33333333333333,142.66666666666666,130.23333333333335,116.7,176.23333333333335
Ontario,Guelph,2020,2,1370.0,1630.0,137.79999999999998,156.36666666666667,148.70000000000002,125.66666666666667,88.60000000000001,140.86666666666667,128.76666666666668,118.09999999999998,176.5666666666667
Ontario,Guelph,2020,3,1390.0,1640.0,138.5666666666667,155.83333333333334,150.06666666666666,125.53333333333335,89.7,142.29999999999998,129.20000000000002,118.43333333333334,176.76666666666665
Ontario,Guelph,2020,4,1420.0,1630.0,138.9,155.16666666666666,152.29999999999998,125.60000000000001,90.5,141.9333333333333,130.03333333333333,117.03333333333335,176.26666666666665
Ontario,Guelph,2021,1,1420.0,1680.0,140.23333333333332,157.26666666666665,152.16666666666666,126.3,88.96666666666665,147.26666666666668,130.53333333333333,117.2,177.63333333333333
Ontario,Guelph,2021,2,1490.0,1730.0,142.5,157.79999999999998,155.73333333333332,126.89999999999999,90.2,150.73333333333332,133.23333333333332,118.66666666666667,178.86666666666667
Ontario,Guelph,2021,3,1540.0,1840.0,144.06666666666666,159.83333333333334,157.66666666666666,128.20000000000002,89.96666666666665,153.1,134.6,119.63333333333333,177.20000000000002
Ontario,Guelph,2021,4,1610.0,1870.0,145.9,162.5,160.6,129.06666666666666,92.23333333333333,155.5,134.83333333333334,118.93333333333334,177.63333333333333
Ontario,Guelph,2022,1,1600.0,1900.0,149.0,168.66666666666666,163.13333333333335,130.83333333333334,91.26666666666667,161.13333333333333,135.96666666666667,121.26666666666667,180.26666666666665
Ontario,Guelph,2022,2,1650.0,1970.0,153.23333333333332,172.73333333333335,167.0,133.86666666666667,92.96666666666665,170.96666666666667,139.23333333333332,123.63333333333333,180.73333333333335
Ontario,Guelph,2022,3,1730.0,2050.0,154.26666666666665,175.79999999999998,168.93333333333334,135.20000000000002,92.16666666666667,167.56666666666666,141.0666666666667,126.13333333333333,181.23333333333335
Ontario,Guelph,2022,4,1840.0,2130.0,155.13333333333333,178.53333333333333,171.4333333333333,135.76666666666668,93.7,165.83333333333334,142.66666666666666,123.46666666666665,182.86666666666667
Ontario,Guelph,2023,1,1940.0,2110.0,156.46666666666667,184.4333333333333,173.23333333333335,135.83333333333334,92.53333333333335,163.86666666666667,144.76666666666668,124.3,187.9333333333333
Ontario,Guelph,2023,2,1960.0,2130.0,158.26666666666668,186.26666666666665,174.66666666666666,136.43333333333334,93.76666666666667,167.6,147.83333333333334,126.56666666666666,189.33333333333334
Ontario,Guelph,2023,3,1990.0,2220.0,159.73333333333332,186.96666666666667,177.0666666666667,135.16666666666666,94.13333333333333,171.66666666666666,148.93333333333334,127.43333333333334,191.1
Ontario,Guelph,2023,4,2040.0,2300.0,160.29999999999998,187.4,180.4333333333333,134.63333333333333,95.53333333333335,168.33333333333334,149.0,127.73333333333335,192.13333333333333
Ontario,Guelph,2024,1,2020.0,2320.0,160.5,189.4,182.5666666666667,133.26666666666665,92.0,168.56666666666666,149.5,125.60000000000001,193.96666666666667
Ontario,Guelph,2024,2,2040.0,2290.0,162.83333333333334,190.73333333333335,184.79999999999998,134.66666666666666,92.63333333333333,173.6,152.29999999999998,127.96666666666668,194.96666666666667
Ontario,Guelph,2024,3,2010.0,2250.0,163.33333333333334,192.53333333333333,186.29999999999998,134.86666666666667,91.63333333333333,172.9,153.43333333333334,127.33333333333333,195.76666666666665
Ontario,Guelph,2024,4,2000.0,2270.0,163.23333333333332,191.76666666666665,188.20000000000002,132.76666666666668,92.16666666666667,172.0666666666667,154.16666666666666,126.66666666666667,194.53333333333333
Ontario,Guelph,2025,1,1910.0,2270.0,164.1,190.73333333333335,189.63333333333333,134.56666666666666,91.93333333333334,173.66666666666666,154.26666666666668,127.83333333333333,191.9
Nova Scotia,Halifax,2020,1,1230.0,1470.0,138.53333333333333,156.5,152.0,121.26666666666667,101.60000000000001,134.33333333333334,124.0,120.66666666666667,205.33333333333334
Nova Scotia,Halifax,2020,2,1230.0,1530.0,136.9,158.23333333333335,148.29999999999998,122.10000000000001,95.73333333333333,130.23333333333332,124.7,120.56666666666666,208.4333333333333
Nova Scotia,Halifax,2020,3,1280.0,1600.0,137.6,157.29999999999998,148.5,121.93333333333334,98.33333333333333,133.5666666666667,125.56666666666666,120.13333333333333,204.66666666666666
Nova Scotia,Halifax,2020,4,1250.0,1590.0,138.6,156.73333333333332,151.03333333333333,122.53333333333335,100.03333333333335,133.9333333333333,126.39999999999999,121.36666666666667,204.79999999999998
Nova Scotia,Halifax,2021,1,1280.0,1630.0,140.96666666666667,158.36666666666667,154.26666666666668,122.46666666666665,96.43333333333332,141.1,125.7,122.63333333333333,206.5666666666667
Nova Scotia,Halifax,2021,2,1320.0,1680.0,142.86666666666667,159.6,156.23333333333335,122.23333333333333,97.89999999999999,145.4,127.13333333333333,122.93333333333334,210.86666666666667
Nova Scotia,Halifax,2021,3,1330.0,1720.0,144.4333333333333,162.06666666666666,157.76666666666665,122.5,97.06666666666666,149.26666666666668,128.70000000000002,123.36666666666667,212.20000000000002
Nova Scotia,Halifax,2021,4,1360.0,1830.0,145.76666666666668,164.03333333333333,160.5,122.46666666666665,98.33333333333333,150.53333333333333,129.13333333333333,123.3,213.16666666666666
Nova Scotia,Halifax,2022,1,1430.0,1810.0,149.13333333333333,169.46666666666667,163.76666666666668,124.23333333333333,97.63333333333333,158.1,129.66666666666666,125.76666666666667,212.79999999999998
Nova Scotia,Halifax,2022,2,1450.0,1920.0,154.86666666666667,174.23333333333335,170.83333333333334,127.5,99.06666666666666,170.66666666666666,131.20000000000002,127.8,218.83333333333334
Nova Scotia,Halifax,2022,3,1520.0,1990.0,155.86666666666665,178.16666666666666,171.33333333333334,128.46666666666667,100.33333333333333,167.63333333333333,133.73333333333332,131.4,219.0
Nova Scotia,Halifax,2022,4,1650.0,2050.0,157.33333333333334,181.1,176.66666666666666,129.13333333333333,101.13333333333333,165.46666666666667,135.26666666666665,128.73333333333332,224.53333333333333
Nova Scotia,Halifax,2023,1,1700.0,2120.0,158.03333333333333,186.03333333333333,176.5,129.63333333333333,102.43333333333334,163.26666666666668,137.46666666666667,128.93333333333334,225.96666666666667
Nova Scotia,Halifax,2023,2,1790.0,2260.0,159.16666666666666,189.33333333333334,176.1,127.8,101.56666666666666,164.63333333333333,142.4333333333333,132.23333333333332,230.70000000000002
Nova Scotia,Halifax,2023,3,1780.0,2300.0,162.6,190.96666666666667,180.96666666666667,127.26666666666667,101.73333333333333,173.23333333333335,143.43333333333334,137.43333333333334,230.9
Nova Scotia,Halifax,2023,4,1800.0,2350.0,162.26666666666665,191.9333333333333,185.9,125.39999999999999,102.60000000000001,167.66666666666666,142.96666666666667,133.93333333333334,232.66666666666666
Nova Scotia,Halifax,2024,1,1840.0,2380.0,162.83333333333334,193.9333333333333,187.26666666666665,127.7,96.83333333333333,167.46666666666667,143.86666666666667,132.70000000000002,233.4333333333333
Nova Scotia,Halifax,2024,2,1840.0,2440.0,164.66666666666666,195.63333333333333,187.53333333333333,128.0,96.39999999999999,172.4333333333333,147.1,134.33333333333334,239.66666666666666
Nova Scotia,Halifax,2024,3,1880.0,2390.0,165.0,196.70000000000002,188.86666666666667,128.29999999999998,95.8,170.66666666666666,146.23333333333332,136.13333333333335,240.26666666666665
Nova Scotia,Halifax,2024,4,1780.0,2230.0,164.46666666666667,195.46666666666667,190.86666666666667,127.93333333333332,95.5,168.4,147.20000000000002,133.36666666666667,238.96666666666667
Nova Scotia,Halifax,2025,1,1770.0,2230.0,165.93333333333334,194.5333333333333,195.36666666666667,128.66666666666666,96.39999999999999,170.4,147.13333333333333,134.66666666666666,236.4333333333333
Ontario,Hamilton,2020,1,1440.0,1730.0,138.20000000000002,154.73333333333335,149.20000000000002,124.86666666666667,92.33333333333333,142.66666666666666,130.23333333333335,116.7,176.23333333333335
Ontario,Hamilton,2020,2,1470.0,1730.0,137.79999999999998,156.36666666666667,148.70000000000002,125.66666666666667,88.60000000000001,140.86666666666667,128.76666666666668,118.09999999999998,176.5666666666667
Ontario,Hamilton,2020,3,1490.0,1740.0,138.5666666666667,155.83333333333334,150.06666666666666,125.53333333333335,89.7,142.29999999999998,129.20000000000002,118.43333333333334,176.76666666666665
Ontario,Hamilton,2020,4,1480.0,1750.0,138.9,155.16666666666666,152.29999999999998,125.60000000000001,90.5,141.9333333333333,130.03333333333333,117.03333333333335,176.26666666666665
Ontario,Hamilton,2021,1,1490.0,1750.0,140.23333333333332,157.26666666666665,152.16666666666666,126.3,88.96666666666665,147.26666666666668,130.53333333333333,117.2,177.63333333333333
Ontario,Hamilton,2021,2,1490.0,1780.0,142.5,157.79999999999998,155.73333333333332,126.89999999999999,90.2,150.73333333333332,133.23333333333332,118.66666666666667,178.86666666666667
Ontario,Hamilton,2021,3,1510.0,1820.0,144.06666666666666,159.83333333333334,157.66666666666666,128.20000000000002,89.96666666666665,153.1,134.6,119.63333333333333,177.20000000000002
Ontario,Hamilton,2021,4,1550.0,1860.0,145.9,162.5,160.6,129.06666666666666,92.23333333333333,155.5,134.83333333333334,118.93333333333334,177.63333333333333
Ontario,Hamilton,2022,1,1570.0,1940.0,149.0,168.66666666666666,163.13333333333335,130.83333333333334,91.26666666666667,161.13333333333333,135.96666666666667,121.26666666666667,180.26666666666665
Ontario,Hamilton,2022,2,1650.0,1990.0,153.23333333333332,172.73333333333335,167.0,133.86666666666667,92.96666666666665,170.96666666666667,139.23333333333332,123.63333333333333,180.73333333333335
Ontario,Hamilton,2022,3,1700.0,2070.0,154.26666666666665,175.79999999999998,168.93333333333334,135.20000000000002,92.16666666666667,167.56666666666666,141.0666666666667,126.13333333333333,181.23333333333335
Ontario,Hamilton,2022,4,1750.0,2100.0,155.13333333333333,178.53333333333333,171.4333333333333,135.76666666666668,93.7,165.83333333333334,142.66666666666666,123.46666666666665,182.86666666666667
Ontario,Hamilton,2023,1,1770.0,2110.0,156.46666666666667,184.4333333333333,173.23333333333335,135.83333333333334,92.53333333333335,163.86666666666667,144.76666666666668,124.3,187.9333333333333
Ontario,Hamilton,2023,2,1790.0,2150.0,158.26666666666668,186.26666666666665,174.66666666666666,136.43333333333334,93.76666666666667,167.6,147.83333333333334,126.56666666666666,189.33333333333334
Ontario,Hamilton,2023,3,1790.0,2170.0,159.73333333333332,186.96666666666667,177.0666666666667,135.16666666666666,94.13333333333333,171.66666666666666,148.93333333333334,127.43333333333334,191.1
Ontario,Hamilton,2023,4,1840.0,2250.0,160.29999999999998,187.4,180.4333333333333,134.63333333333333,95.53333333333335,168.33333333333334,149.0,127.73333333333335,192.13333333333333
Ontario,Hamilton,2024,1,1820.0,2220.0,160.5,189.4,182.5666666666667,133.26666666666665,92.0,168.56666666666666,149.5,125.60000000000001,193.96666666666667
Ontario,Hamilton,2024,2,1820.0,2250.0,162.83333333333334,190.73333333333335,184.79999999999998,134.66666666666666,92.63333333333333,173.6,152.29999999999998,127.96666666666668,194.96666666666667
Ontario,Hamilton,2024,3,1850.0,2300.0,163.33333333333334,192.53333333333333,186.29999999999998,134.86666666666667,91.63333333333333,172.9,153.43333333333334,127.33333333333333,195.76666666666665
Ontario,Hamilton,2024,4,1790.0,2240.0,163.23333333333332,191.76666666666665,188.20000000000002,132.76666666666668,92.16666666666667,172.0666666666667,154.16666666666666,126.66666666666667,194.53333333333333
Ontario,Hamilton,2025,1,1800.0,2180.0,164.1,190.73333333333335,189.63333333333333,134.56666666666666,91.93333333333334,173.66666666666666,154.26666666666668,127.83333333333333,191.9
British Columbia,Kamloops,2020,1,1090.0,1350.0,132.43333333333334,148.96666666666667,126.73333333333333,120.0,110.56666666666666,144.33333333333334,123.06666666666666,125.60000000000001,160.33333333333334
British Columbia,Kamloops,2020,2,1110.0,1380.0,131.76666666666665,149.6,126.36666666666667,120.93333333333334,103.8,141.56666666666666,124.33333333333333,125.60000000000001,160.79999999999998
British Columbia,Kamloops,2020,3,1110.0,1410.0,132.5,149.66666666666666,126.66666666666667,121.5,104.3,143.33333333333334,125.63333333333333,126.96666666666665,160.13333333333333
British Columbia,Kamloops,2020,4,1160.0,1420.0,133.0,149.93333333333334,128.96666666666667,121.2,106.26666666666667,142.5,126.36666666666667,125.7,158.1
British Columbia,Kamloops,2021,1,1200.0,1460.0,134.20000000000002,150.9333333333333,129.66666666666666,121.03333333333335,103.93333333333334,147.9,125.89999999999999,126.3,158.86666666666667
British Columbia,Kamloops,2021,2,1250.0,1590.0,135.36666666666667,151.93333333333334,131.79999999999998,121.3,106.96666666666665,147.0666666666667,128.13333333333333,127.73333333333333,159.9
British Columbia,Kamloops,2021,3,1290.0,1630.0,136.96666666666667,153.4333333333333,133.5,121.73333333333333,106.10000000000001,149.20000000000002,129.1,131.83333333333334,161.5
British Columbia,Kamloops,2021,4,1360.0,1740.0,138.0,155.93333333333334,135.76666666666665,121.63333333333333,105.53333333333335,149.4,129.9333333333333,130.6,162.36666666666667
British Columbia,Kamloops,2022,1,1340.0,1810.0,140.93333333333334,160.03333333333333,138.9333333333333,123.23333333333333,104.86666666666667,155.33333333333334,129.29999999999998,132.70000000000002,165.53333333333333
British Columbia,Kamloops,2022,2,1410.0,1790.0,145.6,163.53333333333333,142.5,127.90000000000002,107.56666666666666,166.1,132.16666666666666,137.06666666666666,168.13333333333333
British Columbia,Kamloops,2022,3,1400.0,1870.0,147.46666666666667,167.6,143.83333333333334,129.26666666666668,104.7,167.66666666666666,133.29999999999998,140.73333333333332,173.4
British Columbia,Kamloops,2022,4,1420.0,1850.0,147.9333333333333,170.29999999999998,145.76666666666668,129.4333333333333,106.03333333333335,164.83333333333334,135.43333333333334,135.73333333333335,175.4
British Columbia,Kamloops,2023,1,1470.0,1920.0,148.96666666666667,174.83333333333334,147.5,128.33333333333334,106.60000000000001,163.16666666666666,137.0666666666667,135.83333333333334,177.76666666666665
British Columbia,Kamloops,2023,2,1490.0,1960.0,151.0,176.26666666666665,149.5,128.96666666666667,108.26666666666667,165.73333333333335,140.23333333333332,140.03333333333333,179.5666666666667
British Columbia,Kamloops,2023,3,1540.0,2010.0,152.46666666666667,178.0666666666667,151.5,128.16666666666666,105.39999999999999,167.86666666666667,141.06666666666666,145.56666666666666,180.0666666666667
British Columbia,Kamloops,2023,4,1510.0,1910.0,152.5,179.33333333333334,155.23333333333335,126.16666666666667,106.39999999999999,164.36666666666667,141.0,139.29999999999998,180.36666666666667
British Columbia,Kamloops,2024,1,1470.0,1870.0,153.13333333333333,181.63333333333333,157.23333333333335,127.06666666666666,101.73333333333333,163.66666666666666,141.9,137.29999999999998,182.76666666666665
British Columbia,Kamloops,2024,2,1540.0,1870.0,155.20000000000002,181.4333333333333,159.5,126.83333333333333,103.66666666666667,168.26666666666665,144.06666666666666,142.23333333333332,183.9
British Columbia,Kamloops,2024,3,1550.0,1970.0,156.13333333333333,183.0,160.73333333333335,128.06666666666666,101.8,167.76666666666668,144.26666666666668,144.46666666666667,185.4
British Columbia,Kamloops,2024,4,1550.0,1860.0,156.20000000000002,183.79999999999998,162.96666666666667,126.83333333333333,102.83333333333333,166.5666666666667,143.9,140.4333333333333,184.4
British Columbia,Kamloops,2025,1,1550.0,1840.0,157.13333333333333,184.96666666666667,163.6,127.8,102.10000000000001,169.63333333333333,143.96666666666667,140.93333333333334,184.46666666666667
British Columbia,Kelowna,2020,1,1380.0,1650.0,132.43333333333334,148.96666666666667,126.73333333333333,120.0,110.56666666666666,144.33333333333334,123.06666666666666,125.60000000000001,160.33333333333334
British Columbia,Kelowna,2020,2,1430.0,1700.0,131.76666666666665,149.6,126.36666666666667,120.93333333333334,103.8,141.56666666666666,124.33333333333333,125.60000000000001,160.79999999999998
British Columbia,Kelowna,2020,3,1470.0,1850.0,132.5,149.66666666666666,126.66666666666667,121.5,104.3,143.33333333333334,125.63333333333333,126.96666666666665,160.13333333333333
British Columbia,Kelowna,2020,4,1470.0,1990.0,133.0,149.93333333333334,128.96666666666667,121.2,106.26666666666667,142.5,126.36666666666667,125.7,158.1
British Columbia,Kelowna,2021,1,1560.0,2160.0,134.20000000000002,150.9333333333333,129.66666666666666,121.03333333333335,103.93333333333334,147.9,125.89999999999999,126.3,158.86666666666667
British Columbia,Kelowna,2021,2,1640.0,2170.0,135.36666666666667,151.93333333333334,131.79999999999998,121.3,106.96666666666665,147.0666666666667,128.13333333333333,127.73333333333333,159.9
British Columbia,Kelowna,2021,3,1670.0,2390.0,136.96666666666667,153.4333333333333,133.5,121.73333333333333,106.10000000000001,149.20000000000002,129.1,131.83333333333334,161.5
British Columbia,Kelowna,2021,4,1700.0,2280.0,138.0,155.93333333333334,135.76666666666665,121.63333333333333,105.53333333333335,149.4,129.9333333333333,130.6,162.36666666666667
British Columbia,Kelowna,2022,1,1650.0,2310.0,140.93333333333334,160.03333333333333,138.9333333333333,123.23333333333333,104.86666666666667,155.33333333333334,129.29999999999998,132.70000000000002,165.53333333333333
British Columbia,Kelowna,2022,2,1770.0,2430.0,145.6,163.53333333333333,142.5,127.90000000000002,107.56666666666666,166.1,132.16666666666666,137.06666666666666,168.13333333333333
British Columbia,Kelowna,2022,3,1900.0,2720.0,147.46666666666667,167.6,143.83333333333334,129.26666666666668,104.7,167.66666666666666,133.29999999999998,140.73333333333332,173.4
British Columbia,Kelowna,2022,4,1920.0,2380.0,147.9333333333333,170.29999999999998,145.76666666666668,129.4333333333333,106.03333333333335,164.83333333333334,135.43333333333334,135.73333333333335,175.4
British Columbia,Kelowna,2023,1,1920.0,2380.0,148.96666666666667,174.83333333333334,147.5,128.33333333333334,106.60000000000001,163.16666666666666,137.0666666666667,135.83333333333334,177.76666666666665
British Columbia,Kelowna,2023,2,1730.0,2560.0,151.0,176.26666666666665,149.5,128.96666666666667,108.26666666666667,165.73333333333335,140.23333333333332,140.03333333333333,179.5666666666667
British Columbia,Kelowna,2023,3,1890.0,2550.0,152.46666666666667,178.0666666666667,151.5,128.16666666666666,105.39999999999999,167.86666666666667,141.06666666666666,145.56666666666666,180.0666666666667
British Columbia,Kelowna,2023,4,1960.0,2640.0,152.5,179.33333333333334,155.23333333333335,126.16666666666667,106.39999999999999,164.36666666666667,141.0,139.29999999999998,180.36666666666667
British Columbia,Kelowna,2024,1,1920.0,2430.0,153.13333333333333,181.63333333333333,157.23333333333335,127.06666666666666,101.73333333333333,163.66666666666666,141.9,137.29999999999998,182.76666666666665
British Columbia,Kelowna,2024,2,2010.0,2490.0,155.20000000000002,181.4333333333333,159.5,126.83333333333333,103.66666666666667,168.26666666666665,144.06666666666666,142.23333333333332,183.9
British Columbia,Kelowna,2024,3,1910.0,2530.0,156.13333333333333,183.0,160.73333333333335,128.06666666666666,101.8,167.76666666666668,144.26666666666668,144.46666666666667,185.4
British Columbia,Kelowna,2024,4,1860.0,2410.0,156.20000000000002,183.79999999999998,162.96666666666667,126.83333333333333,102.83333333333333,166.5666666666667,143.9,140.4333333333333,184.4
British Columbia,Kelowna,2025,1,1740.0,2200.0,157.13333333333333,184.96666666666667,163.6,127.8,102.10000000000001,169.63333333333333,143.96666666666667,140.93333333333334,184.46666666666667
Ontario,Kingston,2020,1,1280.0,1520.0,138.20000000000002,154.73333333333335,149.20000000000002,124.86666666666667,92.33333333333333,142.66666666666666,130.23333333333335,116.7,176.23333333333335
Ontario,Kingston,2020,2,1280.0,1510.0,137.79999999999998,156.36666666666667,148.70000000000002,125.66666666666667,88.60000000000001,140.86666666666667,128.76666666666668,118.09999999999998,176.5666666666667
Ontario,Kingston,2020,3,1280.0,1530.0,138.5666666666667,155.83333333333334,150.06666666666666,125.53333333333335,89.7,142.29999999999998,129.20000000000002,118.43333333333334,176.76666666666665
Ontario,Kingston,2020,4,1280.0,1550.0,138.9,155.16666666666666,152.29999999999998,125.60000000000001,90.5,141.9333333333333,130.03333333333333,117.03333333333335,176.26666666666665
Ontario,Kingston,2021,1,1310.0,1590.0,140.23333333333332,157.26666666666665,152.16666666666666,126.3,88.96666666666665,147.26666666666668,130.53333333333333,117.2,177.63333333333333
Ontario,Kingston,2021,2,1360.0,1630.0,142.5,157.79999999999998,155.73333333333332,126.89999999999999,90.2,150.73333333333332,133.23333333333332,118.66666666666667,178.86666666666667
Ontario,Kingston,2021,3,1370.0,1680.0,144.06666666666666,159.83333333333334,157.66666666666666,128.20000000000002,89.96666666666665,153.1,134.6,119.63333333333333,177.20000000000002
Ontario,Kingston,2021,4,1420.0,1720.0,145.9,162.5,160.6,129.06666666666666,92.23333333333333,155.5,134.83333333333334,118.93333333333334,177.63333333333333
Ontario,Kingston,2022,1,1460.0,1740.0,149.0,168.66666666666666,163.13333333333335,130.83333333333334,91.26666666666667,161.13333333333333,135.96666666666667,121.26666666666667,180.26666666666665
Ontario,Kingston,2022,2,1520.0,1730.0,153.23333333333332,172.73333333333335,167.0,133.86666666666667,92.96666666666665,170.96666666666667,139.23333333333332,123.63333333333333,180.73333333333335
Ontario,Kingston,2022,3,1570.0,1930.0,154.26666666666665,175.79999999999998,168.93333333333334,135.20000000000002,92.16666666666667,167.56666666666666,141.0666666666667,126.13333333333333,181.23333333333335
Ontario,Kingston,2022,4,1620.0,1920.0,155.13333333333333,178.53333333333333,171.4333333333333,135.76666666666668,93.7,165.83333333333334,142.66666666666666,123.46666666666665,182.86666666666667
Ontario,Kingston,2023,1,1630.0,1990.0,156.46666666666667,184.4333333333333,173.23333333333335,135.83333333333334,92.53333333333335,163.86666666666667,144.76666666666668,124.3,187.9333333333333
Ontario,Kingston,2023,2,1630.0,1970.0,158.26666666666668,186.26666666666665,174.66666666666666,136.43333333333334,93.76666666666667,167.6,147.83333333333334,126.56666666666666,189.33333333333334
Ontario,Kingston,2023,3,1690.0,2010.0,159.73333333333332,186.96666666666667,177.0666666666667,135.16666666666666,94.13333333333333,171.66666666666666,148.93333333333334,127.43333333333334,191.1
Ontario,Kingston,2023,4,1710.0,2040.0,160.29999999999998,187.4,180.4333333333333,134.63333333333333,95.53333333333335,168.33333333333334,149.0,127.73333333333335,192.13333333333333
Ontario,Kingston,2024,1,1700.0,2000.0,160.5,189.4,182.5666666666667,133.26666666666665,92.0,168.56666666666666,149.5,125.60000000000001,193.96666666666667
Ontario,Kingston,2024,2,1780.0,2060.0,162.83333333333334,190.73333333333335,184.79999999999998,134.66666666666666,92.63333333333333,173.6,152.29999999999998,127.96666666666668,194.96666666666667
Ontario,Kingston,2024,3,1780.0,2050.0,163.33333333333334,192.53333333333333,186.29999999999998,134.86666666666667,91.63333333333333,172.9,153.43333333333334,127.33333333333333,195.76666666666665
Ontario,Kingston,2024,4,1730.0,2020.0,163.23333333333332,191.76666666666665,188.20000000000002,132.76666666666668,92.16666666666667,172.0666666666667,154.16666666666666,126.66666666666667,194.53333333333333
Ontario,Kingston,2025,1,1710.0,2040.0,164.1,190.73333333333335,189.63333333333333,134.56666666666666,91.93333333333334,173.66666666666666,154.26666666666668,127.83333333333333,191.9
Ontario,Kitchener - Cambridge - Waterloo,2020,1,1370.0,1610.0,138.20000000000002,154.73333333333335,149.20000000000002,124.86666666666667,92.33333333333333,142.66666666666666,130.23333333333335,116.7,176.23333333333335
Ontario,Kitchener - Cambridge - Waterloo,2020,2,1410.0,1640.0,137.79999999999998,156.36666666666667,148.70000000000002,125.66666666666667,88.60000000000001,140.86666666666667,128.76666666666668,118.09999999999998,176.5666666666667
Ontario,Kitchener - Cambridge - Waterloo,2020,3,1420.0,1670.0,138.5666666666667,155.83333333333334,150.06666666666666,125.53333333333335,89.7,142.29999999999998,129.20000000000002,118.43333333333334,176.76666666666665
Ontario,Kitchener - Cambridge - Waterloo,2020,4,1430.0,1660.0,138.9,155.16666666666666,152.29999999999998,125.60000000000001,90.5,141.9333333333333,130.03333333333333,117.03333333333335,176.26666666666665
Ontario,Kitchener - Cambridge - Waterloo,2021,1,1440.0,1670.0,140.23333333333332,157.26666666666665,152.16666666666666,126.3,88.96666666666665,147.26666666666668,130.53333333333333,117.2,177.63333333333333
Ontario,Kitchener - Cambridge - Waterloo,2021,2,1510.0,1720.0,142.5,157.79999999999998,155.73333333333332,126.89999999999999,90.2,150.73333333333332,133.23333333333332,118.66666666666667,178.86666666666667
Ontario,Kitchener - Cambridge - Waterloo,2021,3,1520.0,1760.0,144.06666666666666,159.83333333333334,157.66666666666666,128.20000000000002,89.96666666666665,153.1,134.6,119.63333333333333,177.20000000000002
Ontario,Kitchener - Cambridge - Waterloo,2021,4,1560.0,1790.0,145.9,162.5,160.6,129.06666666666666,92.23333333333333,155.5,134.83333333333334,118.93333333333334,177.63333333333333
Ontario,Kitchener - Cambridge - Waterloo,2022,1,1590.0,1870.0,149.0,168.66666666666666,163.13333333333335,130.83333333333334,91.26666666666667,161.13333333333333,135.96666666666667,121.26666666666667,180.26666666666665
Ontario,Kitchener - Cambridge - Waterloo,2022,2,1630.0,2000.0,153.23333333333332,172.73333333333335,167.0,133.86666666666667,92.96666666666665,170.96666666666667,139.23333333333332,123.63333333333333,180.73333333333335
Ontario,Kitchener - Cambridge - Waterloo,2022,3,1740.0,2100.0,154.26666666666665,175.79999999999998,168.93333333333334,135.20000000000002,92.16666666666667,167.56666666666666,141.0666666666667,126.13333333333333,181.23333333333335
Ontario,Kitchener - Cambridge - Waterloo,2022,4,1870.0,2160.0,155.13333333333333,178.53333333333333,171.4333333333333,135.76666666666668,93.7,165.83333333333334,142.66666666666666,123.46666666666665,182.86666666666667
Ontario,Kitchener - Cambridge - Waterloo,2023,1,1860.0,2210.0,156.46666666666667,184.4333333333333,173.23333333333335,135.83333333333334,92.53333333333335,163.86666666666667,144.76666666666668,124.3,187.9333333333333
Ontario,Kitchener - Cambridge - Waterloo,2023,2,1820.0,2240.0,158.26666666666668,186.26666666666665,174.66666666666666,136.43333333333334,93.76666666666667,167.6,147.83333333333334,126.56666666666666,189.33333333333334
Ontario,Kitchener - Cambridge - Waterloo,2023,3,1880.0,2250.0,159.73333333333332,186.96666666666667,177.0666666666667,135.16666666666666,94.13333333333333,171.66666666666666,148.93333333333334,127.43333333333334,191.1
Ontario,Kitchener - Cambridge - Waterloo,2023,4,1910.0,2300.0,160.29999999999998,187.4,180.4333333333333,134.63333333333333,95.53333333333335,168.33333333333334,149.0,127.73333333333335,192.13333333333333
Ontario,Kitchener - Cambridge - Waterloo,2024,1,1890.0,2280.0,160.5,189.4,182.5666666666667,133.26666666666665,92.0,168.56666666666666,149.5,125.60000000000001,193.96666666666667
Ontario,Kitchener - Cambridge - Waterloo,2024,2,1880.0,2250.0,162.83333333333334,190.73333333333335,184.79999999999998,134.66666666666666,92.63333333333333,173.6,152.29999999999998,127.96666666666668,194.96666666666667
Ontario,Kitchener - Cambridge - Waterloo,2024,3,1880.0,2230.0,163.33333333333334,192.53333333333333,186.29999999999998,134.86666666666667,91.63333333333333,172.9,153.43333333333334,127.33333333333333,195.76666666666665
Ontario,Kitchener - Cambridge - Waterloo,2024,4,1850.0,2190.0,163.23333333333332,191.76666666666665,188.20000000000002,132.76666666666668,92.16666666666667,172.0666666666667,154.16666666666666,126.66666666666667,194.53333333333333
Ontario,Kitchener - Cambridge - Waterloo,2025,1,1810.0,2150.0,164.1,190.73333333333335,189.63333333333333,134.56666666666666,91.93333333333334,173.66666666666666,154.26666666666668,127.83333333333333,191.9
Alberta,Lethbridge,2020,1,890.0,1070.0,144.76666666666665,153.20000000000002,174.46666666666667,122.56666666666666,102.0,146.13333333333333,139.76666666666665,114.63333333333333,171.46666666666667
Alberta,Lethbridge,2020,2,920.0,1090.0,144.03333333333333,153.70000000000002,173.73333333333335,122.63333333333333,96.66666666666667,144.70000000000002,139.5,114.66666666666667,173.4
Alberta,Lethbridge,2020,3,900.0,1050.0,144.70000000000002,152.79999999999998,174.66666666666666,122.66666666666667,96.93333333333334,147.23333333333332,140.23333333333335,115.46666666666665,172.26666666666665
Alberta,Lethbridge,2020,4,910.0,1050.0,145.13333333333333,152.96666666666667,175.5333333333333,122.16666666666667,97.53333333333335,148.53333333333333,140.23333333333335,115.56666666666668,171.13333333333333
Alberta,Lethbridge,2021,1,890.0,1060.0,146.36666666666667,155.0,176.86666666666667,121.33333333333333,93.76666666666667,153.5,140.66666666666666,115.8,170.66666666666666
Alberta,Lethbridge,2021,2,920.0,1090.0,148.4,156.76666666666668,178.0,121.7,96.03333333333335,158.79999999999998,141.03333333333333,116.73333333333335,173.26666666666665
Alberta,Lethbridge,2021,3,930.0,1110.0,150.70000000000002,157.9,182.4,122.39999999999999,95.53333333333335,163.23333333333335,141.33333333333334,119.26666666666667,173.79999999999998
Alberta,Lethbridge,2021,4,940.0,1140.0,151.6,159.70000000000002,183.4,122.06666666666666,96.60000000000001,166.03333333333333,141.4,118.83333333333333,172.83333333333334
Alberta,Lethbridge,2022,1,960.0,1160.0,154.6,164.66666666666666,187.26666666666665,123.03333333333335,95.56666666666666,171.0666666666667,141.33333333333334,121.5,174.9333333333333
Alberta,Lethbridge,2022,2,980.0,1180.0,159.20000000000002,168.53333333333333,192.0333333333333,126.96666666666665,99.03333333333335,180.23333333333335,143.36666666666667,123.76666666666667,178.20000000000002
Alberta,Lethbridge,2022,3,990.0,1210.0,160.5,172.4,192.9,128.26666666666668,98.10000000000001,180.46666666666667,145.46666666666667,125.2,179.0
Alberta,Lethbridge,2022,4,1070.0,1230.0,161.4,176.13333333333333,196.1,128.76666666666668,99.5,177.36666666666667,147.9,122.73333333333333,181.29999999999998
Alberta,Lethbridge,2023,1,1080.0,1250.0,160.76666666666665,180.33333333333334,194.16666666666666,128.29999999999998,98.0,171.20000000000002,150.76666666666665,122.83333333333333,182.96666666666667
Alberta,Lethbridge,2023,2,1070.0,1260.0,164.06666666666666,182.20000000000002,201.79999999999998,127.73333333333333,99.16666666666667,177.4,153.13333333333333,124.53333333333335,185.5
Alberta,Lethbridge,2023,3,1120.0,1300.0,166.26666666666668,183.46666666666667,210.80000000000004,125.86666666666667,97.66666666666667,179.73333333333335,154.53333333333333,124.89999999999999,187.6
Alberta,Lethbridge,2023,4,1120.0,1320.0,165.46666666666667,184.6,212.13333333333333,123.89999999999999,97.86666666666667,175.4333333333333,155.03333333333333,123.03333333333335,188.29999999999998
Alberta,Lethbridge,2024,1,1140.0,1360.0,166.66666666666666,187.4333333333333,215.46666666666667,125.13333333333333,94.10000000000001,176.1,156.20000000000002,121.76666666666665,191.4
Alberta,Lethbridge,2024,2,1170.0,1410.0,169.03333333333333,187.9666666666667,217.76666666666665,124.43333333333334,96.13333333333333,183.16666666666666,158.4,124.60000000000001,194.29999999999998
Alberta,Lethbridge,2024,3,1280.0,1470.0,169.9333333333333,189.70000000000002,219.83333333333334,125.0,95.23333333333333,183.5666666666667,158.53333333333333,125.13333333333333,194.5
Alberta,Lethbridge,2024,4,1240.0,1490.0,170.0,189.86666666666667,223.33333333333334,124.3,95.26666666666667,180.5666666666667,157.79999999999998,124.66666666666667,195.79999999999998
Alberta,Lethbridge,2025,1,1260.0,1530.0,171.16666666666666,190.9333333333333,224.4333333333333,125.83333333333333,95.10000000000001,182.73333333333335,158.66666666666666,125.2,196.03333333333333
Ontario,London,2020,1,1160.0,1470.0,138.20000000000002,154.73333333333335,149.20000000000002,124.86666666666667,92.33333333333333,142.66666666666666,130.23333333333335,116.7,176.23333333333335
Ontario,London,2020,2,1170.0,1490.0,137.79999999999998,156.36666666666667,148.70000000000002,125.66666666666667,88.60000000000001,140.86666666666667,128.76666666666668,118.09999999999998,176.5666666666667
Ontario,London,2020,3,1180.0,1500.0,138.5666666666667,155.83333333333334,150.06666666666666,125.53333333333335,89.7,142.29999999999998,129.20000000000002,118.43333333333334,176.76666666666665
Ontario,London,2020,4,1200.0,1490.0,138.9,155.16666666666666,152.29999999999998,125.60000000000001,90.5,141.9333333333333,130.03333333333333,117.03333333333335,176.26666666666665
Ontario,London,2021,1,1220.0,1520.0,140.23333333333332,157.26666666666665,152.16666666666666,126.3,88.96666666666665,147.26666666666668,130.53333333333333,117.2,177.63333333333333
Ontario,London,2021,2,1240.0,1550.0,142.5,157.79999999999998,155.73333333333332,126.89999999999999,90.2,150.73333333333332,133.23333333333332,118.66666666666667,178.86666666666667
Ontario,London,2021,3,1260.0,1560.0,144.06666666666666,159.83333333333334,157.66666666666666,128.20000000000002,89.96666666666665,153.1,134.6,119.63333333333333,177.20000000000002
Ontario,London,2021,4,1300.0,1590.0,145.9,162.5,160.6,129.06666666666666,92.23333333333333,155.5,134.83333333333334,118.93333333333334,177.63333333333333
Ontario,London,2022,1,1360.0,1690.0,149.0,168.66666666666666,163.13333333333335,130.83333333333334,91.26666666666667,161.13333333333333,135.96666666666667,121.26666666666667,180.26666666666665
Ontario,London,2022,2,1400.0,1740.0,153.23333333333332,172.73333333333335,167.0,133.86666666666667,92.96666666666665,170.96666666666667,139.23333333333332,123.63333333333333,180.73333333333335
Ontario,London,2022,3,1470.0,1860.0,154.26666666666665,175.79999999999998,168.93333333333334,135.20000000000002,92.16666666666667,167.56666666666666,141.0666666666667,126.13333333333333,181.23333333333335
Ontario,London,2022,4,1490.0,1850.0,155.13333333333333,178.53333333333333,171.4333333333333,135.76666666666668,93.7,165.83333333333334,142.66666666666666,123.46666666666665,182.86666666666667
Ontario,London,2023,1,1570.0,1880.0,156.46666666666667,184.4333333333333,173.23333333333335,135.83333333333334,92.53333333333335,163.86666666666667,144.76666666666668,124.3,187.9333333333333
Ontario,London,2023,2,1560.0,1910.0,158.26666666666668,186.26666666666665,174.66666666666666,136.43333333333334,93.76666666666667,167.6,147.83333333333334,126.56666666666666,189.33333333333334
Ontario,London,2023,3,1570.0,1940.0,159.73333333333332,186.96666666666667,177.0666666666667,135.16666666666666,94.13333333333333,171.66666666666666,148.93333333333334,127.43333333333334,191.1
Ontario,London,2023,4,1620.0,1980.0,160.29999999999998,187.4,180.4333333333333,134.63333333333333,95.53333333333335,168.33333333333334,149.0,127.73333333333335,192.13333333333333
Ontario,London,2024,1,1640.0,2010.0,160.5,189.4,182.5666666666667,133.26666666666665,92.0,168.56666666666666,149.5,125.60000000000001,193.96666666666667
Ontario,London,2024,2,1650.0,2020.0,162.83333333333334,190.73333333333335,184.79999999999998,134.66666666666666,92.63333333333333,173.6,152.29999999999998,127.96666666666668,194.96666666666667
Ontario,London,2024,3,1640.0,2030.0,163.33333333333334,192.53333333333333,186.29999999999998,134.86666666666667,91.63333333333333,172.9,153.43333333333334,127.33333333333333,195.76666666666665
Ontario,London,2024,4,1640.0,2010.0,163.23333333333332,191.76666666666665,188.20000000000002,132.76666666666668,92.16666666666667,172.0666666666667,154.16666666666666,126.66666666666667,194.53333333333333
Ontario,London,2025,1,1640.0,2020.0,164.1,190.73333333333335,189.63333333333333,134.56666666666666,91.93333333333334,173.66666666666666,154.26666666666668,127.83333333333333,191.9
New Brunswick,Moncton,2020,1,810.0,950.0,137.16666666666666,158.66666666666666,142.5,124.46666666666665,101.26666666666665,135.83333333333334,119.96666666666665,122.56666666666666,206.63333333333333
New Brunswick,Moncton,2020,2,840.0,980.0,135.6,160.66666666666666,141.4333333333333,125.60000000000001,94.23333333333333,130.43333333333334,120.39999999999999,121.56666666666666,207.6
New Brunswick,Moncton,2020,3,840.0,990.0,136.66666666666666,159.53333333333333,142.1,126.03333333333335,97.8,133.23333333333332,120.39999999999999,122.3,208.0
New Brunswick,Moncton,2020,4,840.0,1030.0,136.9,159.70000000000002,142.4333333333333,125.36666666666667,98.89999999999999,134.16666666666666,121.03333333333335,121.7,207.0666666666667
New Brunswick,Moncton,2021,1,890.0,1080.0,138.7,161.79999999999998,143.66666666666666,124.2,97.23333333333333,140.73333333333332,120.96666666666665,121.76666666666667,206.5
New Brunswick,Moncton,2021,2,940.0,1110.0,141.0666666666667,163.43333333333334,146.86666666666667,124.56666666666666,98.33333333333333,145.43333333333334,122.0,122.5,209.5
New Brunswick,Moncton,2021,3,960.0,1140.0,142.93333333333334,166.4,148.1,125.03333333333335,98.83333333333333,149.79999999999998,122.56666666666666,123.7,210.70000000000002
New Brunswick,Moncton,2021,4,1020.0,1230.0,144.46666666666667,168.70000000000002,149.6,125.56666666666666,98.46666666666665,152.43333333333334,123.60000000000001,125.39999999999999,211.0666666666667
New Brunswick,Moncton,2022,1,1000.0,1210.0,147.33333333333334,173.66666666666666,152.23333333333332,126.56666666666666,98.83333333333333,158.23333333333332,123.3,128.1,211.6
New Brunswick,Moncton,2022,2,1030.0,1240.0,153.03333333333333,178.96666666666667,157.46666666666667,129.6,101.8,171.9333333333333,126.96666666666665,129.5,214.4333333333333
New Brunswick,Moncton,2022,3,1080.0,1290.0,153.53333333333333,183.0666666666667,157.86666666666667,128.76666666666668,102.43333333333334,169.73333333333335,129.16666666666666,130.73333333333332,215.4
New Brunswick,Moncton,2022,4,1100.0,1290.0,154.5666666666667,185.53333333333333,162.66666666666666,129.6,103.7,166.5666666666667,130.96666666666667,128.43333333333334,216.76666666666665
New Brunswick,Moncton,2023,1,1150.0,1370.0,155.43333333333334,190.36666666666665,162.36666666666667,129.9,104.03333333333335,165.4333333333333,134.29999999999998,129.6,217.83333333333334
New Brunswick,Moncton,2023,2,1140.0,1380.0,157.43333333333334,194.9333333333333,163.0666666666667,130.70000000000002,104.66666666666667,168.13333333333333,136.63333333333333,131.73333333333332,222.96666666666667
New Brunswick,Moncton,2023,3,1140.0,1420.0,158.83333333333334,196.66666666666666,165.53333333333333,127.60000000000001,104.36666666666667,173.46666666666667,137.5,132.1,225.26666666666665
New Brunswick,Moncton,2023,4,1220.0,1450.0,158.36666666666667,197.0666666666667,168.0,127.36666666666667,104.16666666666667,168.16666666666666,137.33333333333334,130.70000000000002,226.5
New Brunswick,Moncton,2024,1,1210.0,1470.0,159.0666666666667,199.4333333333333,169.0,128.5,101.73333333333335,167.6,138.93333333333334,131.13333333333333,227.23333333333335
New Brunswick,Moncton,2024,2,1220.0,1510.0,161.96666666666667,201.33333333333334,174.0666666666667,128.79999999999998,102.93333333333334,172.63333333333333,141.5,132.29999999999998,230.36666666666667
New Brunswick,Moncton,2024,3,1290.0,1550.0,161.79999999999998,203.03333333333333,174.79999999999998,129.6,98.83333333333333,170.1,141.1,132.4,232.03333333333333
New Brunswick,Moncton,2024,4,1310.0,1520.0,161.16666666666666,201.5,176.76666666666665,128.53333333333333,97.5,168.29999999999998,141.86666666666665,130.79999999999998,230.03333333333333
New Brunswick,Moncton,2025,1,1320.0,1520.0,161.5666666666667,201.26666666666665,175.66666666666666,129.6,97.66666666666667,170.20000000000002,142.46666666666667,133.06666666666666,225.5333333333333
Quebec,Montréal,2020,1,1110.0,1330.0,132.76666666666665,152.26666666666665,137.6,123.46666666666665,95.43333333333334,140.03333333333333,127.33333333333333,103.26666666666667,159.73333333333332
Quebec,Montréal,2020,2,1130.0,1350.0,132.13333333333333,154.20000000000002,137.1,123.7,89.60000000000001,137.26666666666665,127.63333333333333,103.5,160.36666666666667
Quebec,Montréal,2020,3,1170.0,1420.0,132.79999999999998,153.26666666666668,137.5,124.26666666666667,90.33333333333333,139.26666666666668,129.16666666666666,104.46666666666665,161.03333333333333
Quebec,Montréal,2020,4,1140.0,1390.0,133.33333333333334,153.20000000000002,138.33333333333334,124.39999999999999,92.53333333333335,139.36666666666667,131.0,104.46666666666665,162.63333333333333
Quebec,Montréal,2021,1,1140.0,1400.0,135.0,154.9,139.1,124.53333333333335,91.3,145.0,131.0666666666667,105.43333333333334,164.33333333333334
Quebec,Montréal,2021,2,1140.0,1420.0,137.06666666666666,155.66666666666666,141.4,126.2,93.23333333333333,148.73333333333332,133.26666666666665,106.83333333333333,166.53333333333333
Quebec,Montréal,2021,3,1170.0,1460.0,138.79999999999998,157.46666666666667,143.5,127.66666666666667,91.36666666666667,152.03333333333333,134.0,108.13333333333333,169.06666666666666
Quebec,Montréal,2021,4,1210.0,1530.0,140.29999999999998,160.26666666666668,144.5666666666667,128.79999999999998,93.89999999999999,154.6,134.13333333333333,108.0,169.96666666666667
Quebec,Montréal,2022,1,1220.0,1530.0,142.73333333333332,165.13333333333333,146.29999999999998,129.86666666666667,90.8,159.66666666666666,135.53333333333333,110.36666666666667,172.73333333333335
Quebec,Montréal,2022,2,1240.0,1550.0,147.26666666666665,170.26666666666665,150.63333333333333,131.93333333333334,93.0,170.73333333333335,138.4333333333333,112.66666666666667,173.46666666666667
Quebec,Montréal,2022,3,1330.0,1690.0,148.5,173.16666666666666,151.96666666666667,133.53333333333333,91.89999999999999,169.53333333333333,140.46666666666667,114.83333333333333,175.83333333333334
Quebec,Montréal,2022,4,1370.0,1750.0,149.4333333333333,177.73333333333335,154.36666666666667,132.86666666666667,94.40000000000002,166.26666666666665,142.66666666666666,113.46666666666665,177.79999999999998
Quebec,Montréal,2023,1,1410.0,1770.0,150.6,182.4333333333333,155.93333333333334,133.53333333333333,91.86666666666667,165.4333333333333,143.53333333333333,113.60000000000001,182.1
Quebec,Montréal,2023,2,1400.0,1780.0,153.36666666666667,186.1,158.33333333333334,134.36666666666667,95.16666666666667,168.33333333333334,146.6,117.46666666666665,185.76666666666665
Quebec,Montréal,2023,3,1480.0,1880.0,155.0666666666667,187.16666666666666,161.63333333333333,133.63333333333333,92.89999999999999,172.73333333333335,147.46666666666667,119.10000000000001,187.5666666666667
Quebec,Montréal,2023,4,1520.0,1920.0,155.29999999999998,187.5666666666667,165.0666666666667,132.66666666666666,93.60000000000001,170.20000000000002,147.53333333333333,117.53333333333335,188.1
Quebec,Montréal,2024,1,1540.0,1940.0,155.66666666666666,188.83333333333334,167.13333333333333,133.0,88.39999999999999,170.20000000000002,148.96666666666667,116.36666666666667,189.96666666666667
Quebec,Montréal,2024,2,1540.0,1890.0,157.56666666666666,189.33333333333334,169.4,133.20000000000002,91.36666666666667,173.53333333333333,151.43333333333334,118.43333333333334,192.26666666666665
Quebec,Montréal,2024,3,1570.0,1950.0,157.66666666666666,190.29999999999998,171.6,132.9,87.36666666666667,171.53333333333333,152.0,118.96666666666665,194.03333333333333
Quebec,Montréal,2024,4,1550.0,1930.0,157.73333333333335,189.70000000000002,173.76666666666665,132.16666666666666,90.06666666666666,169.43333333333334,152.6,117.46666666666665,193.0
Quebec,Montréal,2025,1,1540.0,1930.0,158.63333333333333,191.69999999999996,175.5,132.46666666666667,88.0,170.79999999999998,152.23333333333332,118.36666666666667,194.13333333333333
British Columbia,Nanaimo,2020,1,1150.0,1410.0,132.43333333333334,148.96666666666667,126.73333333333333,120.0,110.56666666666666,144.33333333333334,123.06666666666666,125.60000000000001,160.33333333333334
British Columbia,Nanaimo,2020,2,1140.0,1430.0,131.76666666666665,149.6,126.36666666666667,120.93333333333334,103.8,141.56666666666666,124.33333333333333,125.60000000000001,160.79999999999998
British Columbia,Nanaimo,2020,3,1150.0,1560.0,132.5,149.66666666666666,126.66666666666667,121.5,104.3,143.33333333333334,125.63333333333333,126.96666666666665,160.13333333333333
British Columbia,Nanaimo,2020,4,1190.0,1440.0,133.0,149.93333333333334,128.96666666666667,121.2,106.26666666666667,142.5,126.36666666666667,125.7,158.1
British Columbia,Nanaimo,2021,1,1250.0,1620.0,134.20000000000002,150.9333333333333,129.66666666666666,121.03333333333335,103.93333333333334,147.9,125.89999999999999,126.3,158.86666666666667
British Columbia,Nanaimo,2021,2,1310.0,1740.0,135.36666666666667,151.93333333333334,131.79999999999998,121.3,106.96666666666665,147.0666666666667,128.13333333333333,127.73333333333333,159.9
British Columbia,Nanaimo,2021,3,1340.0,1730.0,136.96666666666667,153.4333333333333,133.5,121.73333333333333,106.10000000000001,149.20000000000002,129.1,131.83333333333334,161.5
British Columbia,Nanaimo,2021,4,1410.0,1720.0,138.0,155.93333333333334,135.76666666666665,121.63333333333333,105.53333333333335,149.4,129.9333333333333,130.6,162.36666666666667
British Columbia,Nanaimo,2022,1,1400.0,1730.0,140.93333333333334,160.03333333333333,138.9333333333333,123.23333333333333,104.86666666666667,155.33333333333334,129.29999999999998,132.70000000000002,165.53333333333333
British Columbia,Nanaimo,2022,2,1530.0,1900.0,145.6,163.53333333333333,142.5,127.90000000000002,107.56666666666666,166.1,132.16666666666666,137.06666666666666,168.13333333333333
British Columbia,Nanaimo,2022,3,1600.0,1990.0,147.46666666666667,167.6,143.83333333333334,129.26666666666668,104.7,167.66666666666666,133.29999999999998,140.73333333333332,173.4
British Columbia,Nanaimo,2022,4,1530.0,1920.0,147.9333333333333,170.29999999999998,145.76666666666668,129.4333333333333,106.03333333333335,164.83333333333334,135.43333333333334,135.73333333333335,175.4
British Columbia,Nanaimo,2023,1,1610.0,1920.0,148.96666666666667,174.83333333333334,147.5,128.33333333333334,106.60000000000001,163.16666666666666,137.0666666666667,135.83333333333334,177.76666666666665
British Columbia,Nanaimo,2023,2,1590.0,1860.0,151.0,176.26666666666665,149.5,128.96666666666667,108.26666666666667,165.73333333333335,140.23333333333332,140.03333333333333,179.5666666666667
British Columbia,Nanaimo,2023,3,1670.0,2030.0,152.46666666666667,178.0666666666667,151.5,128.16666666666666,105.39999999999999,167.86666666666667,141.06666666666666,145.56666666666666,180.0666666666667
British Columbia,Nanaimo,2023,4,1710.0,2000.0,152.5,179.33333333333334,155.23333333333335,126.16666666666667,106.39999999999999,164.36666666666667,141.0,139.29999999999998,180.36666666666667
British Columbia,Nanaimo,2024,1,1690.0,2030.0,153.13333333333333,181.63333333333333,157.23333333333335,127.06666666666666,101.73333333333333,163.66666666666666,141.9,137.29999999999998,182.76666666666665
British Columbia,Nanaimo,2024,2,1680.0,2030.0,155.20000000000002,181.4333333333333,159.5,126.83333333333333,103.66666666666667,168.26666666666665,144.06666666666666,142.23333333333332,183.9
British Columbia,Nanaimo,2024,3,1680.0,1970.0,156.13333333333333,183.0,160.73333333333335,128.06666666666666,101.8,167.76666666666668,144.26666666666668,144.46666666666667,185.4
British Columbia,Nanaimo,2024,4,1650.0,1960.0,156.20000000000002,183.79999999999998,162.96666666666667,126.83333333333333,102.83333333333333,166.5666666666667,143.9,140.4333333333333,184.4
British Columbia,Nanaimo,2025,1,1670.0,2020.0,157.13333333333333,184.96666666666667,163.6,127.8,102.10000000000001,169.63333333333333,143.96666666666667,140.93333333333334,184.46666666666667
Ontario,Oshawa,2020,1,1320.0,1530.0,138.20000000000002,154.73333333333335,149.20000000000002,124.86666666666667,92.33333333333333,142.66666666666666,130.23333333333335,116.7,176.23333333333335
Ontario,Oshawa,2020,2,1330.0,1530.0,137.79999999999998,156.36666666666667,148.70000000000002,125.66666666666667,88.60000000000001,140.86666666666667,128.76666666666668,118.09999999999998,176.5666666666667
Ontario,Oshawa,2020,3,1320.0,1550.0,138.5666666666667,155.83333333333334,150.06666666666666,125.53333333333335,89.7,142.29999999999998,129.20000000000002,118.43333333333334,176.76666666666665
Ontario,Oshawa,2020,4,1340.0,1540.0,138.9,155.16666666666666,152.29999999999998,125.60000000000001,90.5,141.9333333333333,130.03333333333333,117.03333333333335,176.26666666666665
Ontario,Oshawa,2021,1,1340.0,1620.0,140.23333333333332,157.26666666666665,152.16666666666666,126.3,88.96666666666665,147.26666666666668,130.53333333333333,117.2,177.63333333333333
Ontario,Oshawa,2021,2,1420.0,1680.0,142.5,157.79999999999998,155.73333333333332,126.89999999999999,90.2,150.73333333333332,133.23333333333332,118.66666666666667,178.86666666666667
Ontario,Oshawa,2021,3,1420.0,1690.0,144.06666666666666,159.83333333333334,157.66666666666666,128.20000000000002,89.96666666666665,153.1,134.6,119.63333333333333,177.20000000000002
Ontario,Oshawa,2021,4,1460.0,1760.0,145.9,162.5,160.6,129.06666666666666,92.23333333333333,155.5,134.83333333333334,118.93333333333334,177.63333333333333
Ontario,Oshawa,2022,1,1520.0,1810.0,149.0,168.66666666666666,163.13333333333335,130.83333333333334,91.26666666666667,161.13333333333333,135.96666666666667,121.26666666666667,180.26666666666665
Ontario,Oshawa,2022,2,1540.0,1830.0,153.23333333333332,172.73333333333335,167.0,133.86666666666667,92.96666666666665,170.96666666666667,139.23333333333332,123.63333333333333,180.73333333333335
Ontario,Oshawa,2022,3,1610.0,1930.0,154.26666666666665,175.79999999999998,168.93333333333334,135.20000000000002,92.16666666666667,167.56666666666666,141.0666666666667,126.13333333333333,181.23333333333335
Ontario,Oshawa,2022,4,1630.0,1910.0,155.13333333333333,178.53333333333333,171.4333333333333,135.76666666666668,93.7,165.83333333333334,142.66666666666666,123.46666666666665,182.86666666666667
Ontario,Oshawa,2023,1,1710.0,1960.0,156.46666666666667,184.4333333333333,173.23333333333335,135.83333333333334,92.53333333333335,163.86666666666667,144.76666666666668,124.3,187.9333333333333
Ontario,Oshawa,2023,2,1750.0,1990.0,158.26666666666668,186.26666666666665,174.66666666666666,136.43333333333334,93.76666666666667,167.6,147.83333333333334,126.56666666666666,189.33333333333334
Ontario,Oshawa,2023,3,1760.0,2040.0,159.73333333333332,186.96666666666667,177.0666666666667,135.16666666666666,94.13333333333333,171.66666666666666,148.93333333333334,127.43333333333334,191.1
Ontario,Oshawa,2023,4,1770.0,2090.0,160.29999999999998,187.4,180.4333333333333,134.63333333333333,95.53333333333335,168.33333333333334,149.0,127.73333333333335,192.13333333333333
Ontario,Oshawa,2024,1,1740.0,2090.0,160.5,189.4,182.5666666666667,133.26666666666665,92.0,168.56666666666666,149.5,125.60000000000001,193.96666666666667
Ontario,Oshawa,2024,2,1770.0,2090.0,162.83333333333334,190.73333333333335,184.79999999999998,134.66666666666666,92.63333333333333,173.6,152.29999999999998,127.96666666666668,194.96666666666667
Ontario,Oshawa,2024,3,1800.0,2090.0,163.33333333333334,192.53333333333333,186.29999999999998,134.86666666666667,91.63333333333333,172.9,153.43333333333334,127.33333333333333,195.76666666666665
Ontario,Oshawa,2024,4,1750.0,2090.0,163.23333333333332,191.76666666666665,188.20000000000002,132.76666666666668,92.16666666666667,172.0666666666667,154.16666666666666,126.66666666666667,194.53333333333333
Ontario,Oshawa,2025,1,1720.0,2070.0,164.1,190.73333333333335,189.63333333333333,134.56666666666666,91.93333333333334,173.66666666666666,154.26666666666668,127.83333333333333,191.9
Ontario,Ottawa - Gatineau (Ontario part),2020,1,1560.0,1850.0,138.20000000000002,154.73333333333335,149.20000000000002,124.86666666666667,92.33333333333333,142.66666666666666,130.23333333333335,116.7,176.23333333333335
Ontario,Ottawa - Gatineau (Ontario part),2020,2,1550.0,1840.0,137.79999999999998,156.36666666666667,148.70000000000002,125.66666666666667,88.60000000000001,140.86666666666667,128.76666666666668,118.09999999999998,176.5666666666667
Ontario,Ottawa - Gatineau (Ontario part),2020,3,1530.0,1830.0,138.5666666666667,155.83333333333334,150.06666666666666,125.53333333333335,89.7,142.29999999999998,129.20000000000002,118.43333333333334,176.76666666666665
Ontario,Ottawa - Gatineau (Ontario part),2020,4,1500.0,1780.0,138.9,155.16666666666666,152.29999999999998,125.60000000000001,90.5,141.9333333333333,130.03333333333333,117.03333333333335,176.26666666666665
Ontario,Ottawa - Gatineau (Ontario part),2021,1,1510.0,1770.0,140.23333333333332,157.26666666666665,152.16666666666666,126.3,88.96666666666665,147.26666666666668,130.53333333333333,117.2,177.63333333333333
Ontario,Ottawa - Gatineau (Ontario part),2021,2,1550.0,1860.0,142.5,157.79999999999998,155.73333333333332,126.89999999999999,90.2,150.73333333333332,133.23333333333332,118.66666666666667,178.86666666666667
Ontario,Ottawa - Gatineau (Ontario part),2021,3,1560.0,1900.0,144.06666666666666,159.83333333333334,157.66666666666666,128.20000000000002,89.96666666666665,153.1,134.6,119.63333333333333,177.20000000000002
Ontario,Ottawa - Gatineau (Ontario part),2021,4,1570.0,1900.0,145.9,162.5,160.6,129.06666666666666,92.23333333333333,155.5,134.83333333333334,118.93333333333334,177.63333333333333
Ontario,Ottawa - Gatineau (Ontario part),2022,1,1610.0,1950.0,149.0,168.66666666666666,163.13333333333335,130.83333333333334,91.26666666666667,161.13333333333333,135.96666666666667,121.26666666666667,180.26666666666665
Ontario,Ottawa - Gatineau (Ontario part),2022,2,1640.0,2010.0,153.23333333333332,172.73333333333335,167.0,133.86666666666667,92.96666666666665,170.96666666666667,139.23333333333332,123.63333333333333,180.73333333333335
Ontario,Ottawa - Gatineau (Ontario part),2022,3,1740.0,2080.0,154.26666666666665,175.79999999999998,168.93333333333334,135.20000000000002,92.16666666666667,167.56666666666666,141.0666666666667,126.13333333333333,181.23333333333335
Ontario,Ottawa - Gatineau (Ontario part),2022,4,1760.0,2110.0,155.13333333333333,178.53333333333333,171.4333333333333,135.76666666666668,93.7,165.83333333333334,142.66666666666666,123.46666666666665,182.86666666666667
Ontario,Ottawa - Gatineau (Ontario part),2023,1,1770.0,2110.0,156.46666666666667,184.4333333333333,173.23333333333335,135.83333333333334,92.53333333333335,163.86666666666667,144.76666666666668,124.3,187.9333333333333
Ontario,Ottawa - Gatineau (Ontario part),2023,2,1810.0,2200.0,158.26666666666668,186.26666666666665,174.66666666666666,136.43333333333334,93.76666666666667,167.6,147.83333333333334,126.56666666666666,189.33333333333334
Ontario,Ottawa - Gatineau (Ontario part),2023,3,1800.0,2200.0,159.73333333333332,186.96666666666667,177.0666666666667,135.16666666666666,94.13333333333333,171.66666666666666,148.93333333333334,127.43333333333334,191.1
Ontario,Ottawa - Gatineau (Ontario part),2023,4,1870.0,2260.0,160.29999999999998,187.4,180.4333333333333,134.63333333333333,95.53333333333335,168.33333333333334,149.0,127.73333333333335,192.13333333333333
Ontario,Ottawa - Gatineau (Ontario part),2024,1,1890.0,2290.0,160.5,189.4,182.5666666666667,133.26666666666665,92.0,168.56666666666666,149.5,125.60000000000001,193.96666666666667
Ontario,Ottawa - Gatineau (Ontario part),2024,2,1960.0,2400.0,162.83333333333334,190.73333333333335,184.79999999999998,134.66666666666666,92.63333333333333,173.6,152.29999999999998,127.96666666666668,194.96666666666667
Ontario,Ottawa - Gatineau (Ontario part),2024,3,1960.0,2440.0,163.33333333333334,192.53333333333333,186.29999999999998,134.86666666666667,91.63333333333333,172.9,153.43333333333334,127.33333333333333,195.76666666666665
Ontario,Ottawa - Gatineau (Ontario part),2024,4,1970.0,2470.0,163.23333333333332,191.76666666666665,188.20000000000002,132.76666666666668,92.16666666666667,172.0666666666667,154.16666666666666,126.66666666666667,194.53333333333333
Ontario,Ottawa - Gatineau (Ontario part),2025,1,2010.0,2490.0,164.1,190.73333333333335,189.63333333333333,134.56666666666666,91.93333333333334,173.66666666666666,154.26666666666668,127.83333333333333,191.9
Quebec,Ottawa - Gatineau (Quebec part),2020,1,970.0,1120.0,132.76666666666665,152.26666666666665,137.6,123.46666666666665,95.43333333333334,140.03333333333333,127.33333333333333,103.26666666666667,159.73333333333332
Quebec,Ottawa - Gatineau (Quebec part),2020,2,990.0,1140.0,132.13333333333333,154.20000000000002,137.1,123.7,89.60000000000001,137.26666666666665,127.63333333333333,103.5,160.36666666666667
Quebec,Ottawa - Gatineau (Quebec part),2020,3,1050.0,1180.0,132.79999999999998,153.26666666666668,137.5,124.26666666666667,90.33333333333333,139.26666666666668,129.16666666666666,104.46666666666665,161.03333333333333
Quebec,Ottawa - Gatineau (Quebec part),2020,4,1010.0,1220.0,133.33333333333334,153.20000000000002,138.33333333333334,124.39999999999999,92.53333333333335,139.36666666666667,131.0,104.46666666666665,162.63333333333333
Quebec,Ottawa - Gatineau (Quebec part),2021,1,1020.0,1230.0,135.0,154.9,139.1,124.53333333333335,91.3,145.0,131.0666666666667,105.43333333333334,164.33333333333334
Quebec,Ottawa - Gatineau (Quebec part),2021,2,1060.0,1240.0,137.06666666666666,155.66666666666666,141.4,126.2,93.23333333333333,148.73333333333332,133.26666666666665,106.83333333333333,166.53333333333333
Quebec,Ottawa - Gatineau (Quebec part),2021,3,1170.0,1290.0,138.79999999999998,157.46666666666667,143.5,127.66666666666667,91.36666666666667,152.03333333333333,134.0,108.13333333333333,169.06666666666666
Quebec,Ottawa - Gatineau (Quebec part),2021,4,1210.0,1360.0,140.29999999999998,160.26666666666668,144.5666666666667,128.79999999999998,93.89999999999999,154.6,134.13333333333333,108.0,169.96666666666667
Quebec,Ottawa - Gatineau (Quebec part),2022,1,1220.0,1410.0,142.73333333333332,165.13333333333333,146.29999999999998,129.86666666666667,90.8,159.66666666666666,135.53333333333333,110.36666666666667,172.73333333333335
Quebec,Ottawa - Gatineau (Quebec part),2022,2,1200.0,1430.0,147.26666666666665,170.26666666666665,150.63333333333333,131.93333333333334,93.0,170.73333333333335,138.4333333333333,112.66666666666667,173.46666666666667
Quebec,Ottawa - Gatineau (Quebec part),2022,3,1360.0,1520.0,148.5,173.16666666666666,151.96666666666667,133.53333333333333,91.89999999999999,169.53333333333333,140.46666666666667,114.83333333333333,175.83333333333334
Quebec,Ottawa - Gatineau (Quebec part),2022,4,1370.0,1540.0,149.4333333333333,177.73333333333335,154.36666666666667,132.86666666666667,94.40000000000002,166.26666666666665,142.66666666666666,113.46666666666665,177.79999999999998
Quebec,Ottawa - Gatineau (Quebec part),2023,1,1390.0,1610.0,150.6,182.4333333333333,155.93333333333334,133.53333333333333,91.86666666666667,165.4333333333333,143.53333333333333,113.60000000000001,182.1
Quebec,Ottawa - Gatineau (Quebec part),2023,2,1370.0,1590.0,153.36666666666667,186.1,158.33333333333334,134.36666666666667,95.16666666666667,168.33333333333334,146.6,117.46666666666665,185.76666666666665
Quebec,Ottawa - Gatineau (Quebec part),2023,3,1430.0,1620.0,155.0666666666667,187.16666666666666,161.63333333333333,133.63333333333333,92.89999999999999,172.73333333333335,147.46666666666667,119.10000000000001,187.5666666666667
Quebec,Ottawa - Gatineau (Quebec part),2023,4,1490.0,1670.0,155.29999999999998,187.5666666666667,165.0666666666667,132.66666666666666,93.60000000000001,170.20000000000002,147.53333333333333,117.53333333333335,188.1
Quebec,Ottawa - Gatineau (Quebec part),2024,1,1530.0,1750.0,155.66666666666666,188.83333333333334,167.13333333333333,133.0,88.39999999999999,170.20000000000002,148.96666666666667,116.36666666666667,189.96666666666667
Quebec,Ottawa - Gatineau (Quebec part),2024,2,1510.0,1760.0,157.56666666666666,189.33333333333334,169.4,133.20000000000002,91.36666666666667,173.53333333333333,151.43333333333334,118.43333333333334,192.26666666666665
Quebec,Ottawa - Gatineau (Quebec part),2024,3,1520.0,1750.0,157.66666666666666,190.29999999999998,171.6,132.9,87.36666666666667,171.53333333333333,152.0,118.96666666666665,194.03333333333333
Quebec,Ottawa - Gatineau (Quebec part),2024,4,1580.0,1770.0,157.73333333333335,189.70000000000002,173.76666666666665,132.16666666666666,90.06666666666666,169.43333333333334,152.6,117.46666666666665,193.0
Quebec,Ottawa - Gatineau (Quebec part),2025,1,1520.0,1680.0,158.63333333333333,191.69999999999996,175.5,132.46666666666667,88.0,170.79999999999998,152.23333333333332,118.36666666666667,194.13333333333333
Ontario,Peterborough,2020,1,1150.0,1420.0,138.20000000000002,154.73333333333335,149.20000000000002,124.86666666666667,92.33333333333333,142.66666666666666,130.23333333333335,116.7,176.23333333333335
Ontario,Peterborough,2020,2,1180.0,1440.0,137.79999999999998,156.36666666666667,148.70000000000002,125.66666666666667,88.60000000000001,140.86666666666667,128.76666666666668,118.09999999999998,176.5666666666667
Ontario,Peterborough,2020,3,1180.0,1440.0,138.5666666666667,155.83333333333334,150.06666666666666,125.53333333333335,89.7,142.29999999999998,129.20000000000002,118.43333333333334,176.76666666666665
Ontario,Peterborough,2020,4,1180.0,1490.0,138.9,155.16666666666666,152.29999999999998,125.60000000000001,90.5,141.9333333333333,130.03333333333333,117.03333333333335,176.26666666666665
Ontario,Peterborough,2021,1,1300.0,1570.0,140.23333333333332,157.26666666666665,152.16666666666666,126.3,88.96666666666665,147.26666666666668,130.53333333333333,117.2,177.63333333333333
Ontario,Peterborough,2021,2,1310.0,1580.0,142.5,157.79999999999998,155.73333333333332,126.89999999999999,90.2,150.73333333333332,133.23333333333332,118.66666666666667,178.86666666666667
Ontario,Peterborough,2021,3,1330.0,1680.0,144.06666666666666,159.83333333333334,157.66666666666666,128.20000000000002,89.96666666666665,153.1,134.6,119.63333333333333,177.20000000000002
Ontario,Peterborough,2021,4,1340.0,1640.0,145.9,162.5,160.6,129.06666666666666,92.23333333333333,155.5,134.83333333333334,118.93333333333334,177.63333333333333
Ontario,Peterborough,2022,1,1350.0,1710.0,149.0,168.66666666666666,163.13333333333335,130.83333333333334,91.26666666666667,161.13333333333333,135.96666666666667,121.26666666666667,180.26666666666665
Ontario,Peterborough,2022,2,1460.0,1770.0,153.23333333333332,172.73333333333335,167.0,133.86666666666667,92.96666666666665,170.96666666666667,139.23333333333332,123.63333333333333,180.73333333333335
Ontario,Peterborough,2022,3,1510.0,1880.0,154.26666666666665,175.79999999999998,168.93333333333334,135.20000000000002,92.16666666666667,167.56666666666666,141.0666666666667,126.13333333333333,181.23333333333335
Ontario,Peterborough,2022,4,1510.0,1870.0,155.13333333333333,178.53333333333333,171.4333333333333,135.76666666666668,93.7,165.83333333333334,142.66666666666666,123.46666666666665,182.86666666666667
Ontario,Peterborough,2023,1,1540.0,1880.0,156.46666666666667,184.4333333333333,173.23333333333335,135.83333333333334,92.53333333333335,163.86666666666667,144.76666666666668,124.3,187.9333333333333
Ontario,Peterborough,2023,2,1570.0,1920.0,158.26666666666668,186.26666666666665,174.66666666666666,136.43333333333334,93.76666666666667,167.6,147.83333333333334,126.56666666666666,189.33333333333334
Ontario,Peterborough,2023,3,1550.0,1910.0,159.73333333333332,186.96666666666667,177.0666666666667,135.16666666666666,94.13333333333333,171.66666666666666,148.93333333333334,127.43333333333334,191.1
Ontario,Peterborough,2023,4,1590.0,1920.0,160.29999999999998,187.4,180.4333333333333,134.63333333333333,95.53333333333335,168.33333333333334,149.0,127.73333333333335,192.13333333333333
Ontario,Peterborough,2024,1,1610.0,1970.0,160.5,189.4,182.5666666666667,133.26666666666665,92.0,168.56666666666666,149.5,125.60000000000001,193.96666666666667
Ontario,Peterborough,2024,2,1630.0,1960.0,162.83333333333334,190.73333333333335,184.79999999999998,134.66666666666666,92.63333333333333,173.6,152.29999999999998,127.96666666666668,194.96666666666667
Ontario,Peterborough,2024,3,1630.0,2000.0,163.33333333333334,192.53333333333333,186.29999999999998,134.86666666666667,91.63333333333333,172.9,153.43333333333334,127.33333333333333,195.76666666666665
Ontario,Peterborough,2024,4,1590.0,1950.0,163.23333333333332,191.76666666666665,188.20000000000002,132.76666666666668,92.16666666666667,172.0666666666667,154.16666666666666,126.66666666666667,194.53333333333333
Ontario,Peterborough,2025,1,1600.0,1940.0,164.1,190.73333333333335,189.63333333333333,134.56666666666666,91.93333333333334,173.66666666666666,154.26666666666668,127.83333333333333,191.9
Quebec,Québec,2020,1,780.0,900.0,132.76666666666665,152.26666666666665,137.6,123.46666666666665,95.43333333333334,140.03333333333333,127.33333333333333,103.26666666666667,159.73333333333332
Quebec,Québec,2020,2,830.0,940.0,132.13333333333333,154.20000000000002,137.1,123.7,89.60000000000001,137.26666666666665,127.63333333333333,103.5,160.36666666666667
Quebec,Québec,2020,3,900.0,960.0,132.79999999999998,153.26666666666668,137.5,124.26666666666667,90.33333333333333,139.26666666666668,129.16666666666666,104.46666666666665,161.03333333333333
Quebec,Québec,2020,4,890.0,1000.0,133.33333333333334,153.20000000000002,138.33333333333334,124.39999999999999,92.53333333333335,139.36666666666667,131.0,104.46666666666665,162.63333333333333
Quebec,Québec,2021,1,840.0,980.0,135.0,154.9,139.1,124.53333333333335,91.3,145.0,131.0666666666667,105.43333333333334,164.33333333333334
Quebec,Québec,2021,2,920.0,1010.0,137.06666666666666,155.66666666666666,141.4,126.2,93.23333333333333,148.73333333333332,133.26666666666665,106.83333333333333,166.53333333333333
Quebec,Québec,2021,3,900.0,1060.0,138.79999999999998,157.46666666666667,143.5,127.66666666666667,91.36666666666667,152.03333333333333,134.0,108.13333333333333,169.06666666666666
Quebec,Québec,2021,4,960.0,1090.0,140.29999999999998,160.26666666666668,144.5666666666667,128.79999999999998,93.89999999999999,154.6,134.13333333333333,108.0,169.96666666666667
Quebec,Québec,2022,1,890.0,1010.0,142.73333333333332,165.13333333333333,146.29999999999998,129.86666666666667,90.8,159.66666666666666,135.53333333333333,110.36666666666667,172.73333333333335
Quebec,Québec,2022,2,920.0,1110.0,147.26666666666665,170.26666666666665,150.63333333333333,131.93333333333334,93.0,170.73333333333335,138.4333333333333,112.66666666666667,173.46666666666667
Quebec,Québec,2022,3,1000.0,1190.0,148.5,173.16666666666666,151.96666666666667,133.53333333333333,91.89999999999999,169.53333333333333,140.46666666666667,114.83333333333333,175.83333333333334
Quebec,Québec,2022,4,1060.0,1250.0,149.4333333333333,177.73333333333335,154.36666666666667,132.86666666666667,94.40000000000002,166.26666666666665,142.66666666666666,113.46666666666665,177.79999999999998
Quebec,Québec,2023,1,1030.0,1200.0,150.6,182.4333333333333,155.93333333333334,133.53333333333333,91.86666666666667,165.4333333333333,143.53333333333333,113.60000000000001,182.1
Quebec,Québec,2023,2,1100.0,1300.0,153.36666666666667,186.1,158.33333333333334,134.36666666666667,95.16666666666667,168.33333333333334,146.6,117.46666666666665,185.76666666666665
Quebec,Québec,2023,3,1200.0,1360.0,155.0666666666667,187.16666666666666,161.63333333333333,133.63333333333333,92.89999999999999,172.73333333333335,147.46666666666667,119.10000000000001,187.5666666666667
Quebec,Québec,2023,4,1260.0,1470.0,155.29999999999998,187.5666666666667,165.0666666666667,132.66666666666666,93.60000000000001,170.20000000000002,147.53333333333333,117.53333333333335,188.1
Quebec,Québec,2024,1,1190.0,1420.0,155.66666666666666,188.83333333333334,167.13333333333333,133.0,88.39999999999999,170.20000000000002,148.96666666666667,116.36666666666667,189.96666666666667
Quebec,Québec,2024,2,1220.0,1560.0,157.56666666666666,189.33333333333334,169.4,133.20000000000002,91.36666666666667,173.53333333333333,151.43333333333334,118.43333333333334,192.26666666666665
Quebec,Québec,2024,3,1220.0,1570.0,157.66666666666666,190.29999999999998,171.6,132.9,87.36666666666667,171.53333333333333,152.0,118.96666666666665,194.03333333333333
Quebec,Québec,2024,4,1280.0,1530.0,157.73333333333335,189.70000000000002,173.76666666666665,132.16666666666666,90.06666666666666,169.43333333333334,152.6,117.46666666666665,193.0
Quebec,Québec,2025,1,1210.0,1470.0,158.63333333333333,191.69999999999996,175.5,132.46666666666667,88.0,170.79999999999998,152.23333333333332,118.36666666666667,194.13333333333333
Alberta,Red Deer,2020,1,820.0,990.0,144.76666666666665,153.20000000000002,174.46666666666667,122.56666666666666,102.0,146.13333333333333,139.76666666666665,114.63333333333333,171.46666666666667
Alberta,Red Deer,2020,2,830.0,990.0,144.03333333333333,153.70000000000002,173.73333333333335,122.63333333333333,96.66666666666667,144.70000000000002,139.5,114.66666666666667,173.4
Alberta,Red Deer,2020,3,860.0,1000.0,144.70000000000002,152.79999999999998,174.66666666666666,122.66666666666667,96.93333333333334,147.23333333333332,140.23333333333335,115.46666666666665,172.26666666666665
Alberta,Red Deer,2020,4,860.0,990.0,145.13333333333333,152.96666666666667,175.5333333333333,122.16666666666667,97.53333333333335,148.53333333333333,140.23333333333335,115.56666666666668,171.13333333333333
Alberta,Red Deer,2021,1,890.0,1010.0,146.36666666666667,155.0,176.86666666666667,121.33333333333333,93.76666666666667,153.5,140.66666666666666,115.8,170.66666666666666
Alberta,Red Deer,2021,2,860.0,1020.0,148.4,156.76666666666668,178.0,121.7,96.03333333333335,158.79999999999998,141.03333333333333,116.73333333333335,173.26666666666665
Alberta,Red Deer,2021,3,850.0,1050.0,150.70000000000002,157.9,182.4,122.39999999999999,95.53333333333335,163.23333333333335,141.33333333333334,119.26666666666667,173.79999999999998
Alberta,Red Deer,2021,4,840.0,1060.0,151.6,159.70000000000002,183.4,122.06666666666666,96.60000000000001,166.03333333333333,141.4,118.83333333333333,172.83333333333334
Alberta,Red Deer,2022,1,880.0,1060.0,154.6,164.66666666666666,187.26666666666665,123.03333333333335,95.56666666666666,171.0666666666667,141.33333333333334,121.5,174.9333333333333
Alberta,Red Deer,2022,2,900.0,1120.0,159.20000000000002,168.53333333333333,192.0333333333333,126.96666666666665,99.03333333333335,180.23333333333335,143.36666666666667,123.76666666666667,178.20000000000002
Alberta,Red Deer,2022,3,880.0,1100.0,160.5,172.4,192.9,128.26666666666668,98.10000000000001,180.46666666666667,145.46666666666667,125.2,179.0
Alberta,Red Deer,2022,4,950.0,1150.0,161.4,176.13333333333333,196.1,128.76666666666668,99.5,177.36666666666667,147.9,122.73333333333333,181.29999999999998
Alberta,Red Deer,2023,1,940.0,1160.0,160.76666666666665,180.33333333333334,194.16666666666666,128.29999999999998,98.0,171.20000000000002,150.76666666666665,122.83333333333333,182.96666666666667
Alberta,Red Deer,2023,2,990.0,1220.0,164.06666666666666,182.20000000000002,201.79999999999998,127.73333333333333,99.16666666666667,177.4,153.13333333333333,124.53333333333335,185.5
Alberta,Red Deer,2023,3,1030.0,1290.0,166.26666666666668,183.46666666666667,210.80000000000004,125.86666666666667,97.66666666666667,179.73333333333335,154.53333333333333,124.89999999999999,187.6
Alberta,Red Deer,2023,4,1200.0,1420.0,165.46666666666667,184.6,212.13333333333333,123.89999999999999,97.86666666666667,175.4333333333333,155.03333333333333,123.03333333333335,188.29999999999998
Alberta,Red Deer,2024,1,1120.0,1440.0,166.66666666666666,187.4333333333333,215.46666666666667,125.13333333333333,94.10000000000001,176.1,156.20000000000002,121.76666666666665,191.4
Alberta,Red Deer,2024,2,1230.0,1440.0,169.03333333333333,187.9666666666667,217.76666666666665,124.43333333333334,96.13333333333333,183.16666666666666,158.4,124.60000000000001,194.29999999999998
Alberta,Red Deer,2024,3,1180.0,1420.0,169.9333333333333,189.70000000000002,219.83333333333334,125.0,95.23333333333333,183.5666666666667,158.53333333333333,125.13333333333333,194.5
Alberta,Red Deer,2024,4,1210.0,1430.0,170.0,189.86666666666667,223.33333333333334,124.3,95.26666666666667,180.5666666666667,157.79999999999998,124.66666666666667,195.79999999999998
Alberta,Red Deer,2025,1,1180.0,1410.0,171.16666666666666,190.9333333333333,224.4333333333333,125.83333333333333,95.10000000000001,182.73333333333335,158.66666666666666,125.2,196.03333333333333
Saskatchewan,Regina,2020,1,930.0,1120.0,140.6,155.5666666666667,171.70000000000002,114.39999999999999,104.96666666666665,134.66666666666666,127.7,115.36666666666667,183.6
Saskatchewan,Regina,2020,2,920.0,1100.0,139.9333333333333,155.33333333333334,171.73333333333335,115.83333333333333,99.73333333333333,131.6,128.5666666666667,116.5,182.86666666666667
Saskatchewan,Regina,2020,3,930.0,1140.0,141.0,155.23333333333332,171.83333333333334,116.43333333333334,102.10000000000001,134.33333333333334,129.06666666666666,117.89999999999999,182.4333333333333
Saskatchewan,Regina,2020,4,910.0,1110.0,141.36666666666667,154.96666666666667,172.36666666666667,117.56666666666666,102.66666666666667,133.93333333333334,128.23333333333332,118.83333333333333,183.03333333333333
Saskatchewan,Regina,2021,1,930.0,1120.0,142.53333333333333,157.03333333333333,171.4333333333333,115.76666666666667,102.66666666666667,139.2,128.5,120.16666666666667,184.9
Saskatchewan,Regina,2021,2,930.0,1150.0,143.79999999999998,158.1,172.70000000000002,115.73333333333333,103.06666666666666,141.79999999999998,129.96666666666667,120.23333333333333,188.5666666666667
Saskatchewan,Regina,2021,3,930.0,1170.0,145.0,159.6,173.66666666666666,117.83333333333333,102.23333333333333,143.16666666666666,130.76666666666668,121.10000000000001,190.03333333333333
Saskatchewan,Regina,2021,4,920.0,1100.0,146.26666666666668,161.26666666666668,174.9,117.86666666666667,102.39999999999999,145.5,131.9333333333333,123.13333333333333,190.73333333333335
Saskatchewan,Regina,2022,1,940.0,1130.0,149.43333333333334,166.43333333333334,178.4333333333333,119.89999999999999,100.7,151.03333333333333,132.26666666666665,124.96666666666665,193.5
Saskatchewan,Regina,2022,2,950.0,1170.0,153.86666666666667,169.56666666666666,179.9,121.76666666666667,102.8,166.4,134.46666666666667,125.56666666666666,197.23333333333335
Saskatchewan,Regina,2022,3,970.0,1200.0,155.63333333333333,174.73333333333335,182.83333333333334,122.26666666666667,102.36666666666667,167.23333333333332,136.06666666666666,125.13333333333333,200.53333333333333
Saskatchewan,Regina,2022,4,1000.0,1170.0,156.83333333333334,178.1,187.5,121.56666666666666,102.76666666666667,165.23333333333335,139.36666666666667,124.93333333333334,200.66666666666666
Saskatchewan,Regina,2023,1,1060.0,1250.0,157.70000000000002,182.66666666666666,189.4333333333333,121.89999999999999,102.5,162.36666666666667,141.16666666666666,125.63333333333333,202.79999999999998
Saskatchewan,Regina,2023,2,1080.0,1380.0,160.43333333333334,184.4666666666667,193.1,123.3,103.43333333333334,166.70000000000002,144.0666666666667,128.4333333333333,205.0
Saskatchewan,Regina,2023,3,1080.0,1360.0,161.29999999999998,186.03333333333333,194.76666666666665,122.96666666666665,102.56666666666666,167.63333333333333,144.66666666666666,129.13333333333333,207.96666666666667
Saskatchewan,Regina,2023,4,1140.0,1340.0,160.36666666666667,186.76666666666665,197.13333333333333,119.8,101.36666666666667,163.36666666666667,144.53333333333333,127.63333333333333,208.66666666666666
Saskatchewan,Regina,2024,1,1120.0,1370.0,160.4,189.0666666666667,197.6,120.10000000000001,97.63333333333333,162.20000000000002,145.5,126.23333333333333,211.5
Saskatchewan,Regina,2024,2,1170.0,1410.0,162.53333333333333,190.46666666666667,200.0,119.66666666666667,98.7,166.63333333333333,148.4333333333333,129.63333333333333,212.4333333333333
Saskatchewan,Regina,2024,3,1220.0,1440.0,163.1,192.0666666666667,201.16666666666666,120.0,97.0,167.0666666666667,148.4,130.03333333333333,212.70000000000002
Saskatchewan,Regina,2024,4,1230.0,1440.0,163.03333333333333,192.4,204.33333333333334,119.36666666666667,98.93333333333334,163.26666666666665,148.5666666666667,129.5,211.73333333333335
Saskatchewan,Regina,2025,1,1230.0,1410.0,164.63333333333333,193.76666666666665,206.36666666666667,120.06666666666666,99.96666666666665,165.96666666666667,148.70000000000002,131.53333333333333,212.0666666666667
New Brunswick,Saint John,2020,1,820.0,940.0,137.16666666666666,158.66666666666666,142.5,124.46666666666665,101.26666666666665,135.83333333333334,119.96666666666665,122.56666666666666,206.63333333333333
New Brunswick,Saint John,2020,2,830.0,1000.0,135.6,160.66666666666666,141.4333333333333,125.60000000000001,94.23333333333333,130.43333333333334,120.39999999999999,121.56666666666666,207.6
New Brunswick,Saint John,2020,3,830.0,1050.0,136.66666666666666,159.53333333333333,142.1,126.03333333333335,97.8,133.23333333333332,120.39999999999999,122.3,208.0
New Brunswick,Saint John,2020,4,820.0,1000.0,136.9,159.70000000000002,142.4333333333333,125.36666666666667,98.89999999999999,134.16666666666666,121.03333333333335,121.7,207.0666666666667
New Brunswick,Saint John,2021,1,860.0,1120.0,138.7,161.79999999999998,143.66666666666666,124.2,97.23333333333333,140.73333333333332,120.96666666666665,121.76666666666667,206.5
New Brunswick,Saint John,2021,2,860.0,1110.0,141.0666666666667,163.43333333333334,146.86666666666667,124.56666666666666,98.33333333333333,145.43333333333334,122.0,122.5,209.5
New Brunswick,Saint John,2021,3,870.0,1110.0,142.93333333333334,166.4,148.1,125.03333333333335,98.83333333333333,149.79999999999998,122.56666666666666,123.7,210.70000000000002
New Brunswick,Saint John,2021,4,870.0,1120.0,144.46666666666667,168.70000000000002,149.6,125.56666666666666,98.46666666666665,152.43333333333334,123.60000000000001,125.39999999999999,211.0666666666667
New Brunswick,Saint John,2022,1,910.0,1160.0,147.33333333333334,173.66666666666666,152.23333333333332,126.56666666666666,98.83333333333333,158.23333333333332,123.3,128.1,211.6
New Brunswick,Saint John,2022,2,960.0,1110.0,153.03333333333333,178.96666666666667,157.46666666666667,129.6,101.8,171.9333333333333,126.96666666666665,129.5,214.4333333333333
New Brunswick,Saint John,2022,3,1010.0,1230.0,153.53333333333333,183.0666666666667,157.86666666666667,128.76666666666668,102.43333333333334,169.73333333333335,129.16666666666666,130.73333333333332,215.4
New Brunswick,Saint John,2022,4,1010.0,1260.0,154.5666666666667,185.53333333333333,162.66666666666666,129.6,103.7,166.5666666666667,130.96666666666667,128.43333333333334,216.76666666666665
New Brunswick,Saint John,2023,1,1060.0,1300.0,155.43333333333334,190.36666666666665,162.36666666666667,129.9,104.03333333333335,165.4333333333333,134.29999999999998,129.6,217.83333333333334
New Brunswick,Saint John,2023,2,1090.0,1320.0,157.43333333333334,194.9333333333333,163.0666666666667,130.70000000000002,104.66666666666667,168.13333333333333,136.63333333333333,131.73333333333332,222.96666666666667
New Brunswick,Saint John,2023,3,1160.0,1400.0,158.83333333333334,196.66666666666666,165.53333333333333,127.60000000000001,104.36666666666667,173.46666666666667,137.5,132.1,225.26666666666665
New Brunswick,Saint John,2023,4,1170.0,1450.0,158.36666666666667,197.0666666666667,168.0,127.36666666666667,104.16666666666667,168.16666666666666,137.33333333333334,130.70000000000002,226.5
New Brunswick,Saint John,2024,1,1090.0,1520.0,159.0666666666667,199.4333333333333,169.0,128.5,101.73333333333335,167.6,138.93333333333334,131.13333333333333,227.23333333333335
New Brunswick,Saint John,2024,2,1110.0,1430.0,161.96666666666667,201.33333333333334,174.0666666666667,128.79999999999998,102.93333333333334,172.63333333333333,141.5,132.29999999999998,230.36666666666667
New Brunswick,Saint John,2024,3,1190.0,1590.0,161.79999999999998,203.03333333333333,174.79999999999998,129.6,98.83333333333333,170.1,141.1,132.4,232.03333333333333
New Brunswick,Saint John,2024,4,1230.0,1550.0,161.16666666666666,201.5,176.76666666666665,128.53333333333333,97.5,168.29999999999998,141.86666666666665,130.79999999999998,230.03333333333333
New Brunswick,Saint John,2025,1,1180.0,1520.0,161.5666666666667,201.26666666666665,175.66666666666666,129.6,97.66666666666667,170.20000000000002,142.46666666666667,133.06666666666666,225.5333333333333
Saskatchewan,Saskatoon,2020,1,950.0,1170.0,140.6,155.5666666666667,171.70000000000002,114.39999999999999,104.96666666666665,134.66666666666666,127.7,115.36666666666667,183.6
Saskatchewan,Saskatoon,2020,2,970.0,1160.0,139.9333333333333,155.33333333333334,171.73333333333335,115.83333333333333,99.73333333333333,131.6,128.5666666666667,116.5,182.86666666666667
Saskatchewan,Saskatoon,2020,3,950.0,1190.0,141.0,155.23333333333332,171.83333333333334,116.43333333333334,102.10000000000001,134.33333333333334,129.06666666666666,117.89999999999999,182.4333333333333
Saskatchewan,Saskatoon,2020,4,970.0,1180.0,141.36666666666667,154.96666666666667,172.36666666666667,117.56666666666666,102.66666666666667,133.93333333333334,128.23333333333332,118.83333333333333,183.03333333333333
Saskatchewan,Saskatoon,2021,1,1010.0,1210.0,142.53333333333333,157.03333333333333,171.4333333333333,115.76666666666667,102.66666666666667,139.2,128.5,120.16666666666667,184.9
Saskatchewan,Saskatoon,2021,2,990.0,1220.0,143.79999999999998,158.1,172.70000000000002,115.73333333333333,103.06666666666666,141.79999999999998,129.96666666666667,120.23333333333333,188.5666666666667
Saskatchewan,Saskatoon,2021,3,990.0,1210.0,145.0,159.6,173.66666666666666,117.83333333333333,102.23333333333333,143.16666666666666,130.76666666666668,121.10000000000001,190.03333333333333
Saskatchewan,Saskatoon,2021,4,990.0,1210.0,146.26666666666668,161.26666666666668,174.9,117.86666666666667,102.39999999999999,145.5,131.9333333333333,123.13333333333333,190.73333333333335
Saskatchewan,Saskatoon,2022,1,1020.0,1210.0,149.43333333333334,166.43333333333334,178.4333333333333,119.89999999999999,100.7,151.03333333333333,132.26666666666665,124.96666666666665,193.5
Saskatchewan,Saskatoon,2022,2,1000.0,1220.0,153.86666666666667,169.56666666666666,179.9,121.76666666666667,102.8,166.4,134.46666666666667,125.56666666666666,197.23333333333335
Saskatchewan,Saskatoon,2022,3,1050.0,1310.0,155.63333333333333,174.73333333333335,182.83333333333334,122.26666666666667,102.36666666666667,167.23333333333332,136.06666666666666,125.13333333333333,200.53333333333333
Saskatchewan,Saskatoon,2022,4,1070.0,1350.0,156.83333333333334,178.1,187.5,121.56666666666666,102.76666666666667,165.23333333333335,139.36666666666667,124.93333333333334,200.66666666666666
Saskatchewan,Saskatoon,2023,1,1160.0,1350.0,157.70000000000002,182.66666666666666,189.4333333333333,121.89999999999999,102.5,162.36666666666667,141.16666666666666,125.63333333333333,202.79999999999998
Saskatchewan,Saskatoon,2023,2,1150.0,1360.0,160.43333333333334,184.4666666666667,193.1,123.3,103.43333333333334,166.70000000000002,144.0666666666667,128.4333333333333,205.0
Saskatchewan,Saskatoon,2023,3,1120.0,1360.0,161.29999999999998,186.03333333333333,194.76666666666665,122.96666666666665,102.56666666666666,167.63333333333333,144.66666666666666,129.13333333333333,207.96666666666667
Saskatchewan,Saskatoon,2023,4,1150.0,1470.0,160.36666666666667,186.76666666666665,197.13333333333333,119.8,101.36666666666667,163.36666666666667,144.53333333333333,127.63333333333333,208.66666666666666
Saskatchewan,Saskatoon,2024,1,1210.0,1490.0,160.4,189.0666666666667,197.6,120.10000000000001,97.63333333333333,162.20000000000002,145.5,126.23333333333333,211.5
Saskatchewan,Saskatoon,2024,2,1230.0,1480.0,162.53333333333333,190.46666666666667,200.0,119.66666666666667,98.7,166.63333333333333,148.4333333333333,129.63333333333333,212.4333333333333
Saskatchewan,Saskatoon,2024,3,1270.0,1510.0,163.1,192.0666666666667,201.16666666666666,120.0,97.0,167.0666666666667,148.4,130.03333333333333,212.70000000000002
Saskatchewan,Saskatoon,2024,4,1280.0,1520.0,163.03333333333333,192.4,204.33333333333334,119.36666666666667,98.93333333333334,163.26666666666665,148.5666666666667,129.5,211.73333333333335
Saskatchewan,Saskatoon,2025,1,1270.0,1490.0,164.63333333333333,193.76666666666665,206.36666666666667,120.06666666666666,99.96666666666665,165.96666666666667,148.70000000000002,131.53333333333333,212.0666666666667
Quebec,Sherbrooke,2020,1,580.0,680.0,132.76666666666665,152.26666666666665,137.6,123.46666666666665,95.43333333333334,140.03333333333333,127.33333333333333,103.26666666666667,159.73333333333332
Quebec,Sherbrooke,2020,2,590.0,700.0,132.13333333333333,154.20000000000002,137.1,123.7,89.60000000000001,137.26666666666665,127.63333333333333,103.5,160.36666666666667
Quebec,Sherbrooke,2020,3,610.0,740.0,132.79999999999998,153.26666666666668,137.5,124.26666666666667,90.33333333333333,139.26666666666668,129.16666666666666,104.46666666666665,161.03333333333333
Quebec,Sherbrooke,2020,4,680.0,810.0,133.33333333333334,153.20000000000002,138.33333333333334,124.39999999999999,92.53333333333335,139.36666666666667,131.0,104.46666666666665,162.63333333333333
Quebec,Sherbrooke,2021,1,670.0,790.0,135.0,154.9,139.1,124.53333333333335,91.3,145.0,131.0666666666667,105.43333333333334,164.33333333333334
Quebec,Sherbrooke,2021,2,730.0,880.0,137.06666666666666,155.66666666666666,141.4,126.2,93.23333333333333,148.73333333333332,133.26666666666665,106.83333333333333,166.53333333333333
Quebec,Sherbrooke,2021,3,710.0,920.0,138.79999999999998,157.46666666666667,143.5,127.66666666666667,91.36666666666667,152.03333333333333,134.0,108.13333333333333,169.06666666666666
Quebec,Sherbrooke,2021,4,800.0,890.0,140.29999999999998,160.26666666666668,144.5666666666667,128.79999999999998,93.89999999999999,154.6,134.13333333333333,108.0,169.96666666666667
Quebec,Sherbrooke,2022,1,780.0,980.0,142.73333333333332,165.13333333333333,146.29999999999998,129.86666666666667,90.8,159.66666666666666,135.53333333333333,110.36666666666667,172.73333333333335
Quebec,Sherbrooke,2022,2,830.0,1010.0,147.26666666666665,170.26666666666665,150.63333333333333,131.93333333333334,93.0,170.73333333333335,138.4333333333333,112.66666666666667,173.46666666666667
Quebec,Sherbrooke,2022,3,800.0,1060.0,148.5,173.16666666666666,151.96666666666667,133.53333333333333,91.89999999999999,169.53333333333333,140.46666666666667,114.83333333333333,175.83333333333334
Quebec,Sherbrooke,2022,4,890.0,1160.0,149.4333333333333,177.73333333333335,154.36666666666667,132.86666666666667,94.40000000000002,166.26666666666665,142.66666666666666,113.46666666666665,177.79999999999998
Quebec,Sherbrooke,2023,1,880.0,1090.0,150.6,182.4333333333333,155.93333333333334,133.53333333333333,91.86666666666667,165.4333333333333,143.53333333333333,113.60000000000001,182.1
Quebec,Sherbrooke,2023,2,960.0,1110.0,153.36666666666667,186.1,158.33333333333334,134.36666666666667,95.16666666666667,168.33333333333334,146.6,117.46666666666665,185.76666666666665
Quebec,Sherbrooke,2023,3,900.0,1180.0,155.0666666666667,187.16666666666666,161.63333333333333,133.63333333333333,92.89999999999999,172.73333333333335,147.46666666666667,119.10000000000001,187.5666666666667
Quebec,Sherbrooke,2023,4,960.0,1270.0,155.29999999999998,187.5666666666667,165.0666666666667,132.66666666666666,93.60000000000001,170.20000000000002,147.53333333333333,117.53333333333335,188.1
Quebec,Sherbrooke,2024,1,1020.0,1230.0,155.66666666666666,188.83333333333334,167.13333333333333,133.0,88.39999999999999,170.20000000000002,148.96666666666667,116.36666666666667,189.96666666666667
Quebec,Sherbrooke,2024,2,980.0,1240.0,157.56666666666666,189.33333333333334,169.4,133.20000000000002,91.36666666666667,173.53333333333333,151.43333333333334,118.43333333333334,192.26666666666665
Quebec,Sherbrooke,2024,3,1000.0,1190.0,157.66666666666666,190.29999999999998,171.6,132.9,87.36666666666667,171.53333333333333,152.0,118.96666666666665,194.03333333333333
Quebec,Sherbrooke,2024,4,1000.0,1230.0,157.73333333333335,189.70000000000002,173.76666666666665,132.16666666666666,90.06666666666666,169.43333333333334,152.6,117.46666666666665,193.0
Quebec,Sherbrooke,2025,1,1030.0,1250.0,158.63333333333333,191.69999999999996,175.5,132.46666666666667,88.0,170.79999999999998,152.23333333333332,118.36666666666667,194.13333333333333
Ontario,St. Catharines - Niagara,2020,1,1130.0,1390.0,138.20000000000002,154.73333333333335,149.20000000000002,124.86666666666667,92.33333333333333,142.66666666666666,130.23333333333335,116.7,176.23333333333335
Ontario,St. Catharines - Niagara,2020,2,1160.0,1390.0,137.79999999999998,156.36666666666667,148.70000000000002,125.66666666666667,88.60000000000001,140.86666666666667,128.76666666666668,118.09999999999998,176.5666666666667
Ontario,St. Catharines - Niagara,2020,3,1180.0,1420.0,138.5666666666667,155.83333333333334,150.06666666666666,125.53333333333335,89.7,142.29999999999998,129.20000000000002,118.43333333333334,176.76666666666665
Ontario,St. Catharines - Niagara,2020,4,1190.0,1430.0,138.9,155.16666666666666,152.29999999999998,125.60000000000001,90.5,141.9333333333333,130.03333333333333,117.03333333333335,176.26666666666665
Ontario,St. Catharines - Niagara,2021,1,1230.0,1470.0,140.23333333333332,157.26666666666665,152.16666666666666,126.3,88.96666666666665,147.26666666666668,130.53333333333333,117.2,177.63333333333333
Ontario,St. Catharines - Niagara,2021,2,1290.0,1580.0,142.5,157.79999999999998,155.73333333333332,126.89999999999999,90.2,150.73333333333332,133.23333333333332,118.66666666666667,178.86666666666667
Ontario,St. Catharines - Niagara,2021,3,1340.0,1580.0,144.06666666666666,159.83333333333334,157.66666666666666,128.20000000000002,89.96666666666665,153.1,134.6,119.63333333333333,177.20000000000002
Ontario,St. Catharines - Niagara,2021,4,1400.0,1640.0,145.9,162.5,160.6,129.06666666666666,92.23333333333333,155.5,134.83333333333334,118.93333333333334,177.63333333333333
Ontario,St. Catharines - Niagara,2022,1,1440.0,1670.0,149.0,168.66666666666666,163.13333333333335,130.83333333333334,91.26666666666667,161.13333333333333,135.96666666666667,121.26666666666667,180.26666666666665
Ontario,St. Catharines - Niagara,2022,2,1440.0,1700.0,153.23333333333332,172.73333333333335,167.0,133.86666666666667,92.96666666666665,170.96666666666667,139.23333333333332,123.63333333333333,180.73333333333335
Ontario,St. Catharines - Niagara,2022,3,1490.0,1790.0,154.26666666666665,175.79999999999998,168.93333333333334,135.20000000000002,92.16666666666667,167.56666666666666,141.0666666666667,126.13333333333333,181.23333333333335
Ontario,St. Catharines - Niagara,2022,4,1460.0,1740.0,155.13333333333333,178.53333333333333,171.4333333333333,135.76666666666668,93.7,165.83333333333334,142.66666666666666,123.46666666666665,182.86666666666667
Ontario,St. Catharines - Niagara,2023,1,1490.0,1770.0,156.46666666666667,184.4333333333333,173.23333333333335,135.83333333333334,92.53333333333335,163.86666666666667,144.76666666666668,124.3,187.9333333333333
Ontario,St. Catharines - Niagara,2023,2,1520.0,1760.0,158.26666666666668,186.26666666666665,174.66666666666666,136.43333333333334,93.76666666666667,167.6,147.83333333333334,126.56666666666666,189.33333333333334
Ontario,St. Catharines - Niagara,2023,3,1520.0,1790.0,159.73333333333332,186.96666666666667,177.0666666666667,135.16666666666666,94.13333333333333,171.66666666666666,148.93333333333334,127.43333333333334,191.1
Ontario,St. Catharines - Niagara,2023,4,1560.0,1850.0,160.29999999999998,187.4,180.4333333333333,134.63333333333333,95.53333333333335,168.33333333333334,149.0,127.73333333333335,192.13333333333333
Ontario,St. Catharines - Niagara,2024,1,1580.0,1850.0,160.5,189.4,182.5666666666667,133.26666666666665,92.0,168.56666666666666,149.5,125.60000000000001,193.96666666666667
Ontario,St. Catharines - Niagara,2024,2,1580.0,1840.0,162.83333333333334,190.73333333333335,184.79999999999998,134.66666666666666,92.63333333333333,173.6,152.29999999999998,127.96666666666668,194.96666666666667
Ontario,St. Catharines - Niagara,2024,3,1580.0,1870.0,163.33333333333334,192.53333333333333,186.29999999999998,134.86666666666667,91.63333333333333,172.9,153.43333333333334,127.33333333333333,195.76666666666665
Ontario,St. Catharines - Niagara,2024,4,1610.0,1870.0,163.23333333333332,191.76666666666665,188.20000000000002,132.76666666666668,92.16666666666667,172.0666666666667,154.16666666666666,126.66666666666667,194.53333333333333
Ontario,St. Catharines - Niagara,2025,1,1580.0,1890.0,164.1,190.73333333333335,189.63333333333333,134.56666666666666,91.93333333333334,173.66666666666666,154.26666666666668,127.83333333333333,191.9
Newfoundland and Labrador,St. John's,2020,1,810.0,960.0,139.83333333333334,150.06666666666666,165.76666666666668,121.3,97.93333333333334,143.86666666666667,123.43333333333334,108.93333333333334,187.16666666666666
Newfoundland and Labrador,St. John's,2020,2,860.0,960.0,138.4333333333333,152.13333333333333,163.66666666666666,122.10000000000001,93.2,138.46666666666667,123.86666666666667,109.76666666666667,187.23333333333335
Newfoundland and Labrador,St. John's,2020,3,860.0,970.0,139.36666666666667,150.6,165.13333333333333,122.89999999999999,94.56666666666666,140.76666666666665,125.0,110.3,187.33333333333334
Newfoundland and Labrador,St. John's,2020,4,850.0,960.0,140.63333333333333,150.4,166.26666666666668,122.89999999999999,94.43333333333334,143.20000000000002,125.53333333333335,111.73333333333333,198.03333333333333
Newfoundland and Labrador,St. John's,2021,1,870.0,970.0,142.33333333333334,151.56666666666666,167.1,120.73333333333333,93.06666666666668,150.33333333333334,125.06666666666666,113.43333333333334,200.36666666666667
Newfoundland and Labrador,St. John's,2021,2,880.0,1020.0,144.0666666666667,153.5,168.9,119.96666666666665,94.53333333333335,154.46666666666667,126.43333333333334,112.83333333333333,205.20000000000002
Newfoundland and Labrador,St. John's,2021,3,910.0,1020.0,145.73333333333335,155.9,170.36666666666667,119.93333333333334,94.39999999999999,158.5,127.06666666666666,112.60000000000001,209.83333333333334
Newfoundland and Labrador,St. John's,2021,4,950.0,1060.0,146.66666666666666,157.83333333333334,170.83333333333334,120.53333333333335,94.86666666666667,160.13333333333333,127.56666666666666,112.76666666666667,210.73333333333335
Newfoundland and Labrador,St. John's,2022,1,940.0,1100.0,149.66666666666666,162.83333333333334,174.53333333333333,120.33333333333333,94.03333333333335,166.03333333333333,128.73333333333332,115.53333333333335,211.46666666666667
Newfoundland and Labrador,St. John's,2022,2,940.0,1090.0,155.0,167.26666666666665,181.46666666666667,123.43333333333334,95.56666666666668,178.36666666666667,128.96666666666667,117.03333333333335,213.26666666666665
Newfoundland and Labrador,St. John's,2022,3,1000.0,1160.0,155.16666666666666,171.76666666666665,180.13333333333333,124.26666666666667,94.86666666666667,175.36666666666667,128.1,118.3,214.29999999999998
Newfoundland and Labrador,St. John's,2022,4,1040.0,1210.0,155.93333333333334,173.96666666666667,184.70000000000002,124.36666666666667,95.53333333333335,173.0,129.9,116.2,217.79999999999998
Newfoundland and Labrador,St. John's,2023,1,1040.0,1270.0,156.76666666666668,178.76666666666665,185.63333333333333,124.73333333333333,94.93333333333334,170.63333333333333,134.63333333333333,115.96666666666665,219.66666666666666
Newfoundland and Labrador,St. John's,2023,2,1020.0,1180.0,158.5666666666667,182.0,185.53333333333333,126.5,96.46666666666665,171.36666666666667,137.9,118.83333333333333,222.76666666666665
Newfoundland and Labrador,St. John's,2023,3,1070.0,1370.0,160.53333333333333,183.79999999999998,191.13333333333333,124.10000000000001,93.03333333333335,176.20000000000002,139.73333333333335,121.23333333333333,225.29999999999998
Newfoundland and Labrador,St. John's,2023,4,1120.0,1590.0,160.03333333333333,184.4,193.9,123.16666666666667,93.33333333333333,172.5,140.53333333333333,118.56666666666666,225.96666666666667
Newfoundland and Labrador,St. John's,2024,1,1150.0,1600.0,160.76666666666668,187.1,195.6,123.3,90.03333333333335,172.23333333333335,143.23333333333332,118.5,227.6
Newfoundland and Labrador,St. John's,2024,2,1050.0,1580.0,162.53333333333333,187.9333333333333,196.6,123.36666666666667,90.8,176.5666666666667,146.46666666666667,120.56666666666666,230.9
Newfoundland and Labrador,St. John's,2024,3,1200.0,1690.0,162.70000000000002,190.16666666666666,197.96666666666667,123.93333333333334,88.46666666666665,174.6,145.43333333333334,120.8,232.4
Newfoundland and Labrador,St. John's,2024,4,1230.0,1740.0,161.56666666666666,188.1,201.0666666666667,122.03333333333335,86.56666666666666,171.9333333333333,146.0,117.96666666666665,230.9
Newfoundland and Labrador,St. John's,2025,1,1210.0,1630.0,162.36666666666667,187.4,203.63333333333335,123.5,86.43333333333334,173.86666666666667,145.06666666666666,118.39999999999999,227.0
Ontario,Thunder Bay,2020,1,930.0,1310.0,138.20000000000002,154.73333333333335,149.20000000000002,124.86666666666667,92.33333333333333,142.66666666666666,130.23333333333335,116.7,176.23333333333335
Ontario,Thunder Bay,2020,2,960.0,1350.0,137.79999999999998,156.36666666666667,148.70000000000002,125.66666666666667,88.60000000000001,140.86666666666667,128.76666666666668,118.09999999999998,176.5666666666667
Ontario,Thunder Bay,2020,3,930.0,1250.0,138.5666666666667,155.83333333333334,150.06666666666666,125.53333333333335,89.7,142.29999999999998,129.20000000000002,118.43333333333334,176.76666666666665
Ontario,Thunder Bay,2020,4,960.0,1240.0,138.9,155.16666666666666,152.29999999999998,125.60000000000001,90.5,141.9333333333333,130.03333333333333,117.03333333333335,176.26666666666665
Ontario,Thunder Bay,2021,1,950.0,1420.0,140.23333333333332,157.26666666666665,152.16666666666666,126.3,88.96666666666665,147.26666666666668,130.53333333333333,117.2,177.63333333333333
Ontario,Thunder Bay,2021,2,1070.0,1370.0,142.5,157.79999999999998,155.73333333333332,126.89999999999999,90.2,150.73333333333332,133.23333333333332,118.66666666666667,178.86666666666667
Ontario,Thunder Bay,2021,3,980.0,1410.0,144.06666666666666,159.83333333333334,157.66666666666666,128.20000000000002,89.96666666666665,153.1,134.6,119.63333333333333,177.20000000000002
Ontario,Thunder Bay,2021,4,1000.0,1460.0,145.9,162.5,160.6,129.06666666666666,92.23333333333333,155.5,134.83333333333334,118.93333333333334,177.63333333333333
Ontario,Thunder Bay,2022,1,1090.0,1460.0,149.0,168.66666666666666,163.13333333333335,130.83333333333334,91.26666666666667,161.13333333333333,135.96666666666667,121.26666666666667,180.26666666666665
Ontario,Thunder Bay,2022,2,1100.0,1530.0,153.23333333333332,172.73333333333335,167.0,133.86666666666667,92.96666666666665,170.96666666666667,139.23333333333332,123.63333333333333,180.73333333333335
Ontario,Thunder Bay,2022,3,1110.0,1460.0,154.26666666666665,175.79999999999998,168.93333333333334,135.20000000000002,92.16666666666667,167.56666666666666,141.0666666666667,126.13333333333333,181.23333333333335
Ontario,Thunder Bay,2022,4,1190.0,1490.0,155.13333333333333,178.53333333333333,171.4333333333333,135.76666666666668,93.7,165.83333333333334,142.66666666666666,123.46666666666665,182.86666666666667
Ontario,Thunder Bay,2023,1,1130.0,1580.0,156.46666666666667,184.4333333333333,173.23333333333335,135.83333333333334,92.53333333333335,163.86666666666667,144.76666666666668,124.3,187.9333333333333
Ontario,Thunder Bay,2023,2,1180.0,1590.0,158.26666666666668,186.26666666666665,174.66666666666666,136.43333333333334,93.76666666666667,167.6,147.83333333333334,126.56666666666666,189.33333333333334
Ontario,Thunder Bay,2023,3,1300.0,1660.0,159.73333333333332,186.96666666666667,177.0666666666667,135.16666666666666,94.13333333333333,171.66666666666666,148.93333333333334,127.43333333333334,191.1
Ontario,Thunder Bay,2023,4,1190.0,1650.0,160.29999999999998,187.4,180.4333333333333,134.63333333333333,95.53333333333335,168.33333333333334,149.0,127.73333333333335,192.13333333333333
Ontario,Thunder Bay,2024,1,1320.0,1740.0,160.5,189.4,182.5666666666667,133.26666666666665,92.0,168.56666666666666,149.5,125.60000000000001,193.96666666666667
Ontario,Thunder Bay,2024,2,1320.0,1710.0,162.83333333333334,190.73333333333335,184.79999999999998,134.66666666666666,92.63333333333333,173.6,152.29999999999998,127.96666666666668,194.96666666666667
Ontario,Thunder Bay,2024,3,1380.0,2000.0,163.33333333333334,192.53333333333333,186.29999999999998,134.86666666666667,91.63333333333333,172.9,153.43333333333334,127.33333333333333,195.76666666666665
Ontario,Thunder Bay,2024,4,1320.0,1810.0,163.23333333333332,191.76666666666665,188.20000000000002,132.76666666666668,92.16666666666667,172.0666666666667,154.16666666666666,126.66666666666667,194.53333333333333
Ontario,Thunder Bay,2025,1,1410.0,1800.0,164.1,190.73333333333335,189.63333333333333,134.56666666666666,91.93333333333334,173.66666666666666,154.26666666666668,127.83333333333333,191.9
Ontario,Toronto,2020,1,2000.0,2490.0,138.20000000000002,154.73333333333335,149.20000000000002,124.86666666666667,92.33333333333333,142.66666666666666,130.23333333333335,116.7,176.23333333333335
Ontario,Toronto,2020,2,1930.0,2370.0,137.79999999999998,156.36666666666667,148.70000000000002,125.66666666666667,88.60000000000001,140.86666666666667,128.76666666666668,118.09999999999998,176.5666666666667
Ontario,Toronto,2020,3,1860.0,2310.0,138.5666666666667,155.83333333333334,150.06666666666666,125.53333333333335,89.7,142.29999999999998,129.20000000000002,118.43333333333334,176.76666666666665
Ontario,Toronto,2020,4,1750.0,2190.0,138.9,155.16666666666666,152.29999999999998,125.60000000000001,90.5,141.9333333333333,130.03333333333333,117.03333333333335,176.26666666666665
Ontario,Toronto,2021,1,1720.0,2140.0,140.23333333333332,157.26666666666665,152.16666666666666,126.3,88.96666666666665,147.26666666666668,130.53333333333333,117.2,177.63333333333333
Ontario,Toronto,2021,2,1740.0,2190.0,142.5,157.79999999999998,155.73333333333332,126.89999999999999,90.2,150.73333333333332,133.23333333333332,118.66666666666667,178.86666666666667
Ontario,Toronto,2021,3,1780.0,2210.0,144.06666666666666,159.83333333333334,157.66666666666666,128.20000000000002,89.96666666666665,153.1,134.6,119.63333333333333,177.20000000000002
Ontario,Toronto,2021,4,1830.0,2280.0,145.9,162.5,160.6,129.06666666666666,92.23333333333333,155.5,134.83333333333334,118.93333333333334,177.63333333333333
Ontario,Toronto,2022,1,1870.0,2320.0,149.0,168.66666666666666,163.13333333333335,130.83333333333334,91.26666666666667,161.13333333333333,135.96666666666667,121.26666666666667,180.26666666666665
Ontario,Toronto,2022,2,1950.0,2460.0,153.23333333333332,172.73333333333335,167.0,133.86666666666667,92.96666666666665,170.96666666666667,139.23333333333332,123.63333333333333,180.73333333333335
Ontario,Toronto,2022,3,2100.0,2640.0,154.26666666666665,175.79999999999998,168.93333333333334,135.20000000000002,92.16666666666667,167.56666666666666,141.0666666666667,126.13333333333333,181.23333333333335
Ontario,Toronto,2022,4,2180.0,2710.0,155.13333333333333,178.53333333333333,171.4333333333333,135.76666666666668,93.7,165.83333333333334,142.66666666666666,123.46666666666665,182.86666666666667
Ontario,Toronto,2023,1,2210.0,2730.0,156.46666666666667,184.4333333333333,173.23333333333335,135.83333333333334,92.53333333333335,163.86666666666667,144.76666666666668,124.3,187.9333333333333
Ontario,Toronto,2023,2,2280.0,2880.0,158.26666666666668,186.26666666666665,174.66666666666666,136.43333333333334,93.76666666666667,167.6,147.83333333333334,126.56666666666666,189.33333333333334
Ontario,Toronto,2023,3,2320.0,2920.0,159.73333333333332,186.96666666666667,177.0666666666667,135.16666666666666,94.13333333333333,171.66666666666666,148.93333333333334,127.43333333333334,191.1
Ontario,Toronto,2023,4,2340.0,2920.0,160.29999999999998,187.4,180.4333333333333,134.63333333333333,95.53333333333335,168.33333333333334,149.0,127.73333333333335,192.13333333333333
Ontario,Toronto,2024,1,2290.0,2850.0,160.5,189.4,182.5666666666667,133.26666666666665,92.0,168.56666666666666,149.5,125.60000000000001,193.96666666666667
Ontario,Toronto,2024,2,2280.0,2830.0,162.83333333333334,190.73333333333335,184.79999999999998,134.66666666666666,92.63333333333333,173.6,152.29999999999998,127.96666666666668,194.96666666666667
Ontario,Toronto,2024,3,2270.0,2830.0,163.33333333333334,192.53333333333333,186.29999999999998,134.86666666666667,91.63333333333333,172.9,153.43333333333334,127.33333333333333,195.76666666666665
Ontario,Toronto,2024,4,2210.0,2740.0,163.23333333333332,191.76666666666665,188.20000000000002,132.76666666666668,92.16666666666667,172.0666666666667,154.16666666666666,126.66666666666667,194.53333333333333
Ontario,Toronto,2025,1,2170.0,2690.0,164.1,190.73333333333335,189.63333333333333,134.56666666666666,91.93333333333334,173.66666666666666,154.26666666666668,127.83333333333333,191.9
Quebec,Trois-Rivières,2020,1,510.0,,132.76666666666665,152.26666666666665,137.6,123.46666666666665,95.43333333333334,140.03333333333333,127.33333333333333,103.26666666666667,159.73333333333332
Quebec,Trois-Rivières,2020,2,500.0,,132.13333333333333,154.20000000000002,137.1,123.7,89.60000000000001,137.26666666666665,127.63333333333333,103.5,160.36666666666667
Quebec,Trois-Rivières,2020,3,520.0,,132.79999999999998,153.26666666666668,137.5,124.26666666666667,90.33333333333333,139.26666666666668,129.16666666666666,104.46666666666665,161.03333333333333
Quebec,Trois-Rivières,2020,4,510.0,,133.33333333333334,153.20000000000002,138.33333333333334,124.39999999999999,92.53333333333335,139.36666666666667,131.0,104.46666666666665,162.63333333333333
Quebec,Trois-Rivières,2021,1,540.0,,135.0,154.9,139.1,124.53333333333335,91.3,145.0,131.0666666666667,105.43333333333334,164.33333333333334
Quebec,Trois-Rivières,2021,2,540.0,,137.06666666666666,155.66666666666666,141.4,126.2,93.23333333333333,148.73333333333332,133.26666666666665,106.83333333333333,166.53333333333333
Quebec,Trois-Rivières,2021,3,560.0,,138.79999999999998,157.46666666666667,143.5,127.66666666666667,91.36666666666667,152.03333333333333,134.0,108.13333333333333,169.06666666666666
Quebec,Trois-Rivières,2021,4,600.0,,140.29999999999998,160.26666666666668,144.5666666666667,128.79999999999998,93.89999999999999,154.6,134.13333333333333,108.0,169.96666666666667
Quebec,Trois-Rivières,2022,1,640.0,,142.73333333333332,165.13333333333333,146.29999999999998,129.86666666666667,90.8,159.66666666666666,135.53333333333333,110.36666666666667,172.73333333333335
Quebec,Trois-Rivières,2022,2,610.0,,147.26666666666665,170.26666666666665,150.63333333333333,131.93333333333334,93.0,170.73333333333335,138.4333333333333,112.66666666666667,173.46666666666667
Quebec,Trois-Rivières,2022,3,670.0,,148.5,173.16666666666666,151.96666666666667,133.53333333333333,91.89999999999999,169.53333333333333,140.46666666666667,114.83333333333333,175.83333333333334
Quebec,Trois-Rivières,2022,4,710.0,,149.4333333333333,177.73333333333335,154.36666666666667,132.86666666666667,94.40000000000002,166.26666666666665,142.66666666666666,113.46666666666665,177.79999999999998
Quebec,Trois-Rivières,2023,1,710.0,,150.6,182.4333333333333,155.93333333333334,133.53333333333333,91.86666666666667,165.4333333333333,143.53333333333333,113.60000000000001,182.1
Quebec,Trois-Rivières,2023,2,770.0,,153.36666666666667,186.1,158.33333333333334,134.36666666666667,95.16666666666667,168.33333333333334,146.6,117.46666666666665,185.76666666666665
Quebec,Trois-Rivières,2023,3,820.0,,155.0666666666667,187.16666666666666,161.63333333333333,133.63333333333333,92.89999999999999,172.73333333333335,147.46666666666667,119.10000000000001,187.5666666666667
Quebec,Trois-Rivières,2023,4,770.0,,155.29999999999998,187.5666666666667,165.0666666666667,132.66666666666666,93.60000000000001,170.20000000000002,147.53333333333333,117.53333333333335,188.1
Quebec,Trois-Rivières,2024,1,830.0,,155.66666666666666,188.83333333333334,167.13333333333333,133.0,88.39999999999999,170.20000000000002,148.96666666666667,116.36666666666667,189.96666666666667
Quebec,Trois-Rivières,2024,2,860.0,,157.56666666666666,189.33333333333334,169.4,133.20000000000002,91.36666666666667,173.53333333333333,151.43333333333334,118.43333333333334,192.26666666666665
Quebec,Trois-Rivières,2024,3,910.0,,157.66666666666666,190.29999999999998,171.6,132.9,87.36666666666667,171.53333333333333,152.0,118.96666666666665,194.03333333333333
Quebec,Trois-Rivières,2024,4,930.0,,157.73333333333335,189.70000000000002,173.76666666666665,132.16666666666666,90.06666666666666,169.43333333333334,152.6,117.46666666666665,193.0
Quebec,Trois-Rivières,2025,1,910.0,,158.63333333333333,191.69999999999996,175.5,132.46666666666667,88.0,170.79999999999998,152.23333333333332,118.36666666666667,194.13333333333333
British Columbia,Vancouver,2020,1,1910.0,2530.0,132.43333333333334,148.96666666666667,126.73333333333333,120.0,110.56666666666666,144.33333333333334,123.06666666666666,125.60000000000001,160.33333333333334
British Columbia,Vancouver,2020,2,1870.0,2480.0,131.76666666666665,149.6,126.36666666666667,120.93333333333334,103.8,141.56666666666666,124.33333333333333,125.60000000000001,160.79999999999998
British Columbia,Vancouver,2020,3,1850.0,2430.0,132.5,149.66666666666666,126.66666666666667,121.5,104.3,143.33333333333334,125.63333333333333,126.96666666666665,160.13333333333333
British Columbia,Vancouver,2020,4,1810.0,2380.0,133.0,149.93333333333334,128.96666666666667,121.2,106.26666666666667,142.5,126.36666666666667,125.7,158.1
British Columbia,Vancouver,2021,1,1840.0,2410.0,134.20000000000002,150.9333333333333,129.66666666666666,121.03333333333335,103.93333333333334,147.9,125.89999999999999,126.3,158.86666666666667
British Columbia,Vancouver,2021,2,1860.0,2520.0,135.36666666666667,151.93333333333334,131.79999999999998,121.3,106.96666666666665,147.0666666666667,128.13333333333333,127.73333333333333,159.9
British Columbia,Vancouver,2021,3,1910.0,2610.0,136.96666666666667,153.4333333333333,133.5,121.73333333333333,106.10000000000001,149.20000000000002,129.1,131.83333333333334,161.5
British Columbia,Vancouver,2021,4,1970.0,2740.0,138.0,155.93333333333334,135.76666666666665,121.63333333333333,105.53333333333335,149.4,129.9333333333333,130.6,162.36666666666667
British Columbia,Vancouver,2022,1,2060.0,2830.0,140.93333333333334,160.03333333333333,138.9333333333333,123.23333333333333,104.86666666666667,155.33333333333334,129.29999999999998,132.70000000000002,165.53333333333333
British Columbia,Vancouver,2022,2,2190.0,3020.0,145.6,163.53333333333333,142.5,127.90000000000002,107.56666666666666,166.1,132.16666666666666,137.06666666666666,168.13333333333333
British Columbia,Vancouver,2022,3,2400.0,3350.0,147.46666666666667,167.6,143.83333333333334,129.26666666666668,104.7,167.66666666666666,133.29999999999998,140.73333333333332,173.4
British Columbia,Vancouver,2022,4,2450.0,3400.0,147.9333333333333,170.29999999999998,145.76666666666668,129.4333333333333,106.03333333333335,164.83333333333334,135.43333333333334,135.73333333333335,175.4
British Columbia,Vancouver,2023,1,2440.0,3300.0,148.96666666666667,174.83333333333334,147.5,128.33333333333334,106.60000000000001,163.16666666666666,137.0666666666667,135.83333333333334,177.76666666666665
British Columbia,Vancouver,2023,2,2520.0,3470.0,151.0,176.26666666666665,149.5,128.96666666666667,108.26666666666667,165.73333333333335,140.23333333333332,140.03333333333333,179.5666666666667
British Columbia,Vancouver,2023,3,2640.0,3580.0,152.46666666666667,178.0666666666667,151.5,128.16666666666666,105.39999999999999,167.86666666666667,141.06666666666666,145.56666666666666,180.0666666666667
British Columbia,Vancouver,2023,4,2560.0,3510.0,152.5,179.33333333333334,155.23333333333335,126.16666666666667,106.39999999999999,164.36666666666667,141.0,139.29999999999998,180.36666666666667
British Columbia,Vancouver,2024,1,2530.0,3440.0,153.13333333333333,181.63333333333333,157.23333333333335,127.06666666666666,101.73333333333333,163.66666666666666,141.9,137.29999999999998,182.76666666666665
British Columbia,Vancouver,2024,2,2520.0,3360.0,155.20000000000002,181.4333333333333,159.5,126.83333333333333,103.66666666666667,168.26666666666665,144.06666666666666,142.23333333333332,183.9
British Columbia,Vancouver,2024,3,2510.0,3390.0,156.13333333333333,183.0,160.73333333333335,128.06666666666666,101.8,167.76666666666668,144.26666666666668,144.46666666666667,185.4
British Columbia,Vancouver,2024,4,2450.0,3250.0,156.20000000000002,183.79999999999998,162.96666666666667,126.83333333333333,102.83333333333333,166.5666666666667,143.9,140.4333333333333,184.4
British Columbia,Vancouver,2025,1,2380.0,3170.0,157.13333333333333,184.96666666666667,163.6,127.8,102.10000000000001,169.63333333333333,143.96666666666667,140.93333333333334,184.46666666666667
British Columbia,Victoria,2020,1,1580.0,1960.0,132.43333333333334,148.96666666666667,126.73333333333333,120.0,110.56666666666666,144.33333333333334,123.06666666666666,125.60000000000001,160.33333333333334
British Columbia,Victoria,2020,2,1560.0,1920.0,131.76666666666665,149.6,126.36666666666667,120.93333333333334,103.8,141.56666666666666,124.33333333333333,125.60000000000001,160.79999999999998
British Columbia,Victoria,2020,3,1570.0,1970.0,132.5,149.66666666666666,126.66666666666667,121.5,104.3,143.33333333333334,125.63333333333333,126.96666666666665,160.13333333333333
British Columbia,Victoria,2020,4,1600.0,2000.0,133.0,149.93333333333334,128.96666666666667,121.2,106.26666666666667,142.5,126.36666666666667,125.7,158.1
British Columbia,Victoria,2021,1,1610.0,2050.0,134.20000000000002,150.9333333333333,129.66666666666666,121.03333333333335,103.93333333333334,147.9,125.89999999999999,126.3,158.86666666666667
British Columbia,Victoria,2021,2,1640.0,2080.0,135.36666666666667,151.93333333333334,131.79999999999998,121.3,106.96666666666665,147.0666666666667,128.13333333333333,127.73333333333333,159.9
British Columbia,Victoria,2021,3,1710.0,2210.0,136.96666666666667,153.4333333333333,133.5,121.73333333333333,106.10000000000001,149.20000000000002,129.1,131.83333333333334,161.5
British Columbia,Victoria,2021,4,1760.0,2410.0,138.0,155.93333333333334,135.76666666666665,121.63333333333333,105.53333333333335,149.4,129.9333333333333,130.6,162.36666666666667
British Columbia,Victoria,2022,1,1830.0,2450.0,140.93333333333334,160.03333333333333,138.9333333333333,123.23333333333333,104.86666666666667,155.33333333333334,129.29999999999998,132.70000000000002,165.53333333333333
British Columbia,Victoria,2022,2,2010.0,2630.0,145.6,163.53333333333333,142.5,127.90000000000002,107.56666666666666,166.1,132.16666666666666,137.06666666666666,168.13333333333333
British Columbia,Victoria,2022,3,2030.0,2640.0,147.46666666666667,167.6,143.83333333333334,129.26666666666668,104.7,167.66666666666666,133.29999999999998,140.73333333333332,173.4
British Columbia,Victoria,2022,4,2090.0,2660.0,147.9333333333333,170.29999999999998,145.76666666666668,129.4333333333333,106.03333333333335,164.83333333333334,135.43333333333334,135.73333333333335,175.4
British Columbia,Victoria,2023,1,2010.0,2570.0,148.96666666666667,174.83333333333334,147.5,128.33333333333334,106.60000000000001,163.16666666666666,137.0666666666667,135.83333333333334,177.76666666666665
British Columbia,Victoria,2023,2,2060.0,2600.0,151.0,176.26666666666665,149.5,128.96666666666667,108.26666666666667,165.73333333333335,140.23333333333332,140.03333333333333,179.5666666666667
British Columbia,Victoria,2023,3,2090.0,2750.0,152.46666666666667,178.0666666666667,151.5,128.16666666666666,105.39999999999999,167.86666666666667,141.06666666666666,145.56666666666666,180.0666666666667
British Columbia,Victoria,2023,4,2120.0,2760.0,152.5,179.33333333333334,155.23333333333335,126.16666666666667,106.39999999999999,164.36666666666667,141.0,139.29999999999998,180.36666666666667
British Columbia,Victoria,2024,1,2090.0,2690.0,153.13333333333333,181.63333333333333,157.23333333333335,127.06666666666666,101.73333333333333,163.66666666666666,141.9,137.29999999999998,182.76666666666665
British Columbia,Victoria,2024,2,2090.0,2760.0,155.20000000000002,181.4333333333333,159.5,126.83333333333333,103.66666666666667,168.26666666666665,144.06666666666666,142.23333333333332,183.9
British Columbia,Victoria,2024,3,2130.0,2740.0,156.13333333333333,183.0,160.73333333333335,128.06666666666666,101.8,167.76666666666668,144.26666666666668,144.46666666666667,185.4
British Columbia,Victoria,2024,4,2090.0,2730.0,156.20000000000002,183.79999999999998,162.96666666666667,126.83333333333333,102.83333333333333,166.5666666666667,143.9,140.4333333333333,184.4
British Columbia,Victoria,2025,1,2090.0,2680.0,157.13333333333333,184.96666666666667,163.6,127.8,102.10000000000001,169.63333333333333,143.96666666666667,140.93333333333334,184.46666666666667
Ontario,Windsor,2020,1,1030.0,1370.0,138.20000000000002,154.73333333333335,149.20000000000002,124.86666666666667,92.33333333333333,142.66666666666666,130.23333333333335,116.7,176.23333333333335
Ontario,Windsor,2020,2,1100.0,1360.0,137.79999999999998,156.36666666666667,148.70000000000002,125.66666666666667,88.60000000000001,140.86666666666667,128.76666666666668,118.09999999999998,176.5666666666667
Ontario,Windsor,2020,3,1110.0,1420.0,138.5666666666667,155.83333333333334,150.06666666666666,125.53333333333335,89.7,142.29999999999998,129.20000000000002,118.43333333333334,176.76666666666665
Ontario,Windsor,2020,4,1120.0,1440.0,138.9,155.16666666666666,152.29999999999998,125.60000000000001,90.5,141.9333333333333,130.03333333333333,117.03333333333335,176.26666666666665
Ontario,Windsor,2021,1,1160.0,1440.0,140.23333333333332,157.26666666666665,152.16666666666666,126.3,88.96666666666665,147.26666666666668,130.53333333333333,117.2,177.63333333333333
Ontario,Windsor,2021,2,1170.0,1500.0,142.5,157.79999999999998,155.73333333333332,126.89999999999999,90.2,150.73333333333332,133.23333333333332,118.66666666666667,178.86666666666667
Ontario,Windsor,2021,3,1230.0,1460.0,144.06666666666666,159.83333333333334,157.66666666666666,128.20000000000002,89.96666666666665,153.1,134.6,119.63333333333333,177.20000000000002
Ontario,Windsor,2021,4,1220.0,1500.0,145.9,162.5,160.6,129.06666666666666,92.23333333333333,155.5,134.83333333333334,118.93333333333334,177.63333333333333
Ontario,Windsor,2022,1,1230.0,1450.0,149.0,168.66666666666666,163.13333333333335,130.83333333333334,91.26666666666667,161.13333333333333,135.96666666666667,121.26666666666667,180.26666666666665
Ontario,Windsor,2022,2,1290.0,1570.0,153.23333333333332,172.73333333333335,167.0,133.86666666666667,92.96666666666665,170.96666666666667,139.23333333333332,123.63333333333333,180.73333333333335
Ontario,Windsor,2022,3,1320.0,1640.0,154.26666666666665,175.79999999999998,168.93333333333334,135.20000000000002,92.16666666666667,167.56666666666666,141.0666666666667,126.13333333333333,181.23333333333335
Ontario,Windsor,2022,4,1320.0,1670.0,155.13333333333333,178.53333333333333,171.4333333333333,135.76666666666668,93.7,165.83333333333334,142.66666666666666,123.46666666666665,182.86666666666667
Ontario,Windsor,2023,1,1420.0,1720.0,156.46666666666667,184.4333333333333,173.23333333333335,135.83333333333334,92.53333333333335,163.86666666666667,144.76666666666668,124.3,187.9333333333333
Ontario,Windsor,2023,2,1410.0,1680.0,158.26666666666668,186.26666666666665,174.66666666666666,136.43333333333334,93.76666666666667,167.6,147.83333333333334,126.56666666666666,189.33333333333334
Ontario,Windsor,2023,3,1400.0,1680.0,159.73333333333332,186.96666666666667,177.0666666666667,135.16666666666666,94.13333333333333,171.66666666666666,148.93333333333334,127.43333333333334,191.1
Ontario,Windsor,2023,4,1470.0,1840.0,160.29999999999998,187.4,180.4333333333333,134.63333333333333,95.53333333333335,168.33333333333334,149.0,127.73333333333335,192.13333333333333
Ontario,Windsor,2024,1,1490.0,1880.0,160.5,189.4,182.5666666666667,133.26666666666665,92.0,168.56666666666666,149.5,125.60000000000001,193.96666666666667
Ontario,Windsor,2024,2,1510.0,1840.0,162.83333333333334,190.73333333333335,184.79999999999998,134.66666666666666,92.63333333333333,173.6,152.29999999999998,127.96666666666668,194.96666666666667
Ontario,Windsor,2024,3,1520.0,1900.0,163.33333333333334,192.53333333333333,186.29999999999998,134.86666666666667,91.63333333333333,172.9,153.43333333333334,127.33333333333333,195.76666666666665
Ontario,Windsor,2024,4,1520.0,1870.0,163.23333333333332,191.76666666666665,188.20000000000002,132.76666666666668,92.16666666666667,172.0666666666667,154.16666666666666,126.66666666666667,194.53333333333333
Ontario,Windsor,2025,1,1490.0,1880.0,164.1,190.73333333333335,189.63333333333333,134.56666666666666,91.93333333333334,173.66666666666666,154.26666666666668,127.83333333333333,191.9
Manitoba,Winnipeg,2020,1,1000.0,1260.0,137.73333333333335,150.23333333333332,155.46666666666667,124.2,97.43333333333334,137.79999999999998,121.8,115.83333333333333,188.9333333333333
Manitoba,Winnipeg,2020,2,1030.0,1270.0,137.0,150.86666666666667,156.4,124.66666666666667,90.39999999999999,134.63333333333333,123.10000000000001,116.5,190.13333333333333
Manitoba,Winnipeg,2020,3,1030.0,1300.0,137.4333333333333,151.16666666666666,155.33333333333334,125.06666666666666,92.56666666666666,135.73333333333332,124.03333333333335,117.36666666666667,189.4
Manitoba,Winnipeg,2020,4,1020.0,1290.0,138.0,151.4,157.03333333333333,124.56666666666666,93.5,135.9333333333333,124.03333333333335,118.13333333333333,189.5666666666667
Manitoba,Winnipeg,2021,1,1060.0,1320.0,139.0,152.23333333333335,158.66666666666666,122.5,92.86666666666667,140.20000000000002,124.16666666666667,118.03333333333335,190.26666666666665
Manitoba,Winnipeg,2021,2,1060.0,1360.0,141.33333333333334,152.6,161.93333333333334,123.33333333333333,94.43333333333334,145.03333333333333,124.86666666666667,118.89999999999999,193.0666666666667
Manitoba,Winnipeg,2021,3,1050.0,1340.0,143.20000000000002,154.03333333333333,165.96666666666667,123.7,93.03333333333335,148.76666666666668,125.3,119.10000000000001,193.9333333333333
Manitoba,Winnipeg,2021,4,1040.0,1320.0,144.4333333333333,155.66666666666666,166.63333333333333,124.16666666666667,94.46666666666665,151.03333333333333,125.63333333333333,120.89999999999999,195.0666666666667
Manitoba,Winnipeg,2022,1,1050.0,1320.0,147.79999999999998,160.63333333333333,170.36666666666667,126.03333333333335,93.89999999999999,157.29999999999998,126.0,123.09999999999998,197.79999999999998
Manitoba,Winnipeg,2022,2,1090.0,1340.0,153.4,164.63333333333335,175.5,130.26666666666668,95.43333333333334,173.16666666666666,127.86666666666667,124.86666666666667,198.23333333333335
Manitoba,Winnipeg,2022,3,1080.0,1370.0,155.03333333333333,169.5666666666667,177.36666666666667,130.56666666666666,95.2,175.13333333333333,129.46666666666667,125.43333333333334,197.20000000000002
Manitoba,Winnipeg,2022,4,1090.0,1390.0,156.4,174.23333333333335,179.73333333333335,132.53333333333333,95.06666666666666,172.63333333333333,131.66666666666666,125.86666666666667,198.4333333333333
Manitoba,Winnipeg,2023,1,1140.0,1430.0,156.9333333333333,177.79999999999998,181.83333333333334,133.73333333333332,94.53333333333335,168.06666666666666,134.23333333333332,125.3,199.96666666666667
Manitoba,Winnipeg,2023,2,1140.0,1440.0,159.0,180.23333333333335,183.76666666666665,132.83333333333334,96.23333333333333,172.33333333333334,136.86666666666665,127.93333333333334,204.73333333333335
Manitoba,Winnipeg,2023,3,1130.0,1430.0,159.33333333333334,181.36666666666667,185.36666666666667,130.20000000000002,95.60000000000001,174.29999999999998,137.20000000000002,127.30000000000001,206.66666666666666
Manitoba,Winnipeg,2023,4,1170.0,1490.0,159.20000000000002,182.20000000000002,187.46666666666667,129.5,95.03333333333335,169.9333333333333,137.9,128.1,206.0
Manitoba,Winnipeg,2024,1,1210.0,1540.0,158.26666666666668,183.96666666666667,190.03333333333333,128.76666666666668,90.46666666666665,163.1,139.03333333333333,126.5,206.5666666666667
Manitoba,Winnipeg,2024,2,1220.0,1560.0,160.6,185.4,192.76666666666665,129.03333333333333,91.89999999999999,168.26666666666665,141.56666666666666,128.53333333333333,208.4333333333333
Manitoba,Winnipeg,2024,3,1220.0,1570.0,161.36666666666667,187.76666666666665,194.6,129.03333333333333,91.0,168.16666666666666,142.0666666666667,129.06666666666666,209.76666666666665
Manitoba,Winnipeg,2024,4,1220.0,1580.0,160.86666666666667,187.86666666666667,196.96666666666667,127.46666666666665,92.66666666666667,164.03333333333333,141.86666666666667,128.29999999999998,209.26666666666665
Manitoba,Winnipeg,2025,1,1270.0,1600.0,163.1,188.33333333333334,199.36666666666667,129.03333333333333,92.8,170.36666666666667,141.63333333333333,130.43333333333334,209.66666666666666
