REF_DATE,GEO,DGUID,Rental unit type,Estimates,UOM,UOM_ID,SCALAR_FACTOR,SCALAR_ID,VECTOR,COORDINATE,VALUE,STATUS,SYMBOL,TERMINATED,DECIMALS
Jan-20,"St. John's, Census metropolitan area (CMA)",2021S0503001,Apartment - 1 bedroom,Average asking rent,Dollars,81,units,0,v1675424962,1.2.1,810,,,,0
Apr-20,"St. John's, Census metropolitan area (CMA)",2021S0503001,Apartment - 1 bedroom,Average asking rent,Dollars,81,units,0,v1675424962,1.2.1,860,,,,0
Jul-20,"St. John's, Census metropolitan area (CMA)",2021S0503001,Apartment - 1 bedroom,Average asking rent,Dollars,81,units,0,v1675424962,1.2.1,860,,,,0
Oct-20,"St. John's, Census metropolitan area (CMA)",2021S0503001,Apartment - 1 bedroom,Average asking rent,Dollars,81,units,0,v1675424962,1.2.1,850,,,,0
Jan-21,"St. John's, Census metropolitan area (CMA)",2021S0503001,Apartment - 1 bedroom,Average asking rent,Dollars,81,units,0,v1675424962,1.2.1,870,,,,0
Apr-21,"St. John's, Census metropolitan area (CMA)",2021S0503001,Apartment - 1 bedroom,Average asking rent,Dollars,81,units,0,v1675424962,1.2.1,880,,,,0
Jul-21,"St. John's, Census metropolitan area (CMA)",2021S0503001,Apartment - 1 bedroom,Average asking rent,Dollars,81,units,0,v1675424962,1.2.1,910,,,,0
Oct-21,"St. John's, Census metropolitan area (CMA)",2021S0503001,Apartment - 1 bedroom,Average asking rent,Dollars,81,units,0,v1675424962,1.2.1,950,,,,0
Jan-22,"St. John's, Census metropolitan area (CMA)",2021S0503001,Apartment - 1 bedroom,Average asking rent,Dollars,81,units,0,v1675424962,1.2.1,940,,,,0
Apr-22,"St. John's, Census metropolitan area (CMA)",2021S0503001,Apartment - 1 bedroom,Average asking rent,Dollars,81,units,0,v1675424962,1.2.1,940,,,,0
Jul-22,"St. John's, Census metropolitan area (CMA)",2021S0503001,Apartment - 1 bedroom,Average asking rent,Dollars,81,units,0,v1675424962,1.2.1,1000,,,,0
Oct-22,"St. John's, Census metropolitan area (CMA)",2021S0503001,Apartment - 1 bedroom,Average asking rent,Dollars,81,units,0,v1675424962,1.2.1,1040,,,,0
Jan-23,"St. John's, Census metropolitan area (CMA)",2021S0503001,Apartment - 1 bedroom,Average asking rent,Dollars,81,units,0,v1675424962,1.2.1,1040,,,,0
Apr-23,"St. John's, Census metropolitan area (CMA)",2021S0503001,Apartment - 1 bedroom,Average asking rent,Dollars,81,units,0,v1675424962,1.2.1,1020,,,,0
Jul-23,"St. John's, Census metropolitan area (CMA)",2021S0503001,Apartment - 1 bedroom,Average asking rent,Dollars,81,units,0,v1675424962,1.2.1,1070,,,,0
Oct-23,"St. John's, Census metropolitan area (CMA)",2021S0503001,Apartment - 1 bedroom,Average asking rent,Dollars,81,units,0,v1675424962,1.2.1,1120,,,,0
Jan-24,"St. John's, Census metropolitan area (CMA)",2021S0503001,Apartment - 1 bedroom,Average asking rent,Dollars,81,units,0,v1675424962,1.2.1,1150,,,,0
Apr-24,"St. John's, Census metropolitan area (CMA)",2021S0503001,Apartment - 1 bedroom,Average asking rent,Dollars,81,units,0,v1675424962,1.2.1,1050,E,,,0
Jul-24,"St. John's, Census metropolitan area (CMA)",2021S0503001,Apartment - 1 bedroom,Average asking rent,Dollars,81,units,0,v1675424962,1.2.1,1200,,,,0
Oct-24,"St. John's, Census metropolitan area (CMA)",2021S0503001,Apartment - 1 bedroom,Average asking rent,Dollars,81,units,0,v1675424962,1.2.1,1230,,,,0
Jan-25,"St. John's, Census metropolitan area (CMA)",2021S0503001,Apartment - 1 bedroom,Average asking rent,Dollars,81,units,0,v1675424962,1.2.1,1210,,,,0
Jan-20,"St. John's, Census metropolitan area (CMA)",2021S0503001,Apartment - 2 bedrooms,Average asking rent,Dollars,81,units,0,v1675424963,1.3.1,960,,,,0
Apr-20,"St. John's, Census metropolitan area (CMA)",2021S0503001,Apartment - 2 bedrooms,Average asking rent,Dollars,81,units,0,v1675424963,1.3.1,960,,,,0
Jul-20,"St. John's, Census metropolitan area (CMA)",2021S0503001,Apartment - 2 bedrooms,Average asking rent,Dollars,81,units,0,v1675424963,1.3.1,970,,,,0
Oct-20,"St. John's, Census metropolitan area (CMA)",2021S0503001,Apartment - 2 bedrooms,Average asking rent,Dollars,81,units,0,v1675424963,1.3.1,960,,,,0
Jan-21,"St. John's, Census metropolitan area (CMA)",2021S0503001,Apartment - 2 bedrooms,Average asking rent,Dollars,81,units,0,v1675424963,1.3.1,970,,,,0
Apr-21,"St. John's, Census metropolitan area (CMA)",2021S0503001,Apartment - 2 bedrooms,Average asking rent,Dollars,81,units,0,v1675424963,1.3.1,1020,,,,0
Jul-21,"St. John's, Census metropolitan area (CMA)",2021S0503001,Apartment - 2 bedrooms,Average asking rent,Dollars,81,units,0,v1675424963,1.3.1,1020,,,,0
Oct-21,"St. John's, Census metropolitan area (CMA)",2021S0503001,Apartment - 2 bedrooms,Average asking rent,Dollars,81,units,0,v1675424963,1.3.1,1060,,,,0
Jan-22,"St. John's, Census metropolitan area (CMA)",2021S0503001,Apartment - 2 bedrooms,Average asking rent,Dollars,81,units,0,v1675424963,1.3.1,1100,,,,0
Apr-22,"St. John's, Census metropolitan area (CMA)",2021S0503001,Apartment - 2 bedrooms,Average asking rent,Dollars,81,units,0,v1675424963,1.3.1,1090,,,,0
Jul-22,"St. John's, Census metropolitan area (CMA)",2021S0503001,Apartment - 2 bedrooms,Average asking rent,Dollars,81,units,0,v1675424963,1.3.1,1160,,,,0
Oct-22,"St. John's, Census metropolitan area (CMA)",2021S0503001,Apartment - 2 bedrooms,Average asking rent,Dollars,81,units,0,v1675424963,1.3.1,1210,,,,0
Jan-23,"St. John's, Census metropolitan area (CMA)",2021S0503001,Apartment - 2 bedrooms,Average asking rent,Dollars,81,units,0,v1675424963,1.3.1,1270,,,,0
Apr-23,"St. John's, Census metropolitan area (CMA)",2021S0503001,Apartment - 2 bedrooms,Average asking rent,Dollars,81,units,0,v1675424963,1.3.1,1180,E,,,0
Jul-23,"St. John's, Census metropolitan area (CMA)",2021S0503001,Apartment - 2 bedrooms,Average asking rent,Dollars,81,units,0,v1675424963,1.3.1,1370,,,,0
Oct-23,"St. John's, Census metropolitan area (CMA)",2021S0503001,Apartment - 2 bedrooms,Average asking rent,Dollars,81,units,0,v1675424963,1.3.1,1590,E,,,0
Jan-24,"St. John's, Census metropolitan area (CMA)",2021S0503001,Apartment - 2 bedrooms,Average asking rent,Dollars,81,units,0,v1675424963,1.3.1,1600,E,,,0
Apr-24,"St. John's, Census metropolitan area (CMA)",2021S0503001,Apartment - 2 bedrooms,Average asking rent,Dollars,81,units,0,v1675424963,1.3.1,1580,,,,0
Jul-24,"St. John's, Census metropolitan area (CMA)",2021S0503001,Apartment - 2 bedrooms,Average asking rent,Dollars,81,units,0,v1675424963,1.3.1,1690,E,,,0
Oct-24,"St. John's, Census metropolitan area (CMA)",2021S0503001,Apartment - 2 bedrooms,Average asking rent,Dollars,81,units,0,v1675424963,1.3.1,1740,E,,,0
Jan-25,"St. John's, Census metropolitan area (CMA)",2021S0503001,Apartment - 2 bedrooms,Average asking rent,Dollars,81,units,0,v1675424963,1.3.1,1630,,,,0
Jan-20,"St. John's, Census metropolitan area (CMA)",2021S0503001,Room,Average asking rent,Dollars,81,units,0,v1675424965,1.5.1,480,,,,0
Apr-20,"St. John's, Census metropolitan area (CMA)",2021S0503001,Room,Average asking rent,Dollars,81,units,0,v1675424965,1.5.1,470,,,,0
Jul-20,"St. John's, Census metropolitan area (CMA)",2021S0503001,Room,Average asking rent,Dollars,81,units,0,v1675424965,1.5.1,470,,,,0
Oct-20,"St. John's, Census metropolitan area (CMA)",2021S0503001,Room,Average asking rent,Dollars,81,units,0,v1675424965,1.5.1,460,,,,0
Jan-21,"St. John's, Census metropolitan area (CMA)",2021S0503001,Room,Average asking rent,Dollars,81,units,0,v1675424965,1.5.1,470,,,,0
Apr-21,"St. John's, Census metropolitan area (CMA)",2021S0503001,Room,Average asking rent,Dollars,81,units,0,v1675424965,1.5.1,480,,,,0
Jul-21,"St. John's, Census metropolitan area (CMA)",2021S0503001,Room,Average asking rent,Dollars,81,units,0,v1675424965,1.5.1,530,,,,0
Oct-21,"St. John's, Census metropolitan area (CMA)",2021S0503001,Room,Average asking rent,Dollars,81,units,0,v1675424965,1.5.1,530,,,,0
Jan-22,"St. John's, Census metropolitan area (CMA)",2021S0503001,Room,Average asking rent,Dollars,81,units,0,v1675424965,1.5.1,520,,,,0
Apr-22,"St. John's, Census metropolitan area (CMA)",2021S0503001,Room,Average asking rent,Dollars,81,units,0,v1675424965,1.5.1,550,,,,0
Jul-22,"St. John's, Census metropolitan area (CMA)",2021S0503001,Room,Average asking rent,Dollars,81,units,0,v1675424965,1.5.1,590,,,,0
Oct-22,"St. John's, Census metropolitan area (CMA)",2021S0503001,Room,Average asking rent,Dollars,81,units,0,v1675424965,1.5.1,580,,,,0
Jan-23,"St. John's, Census metropolitan area (CMA)",2021S0503001,Room,Average asking rent,Dollars,81,units,0,v1675424965,1.5.1,600,,,,0
Apr-23,"St. John's, Census metropolitan area (CMA)",2021S0503001,Room,Average asking rent,Dollars,81,units,0,v1675424965,1.5.1,580,,,,0
Jul-23,"St. John's, Census metropolitan area (CMA)",2021S0503001,Room,Average asking rent,Dollars,81,units,0,v1675424965,1.5.1,630,,,,0
Oct-23,"St. John's, Census metropolitan area (CMA)",2021S0503001,Room,Average asking rent,Dollars,81,units,0,v1675424965,1.5.1,640,,,,0
Jan-24,"St. John's, Census metropolitan area (CMA)",2021S0503001,Room,Average asking rent,Dollars,81,units,0,v1675424965,1.5.1,640,,,,0
Apr-24,"St. John's, Census metropolitan area (CMA)",2021S0503001,Room,Average asking rent,Dollars,81,units,0,v1675424965,1.5.1,640,,,,0
Jul-24,"St. John's, Census metropolitan area (CMA)",2021S0503001,Room,Average asking rent,Dollars,81,units,0,v1675424965,1.5.1,660,,,,0
Oct-24,"St. John's, Census metropolitan area (CMA)",2021S0503001,Room,Average asking rent,Dollars,81,units,0,v1675424965,1.5.1,660,,,,0
Jan-25,"St. John's, Census metropolitan area (CMA)",2021S0503001,Room,Average asking rent,Dollars,81,units,0,v1675424965,1.5.1,670,,,,0
Jan-20,"Halifax, Census metropolitan area (CMA)",2021S0503205,Apartment - 1 bedroom,Average asking rent,Dollars,81,units,0,v1675424967,2.2.1,1230,,,,0
Apr-20,"Halifax, Census metropolitan area (CMA)",2021S0503205,Apartment - 1 bedroom,Average asking rent,Dollars,81,units,0,v1675424967,2.2.1,1230,,,,0
Jul-20,"Halifax, Census metropolitan area (CMA)",2021S0503205,Apartment - 1 bedroom,Average asking rent,Dollars,81,units,0,v1675424967,2.2.1,1280,,,,0
Oct-20,"Halifax, Census metropolitan area (CMA)",2021S0503205,Apartment - 1 bedroom,Average asking rent,Dollars,81,units,0,v1675424967,2.2.1,1250,,,,0
Jan-21,"Halifax, Census metropolitan area (CMA)",2021S0503205,Apartment - 1 bedroom,Average asking rent,Dollars,81,units,0,v1675424967,2.2.1,1280,,,,0
Apr-21,"Halifax, Census metropolitan area (CMA)",2021S0503205,Apartment - 1 bedroom,Average asking rent,Dollars,81,units,0,v1675424967,2.2.1,1320,,,,0
Jul-21,"Halifax, Census metropolitan area (CMA)",2021S0503205,Apartment - 1 bedroom,Average asking rent,Dollars,81,units,0,v1675424967,2.2.1,1330,,,,0
Oct-21,"Halifax, Census metropolitan area (CMA)",2021S0503205,Apartment - 1 bedroom,Average asking rent,Dollars,81,units,0,v1675424967,2.2.1,1360,,,,0
Jan-22,"Halifax, Census metropolitan area (CMA)",2021S0503205,Apartment - 1 bedroom,Average asking rent,Dollars,81,units,0,v1675424967,2.2.1,1430,,,,0
Apr-22,"Halifax, Census metropolitan area (CMA)",2021S0503205,Apartment - 1 bedroom,Average asking rent,Dollars,81,units,0,v1675424967,2.2.1,1450,,,,0
Jul-22,"Halifax, Census metropolitan area (CMA)",2021S0503205,Apartment - 1 bedroom,Average asking rent,Dollars,81,units,0,v1675424967,2.2.1,1520,,,,0
Oct-22,"Halifax, Census metropolitan area (CMA)",2021S0503205,Apartment - 1 bedroom,Average asking rent,Dollars,81,units,0,v1675424967,2.2.1,1650,,,,0
Jan-23,"Halifax, Census metropolitan area (CMA)",2021S0503205,Apartment - 1 bedroom,Average asking rent,Dollars,81,units,0,v1675424967,2.2.1,1700,,,,0
Apr-23,"Halifax, Census metropolitan area (CMA)",2021S0503205,Apartment - 1 bedroom,Average asking rent,Dollars,81,units,0,v1675424967,2.2.1,1790,,,,0
Jul-23,"Halifax, Census metropolitan area (CMA)",2021S0503205,Apartment - 1 bedroom,Average asking rent,Dollars,81,units,0,v1675424967,2.2.1,1780,,,,0
Oct-23,"Halifax, Census metropolitan area (CMA)",2021S0503205,Apartment - 1 bedroom,Average asking rent,Dollars,81,units,0,v1675424967,2.2.1,1800,,,,0
Jan-24,"Halifax, Census metropolitan area (CMA)",2021S0503205,Apartment - 1 bedroom,Average asking rent,Dollars,81,units,0,v1675424967,2.2.1,1840,,,,0
Apr-24,"Halifax, Census metropolitan area (CMA)",2021S0503205,Apartment - 1 bedroom,Average asking rent,Dollars,81,units,0,v1675424967,2.2.1,1840,,,,0
Jul-24,"Halifax, Census metropolitan area (CMA)",2021S0503205,Apartment - 1 bedroom,Average asking rent,Dollars,81,units,0,v1675424967,2.2.1,1880,,,,0
Oct-24,"Halifax, Census metropolitan area (CMA)",2021S0503205,Apartment - 1 bedroom,Average asking rent,Dollars,81,units,0,v1675424967,2.2.1,1780,,,,0
Jan-25,"Halifax, Census metropolitan area (CMA)",2021S0503205,Apartment - 1 bedroom,Average asking rent,Dollars,81,units,0,v1675424967,2.2.1,1770,,,,0
Jan-20,"Halifax, Census metropolitan area (CMA)",2021S0503205,Apartment - 2 bedrooms,Average asking rent,Dollars,81,units,0,v1675424968,2.3.1,1470,,,,0
Apr-20,"Halifax, Census metropolitan area (CMA)",2021S0503205,Apartment - 2 bedrooms,Average asking rent,Dollars,81,units,0,v1675424968,2.3.1,1530,,,,0
Jul-20,"Halifax, Census metropolitan area (CMA)",2021S0503205,Apartment - 2 bedrooms,Average asking rent,Dollars,81,units,0,v1675424968,2.3.1,1600,,,,0
Oct-20,"Halifax, Census metropolitan area (CMA)",2021S0503205,Apartment - 2 bedrooms,Average asking rent,Dollars,81,units,0,v1675424968,2.3.1,1590,,,,0
Jan-21,"Halifax, Census metropolitan area (CMA)",2021S0503205,Apartment - 2 bedrooms,Average asking rent,Dollars,81,units,0,v1675424968,2.3.1,1630,,,,0
Apr-21,"Halifax, Census metropolitan area (CMA)",2021S0503205,Apartment - 2 bedrooms,Average asking rent,Dollars,81,units,0,v1675424968,2.3.1,1680,,,,0
Jul-21,"Halifax, Census metropolitan area (CMA)",2021S0503205,Apartment - 2 bedrooms,Average asking rent,Dollars,81,units,0,v1675424968,2.3.1,1720,,,,0
Oct-21,"Halifax, Census metropolitan area (CMA)",2021S0503205,Apartment - 2 bedrooms,Average asking rent,Dollars,81,units,0,v1675424968,2.3.1,1830,,,,0
Jan-22,"Halifax, Census metropolitan area (CMA)",2021S0503205,Apartment - 2 bedrooms,Average asking rent,Dollars,81,units,0,v1675424968,2.3.1,1810,,,,0
Apr-22,"Halifax, Census metropolitan area (CMA)",2021S0503205,Apartment - 2 bedrooms,Average asking rent,Dollars,81,units,0,v1675424968,2.3.1,1920,,,,0
Jul-22,"Halifax, Census metropolitan area (CMA)",2021S0503205,Apartment - 2 bedrooms,Average asking rent,Dollars,81,units,0,v1675424968,2.3.1,1990,,,,0
Oct-22,"Halifax, Census metropolitan area (CMA)",2021S0503205,Apartment - 2 bedrooms,Average asking rent,Dollars,81,units,0,v1675424968,2.3.1,2050,,,,0
Jan-23,"Halifax, Census metropolitan area (CMA)",2021S0503205,Apartment - 2 bedrooms,Average asking rent,Dollars,81,units,0,v1675424968,2.3.1,2120,,,,0
Apr-23,"Halifax, Census metropolitan area (CMA)",2021S0503205,Apartment - 2 bedrooms,Average asking rent,Dollars,81,units,0,v1675424968,2.3.1,2260,,,,0
Jul-23,"Halifax, Census metropolitan area (CMA)",2021S0503205,Apartment - 2 bedrooms,Average asking rent,Dollars,81,units,0,v1675424968,2.3.1,2300,,,,0
Oct-23,"Halifax, Census metropolitan area (CMA)",2021S0503205,Apartment - 2 bedrooms,Average asking rent,Dollars,81,units,0,v1675424968,2.3.1,2350,,,,0
Jan-24,"Halifax, Census metropolitan area (CMA)",2021S0503205,Apartment - 2 bedrooms,Average asking rent,Dollars,81,units,0,v1675424968,2.3.1,2380,,,,0
Apr-24,"Halifax, Census metropolitan area (CMA)",2021S0503205,Apartment - 2 bedrooms,Average asking rent,Dollars,81,units,0,v1675424968,2.3.1,2440,,,,0
Jul-24,"Halifax, Census metropolitan area (CMA)",2021S0503205,Apartment - 2 bedrooms,Average asking rent,Dollars,81,units,0,v1675424968,2.3.1,2390,,,,0
Oct-24,"Halifax, Census metropolitan area (CMA)",2021S0503205,Apartment - 2 bedrooms,Average asking rent,Dollars,81,units,0,v1675424968,2.3.1,2230,,,,0
Jan-25,"Halifax, Census metropolitan area (CMA)",2021S0503205,Apartment - 2 bedrooms,Average asking rent,Dollars,81,units,0,v1675424968,2.3.1,2230,,,,0
Jan-20,"Halifax, Census metropolitan area (CMA)",2021S0503205,Room,Average asking rent,Dollars,81,units,0,v1675424970,2.5.1,620,,,,0
Apr-20,"Halifax, Census metropolitan area (CMA)",2021S0503205,Room,Average asking rent,Dollars,81,units,0,v1675424970,2.5.1,620,,,,0
Jul-20,"Halifax, Census metropolitan area (CMA)",2021S0503205,Room,Average asking rent,Dollars,81,units,0,v1675424970,2.5.1,620,,,,0
Oct-20,"Halifax, Census metropolitan area (CMA)",2021S0503205,Room,Average asking rent,Dollars,81,units,0,v1675424970,2.5.1,590,,,,0
Jan-21,"Halifax, Census metropolitan area (CMA)",2021S0503205,Room,Average asking rent,Dollars,81,units,0,v1675424970,2.5.1,610,,,,0
Apr-21,"Halifax, Census metropolitan area (CMA)",2021S0503205,Room,Average asking rent,Dollars,81,units,0,v1675424970,2.5.1,620,,,,0
Jul-21,"Halifax, Census metropolitan area (CMA)",2021S0503205,Room,Average asking rent,Dollars,81,units,0,v1675424970,2.5.1,630,,,,0
Oct-21,"Halifax, Census metropolitan area (CMA)",2021S0503205,Room,Average asking rent,Dollars,81,units,0,v1675424970,2.5.1,660,,,,0
Jan-22,"Halifax, Census metropolitan area (CMA)",2021S0503205,Room,Average asking rent,Dollars,81,units,0,v1675424970,2.5.1,670,,,,0
Apr-22,"Halifax, Census metropolitan area (CMA)",2021S0503205,Room,Average asking rent,Dollars,81,units,0,v1675424970,2.5.1,690,,,,0
Jul-22,"Halifax, Census metropolitan area (CMA)",2021S0503205,Room,Average asking rent,Dollars,81,units,0,v1675424970,2.5.1,740,,,,0
Oct-22,"Halifax, Census metropolitan area (CMA)",2021S0503205,Room,Average asking rent,Dollars,81,units,0,v1675424970,2.5.1,750,,,,0
Jan-23,"Halifax, Census metropolitan area (CMA)",2021S0503205,Room,Average asking rent,Dollars,81,units,0,v1675424970,2.5.1,780,,,,0
Apr-23,"Halifax, Census metropolitan area (CMA)",2021S0503205,Room,Average asking rent,Dollars,81,units,0,v1675424970,2.5.1,810,,,,0
Jul-23,"Halifax, Census metropolitan area (CMA)",2021S0503205,Room,Average asking rent,Dollars,81,units,0,v1675424970,2.5.1,870,,,,0
Oct-23,"Halifax, Census metropolitan area (CMA)",2021S0503205,Room,Average asking rent,Dollars,81,units,0,v1675424970,2.5.1,870,,,,0
Jan-24,"Halifax, Census metropolitan area (CMA)",2021S0503205,Room,Average asking rent,Dollars,81,units,0,v1675424970,2.5.1,870,,,,0
Apr-24,"Halifax, Census metropolitan area (CMA)",2021S0503205,Room,Average asking rent,Dollars,81,units,0,v1675424970,2.5.1,860,,,,0
Jul-24,"Halifax, Census metropolitan area (CMA)",2021S0503205,Room,Average asking rent,Dollars,81,units,0,v1675424970,2.5.1,870,,,,0
Oct-24,"Halifax, Census metropolitan area (CMA)",2021S0503205,Room,Average asking rent,Dollars,81,units,0,v1675424970,2.5.1,840,,,,0
Jan-25,"Halifax, Census metropolitan area (CMA)",2021S0503205,Room,Average asking rent,Dollars,81,units,0,v1675424970,2.5.1,840,,,,0
Jan-20,"Fredericton, Census metropolitan area (CMA)",2021S0503320,Apartment - 1 bedroom,Average asking rent,Dollars,81,units,0,v1675424987,3.2.1,930,,,,0
Apr-20,"Fredericton, Census metropolitan area (CMA)",2021S0503320,Apartment - 1 bedroom,Average asking rent,Dollars,81,units,0,v1675424987,3.2.1,860,E,,,0
Jul-20,"Fredericton, Census metropolitan area (CMA)",2021S0503320,Apartment - 1 bedroom,Average asking rent,Dollars,81,units,0,v1675424987,3.2.1,910,,,,0
Oct-20,"Fredericton, Census metropolitan area (CMA)",2021S0503320,Apartment - 1 bedroom,Average asking rent,Dollars,81,units,0,v1675424987,3.2.1,940,,,,0
Jan-21,"Fredericton, Census metropolitan area (CMA)",2021S0503320,Apartment - 1 bedroom,Average asking rent,Dollars,81,units,0,v1675424987,3.2.1,960,,,,0
Apr-21,"Fredericton, Census metropolitan area (CMA)",2021S0503320,Apartment - 1 bedroom,Average asking rent,Dollars,81,units,0,v1675424987,3.2.1,970,,,,0
Jul-21,"Fredericton, Census metropolitan area (CMA)",2021S0503320,Apartment - 1 bedroom,Average asking rent,Dollars,81,units,0,v1675424987,3.2.1,970,,,,0
Oct-21,"Fredericton, Census metropolitan area (CMA)",2021S0503320,Apartment - 1 bedroom,Average asking rent,Dollars,81,units,0,v1675424987,3.2.1,1020,,,,0
Jan-22,"Fredericton, Census metropolitan area (CMA)",2021S0503320,Apartment - 1 bedroom,Average asking rent,Dollars,81,units,0,v1675424987,3.2.1,1070,,,,0
Apr-22,"Fredericton, Census metropolitan area (CMA)",2021S0503320,Apartment - 1 bedroom,Average asking rent,Dollars,81,units,0,v1675424987,3.2.1,1110,,,,0
Jul-22,"Fredericton, Census metropolitan area (CMA)",2021S0503320,Apartment - 1 bedroom,Average asking rent,Dollars,81,units,0,v1675424987,3.2.1,1120,,,,0
Oct-22,"Fredericton, Census metropolitan area (CMA)",2021S0503320,Apartment - 1 bedroom,Average asking rent,Dollars,81,units,0,v1675424987,3.2.1,1130,,,,0
Jan-23,"Fredericton, Census metropolitan area (CMA)",2021S0503320,Apartment - 1 bedroom,Average asking rent,Dollars,81,units,0,v1675424987,3.2.1,1160,,,,0
Apr-23,"Fredericton, Census metropolitan area (CMA)",2021S0503320,Apartment - 1 bedroom,Average asking rent,Dollars,81,units,0,v1675424987,3.2.1,1110,E,,,0
Jul-23,"Fredericton, Census metropolitan area (CMA)",2021S0503320,Apartment - 1 bedroom,Average asking rent,Dollars,81,units,0,v1675424987,3.2.1,1180,,,,0
Oct-23,"Fredericton, Census metropolitan area (CMA)",2021S0503320,Apartment - 1 bedroom,Average asking rent,Dollars,81,units,0,v1675424987,3.2.1,1240,,,,0
Jan-24,"Fredericton, Census metropolitan area (CMA)",2021S0503320,Apartment - 1 bedroom,Average asking rent,Dollars,81,units,0,v1675424987,3.2.1,1330,E,,,0
Apr-24,"Fredericton, Census metropolitan area (CMA)",2021S0503320,Apartment - 1 bedroom,Average asking rent,Dollars,81,units,0,v1675424987,3.2.1,1260,,,,0
Jul-24,"Fredericton, Census metropolitan area (CMA)",2021S0503320,Apartment - 1 bedroom,Average asking rent,Dollars,81,units,0,v1675424987,3.2.1,1280,,,,0
Oct-24,"Fredericton, Census metropolitan area (CMA)",2021S0503320,Apartment - 1 bedroom,Average asking rent,Dollars,81,units,0,v1675424987,3.2.1,1390,E,,,0
Jan-25,"Fredericton, Census metropolitan area (CMA)",2021S0503320,Apartment - 1 bedroom,Average asking rent,Dollars,81,units,0,v1675424987,3.2.1,1320,,,,0
Jan-20,"Fredericton, Census metropolitan area (CMA)",2021S0503320,Apartment - 2 bedrooms,Average asking rent,Dollars,81,units,0,v1675424988,3.3.1,1010,,,,0
Apr-20,"Fredericton, Census metropolitan area (CMA)",2021S0503320,Apartment - 2 bedrooms,Average asking rent,Dollars,81,units,0,v1675424988,3.3.1,1060,,,,0
Jul-20,"Fredericton, Census metropolitan area (CMA)",2021S0503320,Apartment - 2 bedrooms,Average asking rent,Dollars,81,units,0,v1675424988,3.3.1,1070,,,,0
Oct-20,"Fredericton, Census metropolitan area (CMA)",2021S0503320,Apartment - 2 bedrooms,Average asking rent,Dollars,81,units,0,v1675424988,3.3.1,1090,,,,0
Jan-21,"Fredericton, Census metropolitan area (CMA)",2021S0503320,Apartment - 2 bedrooms,Average asking rent,Dollars,81,units,0,v1675424988,3.3.1,1140,,,,0
Apr-21,"Fredericton, Census metropolitan area (CMA)",2021S0503320,Apartment - 2 bedrooms,Average asking rent,Dollars,81,units,0,v1675424988,3.3.1,1170,,,,0
Jul-21,"Fredericton, Census metropolitan area (CMA)",2021S0503320,Apartment - 2 bedrooms,Average asking rent,Dollars,81,units,0,v1675424988,3.3.1,1190,,,,0
Oct-21,"Fredericton, Census metropolitan area (CMA)",2021S0503320,Apartment - 2 bedrooms,Average asking rent,Dollars,81,units,0,v1675424988,3.3.1,1290,,,,0
Jan-22,"Fredericton, Census metropolitan area (CMA)",2021S0503320,Apartment - 2 bedrooms,Average asking rent,Dollars,81,units,0,v1675424988,3.3.1,1280,,,,0
Apr-22,"Fredericton, Census metropolitan area (CMA)",2021S0503320,Apartment - 2 bedrooms,Average asking rent,Dollars,81,units,0,v1675424988,3.3.1,1360,,,,0
Jul-22,"Fredericton, Census metropolitan area (CMA)",2021S0503320,Apartment - 2 bedrooms,Average asking rent,Dollars,81,units,0,v1675424988,3.3.1,1350,,,,0
Oct-22,"Fredericton, Census metropolitan area (CMA)",2021S0503320,Apartment - 2 bedrooms,Average asking rent,Dollars,81,units,0,v1675424988,3.3.1,1430,,,,0
Jan-23,"Fredericton, Census metropolitan area (CMA)",2021S0503320,Apartment - 2 bedrooms,Average asking rent,Dollars,81,units,0,v1675424988,3.3.1,1440,,,,0
Apr-23,"Fredericton, Census metropolitan area (CMA)",2021S0503320,Apartment - 2 bedrooms,Average asking rent,Dollars,81,units,0,v1675424988,3.3.1,1490,,,,0
Jul-23,"Fredericton, Census metropolitan area (CMA)",2021S0503320,Apartment - 2 bedrooms,Average asking rent,Dollars,81,units,0,v1675424988,3.3.1,1490,,,,0
Oct-23,"Fredericton, Census metropolitan area (CMA)",2021S0503320,Apartment - 2 bedrooms,Average asking rent,Dollars,81,units,0,v1675424988,3.3.1,1550,,,,0
Jan-24,"Fredericton, Census metropolitan area (CMA)",2021S0503320,Apartment - 2 bedrooms,Average asking rent,Dollars,81,units,0,v1675424988,3.3.1,1560,,,,0
Apr-24,"Fredericton, Census metropolitan area (CMA)",2021S0503320,Apartment - 2 bedrooms,Average asking rent,Dollars,81,units,0,v1675424988,3.3.1,1570,,,,0
Jul-24,"Fredericton, Census metropolitan area (CMA)",2021S0503320,Apartment - 2 bedrooms,Average asking rent,Dollars,81,units,0,v1675424988,3.3.1,1580,,,,0
Oct-24,"Fredericton, Census metropolitan area (CMA)",2021S0503320,Apartment - 2 bedrooms,Average asking rent,Dollars,81,units,0,v1675424988,3.3.1,1610,,,,0
Jan-25,"Fredericton, Census metropolitan area (CMA)",2021S0503320,Apartment - 2 bedrooms,Average asking rent,Dollars,81,units,0,v1675424988,3.3.1,1570,,,,0
Jan-20,"Fredericton, Census metropolitan area (CMA)",2021S0503320,Room,Average asking rent,Dollars,81,units,0,v1675424990,3.5.1,470,,,,0
Apr-20,"Fredericton, Census metropolitan area (CMA)",2021S0503320,Room,Average asking rent,Dollars,81,units,0,v1675424990,3.5.1,500,E,,,0
Jul-20,"Fredericton, Census metropolitan area (CMA)",2021S0503320,Room,Average asking rent,Dollars,81,units,0,v1675424990,3.5.1,490,,,,0
Oct-20,"Fredericton, Census metropolitan area (CMA)",2021S0503320,Room,Average asking rent,Dollars,81,units,0,v1675424990,3.5.1,480,,,,0
Jan-21,"Fredericton, Census metropolitan area (CMA)",2021S0503320,Room,Average asking rent,Dollars,81,units,0,v1675424990,3.5.1,500,,,,0
Apr-21,"Fredericton, Census metropolitan area (CMA)",2021S0503320,Room,Average asking rent,Dollars,81,units,0,v1675424990,3.5.1,500,,,,0
Jul-21,"Fredericton, Census metropolitan area (CMA)",2021S0503320,Room,Average asking rent,Dollars,81,units,0,v1675424990,3.5.1,510,E,,,0
Oct-21,"Fredericton, Census metropolitan area (CMA)",2021S0503320,Room,Average asking rent,Dollars,81,units,0,v1675424990,3.5.1,560,,,,0
Jan-22,"Fredericton, Census metropolitan area (CMA)",2021S0503320,Room,Average asking rent,Dollars,81,units,0,v1675424990,3.5.1,560,,,,0
Apr-22,"Fredericton, Census metropolitan area (CMA)",2021S0503320,Room,Average asking rent,Dollars,81,units,0,v1675424990,3.5.1,540,,,,0
Jul-22,"Fredericton, Census metropolitan area (CMA)",2021S0503320,Room,Average asking rent,Dollars,81,units,0,v1675424990,3.5.1,610,,,,0
Oct-22,"Fredericton, Census metropolitan area (CMA)",2021S0503320,Room,Average asking rent,Dollars,81,units,0,v1675424990,3.5.1,590,,,,0
Jan-23,"Fredericton, Census metropolitan area (CMA)",2021S0503320,Room,Average asking rent,Dollars,81,units,0,v1675424990,3.5.1,600,,,,0
Apr-23,"Fredericton, Census metropolitan area (CMA)",2021S0503320,Room,Average asking rent,Dollars,81,units,0,v1675424990,3.5.1,600,,,,0
Jul-23,"Fredericton, Census metropolitan area (CMA)",2021S0503320,Room,Average asking rent,Dollars,81,units,0,v1675424990,3.5.1,640,,,,0
Oct-23,"Fredericton, Census metropolitan area (CMA)",2021S0503320,Room,Average asking rent,Dollars,81,units,0,v1675424990,3.5.1,650,,,,0
Jan-24,"Fredericton, Census metropolitan area (CMA)",2021S0503320,Room,Average asking rent,Dollars,81,units,0,v1675424990,3.5.1,650,,,,0
Apr-24,"Fredericton, Census metropolitan area (CMA)",2021S0503320,Room,Average asking rent,Dollars,81,units,0,v1675424990,3.5.1,640,,,,0
Jul-24,"Fredericton, Census metropolitan area (CMA)",2021S0503320,Room,Average asking rent,Dollars,81,units,0,v1675424990,3.5.1,680,,,,0
Oct-24,"Fredericton, Census metropolitan area (CMA)",2021S0503320,Room,Average asking rent,Dollars,81,units,0,v1675424990,3.5.1,700,,,,0
Jan-25,"Fredericton, Census metropolitan area (CMA)",2021S0503320,Room,Average asking rent,Dollars,81,units,0,v1675424990,3.5.1,660,,,,0
Jan-20,"Moncton, Census metropolitan area (CMA)",2021S0503305,Apartment - 1 bedroom,Average asking rent,Dollars,81,units,0,v1675424977,4.2.1,810,,,,0
Apr-20,"Moncton, Census metropolitan area (CMA)",2021S0503305,Apartment - 1 bedroom,Average asking rent,Dollars,81,units,0,v1675424977,4.2.1,840,,,,0
Jul-20,"Moncton, Census metropolitan area (CMA)",2021S0503305,Apartment - 1 bedroom,Average asking rent,Dollars,81,units,0,v1675424977,4.2.1,840,,,,0
Oct-20,"Moncton, Census metropolitan area (CMA)",2021S0503305,Apartment - 1 bedroom,Average asking rent,Dollars,81,units,0,v1675424977,4.2.1,840,,,,0
Jan-21,"Moncton, Census metropolitan area (CMA)",2021S0503305,Apartment - 1 bedroom,Average asking rent,Dollars,81,units,0,v1675424977,4.2.1,890,,,,0
Apr-21,"Moncton, Census metropolitan area (CMA)",2021S0503305,Apartment - 1 bedroom,Average asking rent,Dollars,81,units,0,v1675424977,4.2.1,940,,,,0
Jul-21,"Moncton, Census metropolitan area (CMA)",2021S0503305,Apartment - 1 bedroom,Average asking rent,Dollars,81,units,0,v1675424977,4.2.1,960,,,,0
Oct-21,"Moncton, Census metropolitan area (CMA)",2021S0503305,Apartment - 1 bedroom,Average asking rent,Dollars,81,units,0,v1675424977,4.2.1,1020,,,,0
Jan-22,"Moncton, Census metropolitan area (CMA)",2021S0503305,Apartment - 1 bedroom,Average asking rent,Dollars,81,units,0,v1675424977,4.2.1,1000,,,,0
Apr-22,"Moncton, Census metropolitan area (CMA)",2021S0503305,Apartment - 1 bedroom,Average asking rent,Dollars,81,units,0,v1675424977,4.2.1,1030,,,,0
Jul-22,"Moncton, Census metropolitan area (CMA)",2021S0503305,Apartment - 1 bedroom,Average asking rent,Dollars,81,units,0,v1675424977,4.2.1,1080,,,,0
Oct-22,"Moncton, Census metropolitan area (CMA)",2021S0503305,Apartment - 1 bedroom,Average asking rent,Dollars,81,units,0,v1675424977,4.2.1,1100,,,,0
Jan-23,"Moncton, Census metropolitan area (CMA)",2021S0503305,Apartment - 1 bedroom,Average asking rent,Dollars,81,units,0,v1675424977,4.2.1,1150,,,,0
Apr-23,"Moncton, Census metropolitan area (CMA)",2021S0503305,Apartment - 1 bedroom,Average asking rent,Dollars,81,units,0,v1675424977,4.2.1,1140,,,,0
Jul-23,"Moncton, Census metropolitan area (CMA)",2021S0503305,Apartment - 1 bedroom,Average asking rent,Dollars,81,units,0,v1675424977,4.2.1,1140,,,,0
Oct-23,"Moncton, Census metropolitan area (CMA)",2021S0503305,Apartment - 1 bedroom,Average asking rent,Dollars,81,units,0,v1675424977,4.2.1,1220,,,,0
Jan-24,"Moncton, Census metropolitan area (CMA)",2021S0503305,Apartment - 1 bedroom,Average asking rent,Dollars,81,units,0,v1675424977,4.2.1,1210,,,,0
Apr-24,"Moncton, Census metropolitan area (CMA)",2021S0503305,Apartment - 1 bedroom,Average asking rent,Dollars,81,units,0,v1675424977,4.2.1,1220,,,,0
Jul-24,"Moncton, Census metropolitan area (CMA)",2021S0503305,Apartment - 1 bedroom,Average asking rent,Dollars,81,units,0,v1675424977,4.2.1,1290,,,,0
Oct-24,"Moncton, Census metropolitan area (CMA)",2021S0503305,Apartment - 1 bedroom,Average asking rent,Dollars,81,units,0,v1675424977,4.2.1,1310,,,,0
Jan-25,"Moncton, Census metropolitan area (CMA)",2021S0503305,Apartment - 1 bedroom,Average asking rent,Dollars,81,units,0,v1675424977,4.2.1,1320,,,,0
Jan-20,"Moncton, Census metropolitan area (CMA)",2021S0503305,Apartment - 2 bedrooms,Average asking rent,Dollars,81,units,0,v1675424978,4.3.1,950,,,,0
Apr-20,"Moncton, Census metropolitan area (CMA)",2021S0503305,Apartment - 2 bedrooms,Average asking rent,Dollars,81,units,0,v1675424978,4.3.1,980,,,,0
Jul-20,"Moncton, Census metropolitan area (CMA)",2021S0503305,Apartment - 2 bedrooms,Average asking rent,Dollars,81,units,0,v1675424978,4.3.1,990,,,,0
Oct-20,"Moncton, Census metropolitan area (CMA)",2021S0503305,Apartment - 2 bedrooms,Average asking rent,Dollars,81,units,0,v1675424978,4.3.1,1030,,,,0
Jan-21,"Moncton, Census metropolitan area (CMA)",2021S0503305,Apartment - 2 bedrooms,Average asking rent,Dollars,81,units,0,v1675424978,4.3.1,1080,,,,0
Apr-21,"Moncton, Census metropolitan area (CMA)",2021S0503305,Apartment - 2 bedrooms,Average asking rent,Dollars,81,units,0,v1675424978,4.3.1,1110,,,,0
Jul-21,"Moncton, Census metropolitan area (CMA)",2021S0503305,Apartment - 2 bedrooms,Average asking rent,Dollars,81,units,0,v1675424978,4.3.1,1140,,,,0
Oct-21,"Moncton, Census metropolitan area (CMA)",2021S0503305,Apartment - 2 bedrooms,Average asking rent,Dollars,81,units,0,v1675424978,4.3.1,1230,,,,0
Jan-22,"Moncton, Census metropolitan area (CMA)",2021S0503305,Apartment - 2 bedrooms,Average asking rent,Dollars,81,units,0,v1675424978,4.3.1,1210,,,,0
Apr-22,"Moncton, Census metropolitan area (CMA)",2021S0503305,Apartment - 2 bedrooms,Average asking rent,Dollars,81,units,0,v1675424978,4.3.1,1240,,,,0
Jul-22,"Moncton, Census metropolitan area (CMA)",2021S0503305,Apartment - 2 bedrooms,Average asking rent,Dollars,81,units,0,v1675424978,4.3.1,1290,,,,0
Oct-22,"Moncton, Census metropolitan area (CMA)",2021S0503305,Apartment - 2 bedrooms,Average asking rent,Dollars,81,units,0,v1675424978,4.3.1,1290,,,,0
Jan-23,"Moncton, Census metropolitan area (CMA)",2021S0503305,Apartment - 2 bedrooms,Average asking rent,Dollars,81,units,0,v1675424978,4.3.1,1370,,,,0
Apr-23,"Moncton, Census metropolitan area (CMA)",2021S0503305,Apartment - 2 bedrooms,Average asking rent,Dollars,81,units,0,v1675424978,4.3.1,1380,,,,0
Jul-23,"Moncton, Census metropolitan area (CMA)",2021S0503305,Apartment - 2 bedrooms,Average asking rent,Dollars,81,units,0,v1675424978,4.3.1,1420,,,,0
Oct-23,"Moncton, Census metropolitan area (CMA)",2021S0503305,Apartment - 2 bedrooms,Average asking rent,Dollars,81,units,0,v1675424978,4.3.1,1450,,,,0
Jan-24,"Moncton, Census metropolitan area (CMA)",2021S0503305,Apartment - 2 bedrooms,Average asking rent,Dollars,81,units,0,v1675424978,4.3.1,1470,,,,0
Apr-24,"Moncton, Census metropolitan area (CMA)",2021S0503305,Apartment - 2 bedrooms,Average asking rent,Dollars,81,units,0,v1675424978,4.3.1,1510,,,,0
Jul-24,"Moncton, Census metropolitan area (CMA)",2021S0503305,Apartment - 2 bedrooms,Average asking rent,Dollars,81,units,0,v1675424978,4.3.1,1550,,,,0
Oct-24,"Moncton, Census metropolitan area (CMA)",2021S0503305,Apartment - 2 bedrooms,Average asking rent,Dollars,81,units,0,v1675424978,4.3.1,1520,,,,0
Jan-25,"Moncton, Census metropolitan area (CMA)",2021S0503305,Apartment - 2 bedrooms,Average asking rent,Dollars,81,units,0,v1675424978,4.3.1,1520,,,,0
Jan-20,"Moncton, Census metropolitan area (CMA)",2021S0503305,Room,Average asking rent,Dollars,81,units,0,v1675424980,4.5.1,470,,,,0
Apr-20,"Moncton, Census metropolitan area (CMA)",2021S0503305,Room,Average asking rent,Dollars,81,units,0,v1675424980,4.5.1,480,,,,0
Jul-20,"Moncton, Census metropolitan area (CMA)",2021S0503305,Room,Average asking rent,Dollars,81,units,0,v1675424980,4.5.1,500,,,,0
Oct-20,"Moncton, Census metropolitan area (CMA)",2021S0503305,Room,Average asking rent,Dollars,81,units,0,v1675424980,4.5.1,490,,,,0
Jan-21,"Moncton, Census metropolitan area (CMA)",2021S0503305,Room,Average asking rent,Dollars,81,units,0,v1675424980,4.5.1,480,,,,0
Apr-21,"Moncton, Census metropolitan area (CMA)",2021S0503305,Room,Average asking rent,Dollars,81,units,0,v1675424980,4.5.1,490,,,,0
Jul-21,"Moncton, Census metropolitan area (CMA)",2021S0503305,Room,Average asking rent,Dollars,81,units,0,v1675424980,4.5.1,530,,,,0
Oct-21,"Moncton, Census metropolitan area (CMA)",2021S0503305,Room,Average asking rent,Dollars,81,units,0,v1675424980,4.5.1,530,,,,0
Jan-22,"Moncton, Census metropolitan area (CMA)",2021S0503305,Room,Average asking rent,Dollars,81,units,0,v1675424980,4.5.1,530,,,,0
Apr-22,"Moncton, Census metropolitan area (CMA)",2021S0503305,Room,Average asking rent,Dollars,81,units,0,v1675424980,4.5.1,550,,,,0
Jul-22,"Moncton, Census metropolitan area (CMA)",2021S0503305,Room,Average asking rent,Dollars,81,units,0,v1675424980,4.5.1,580,,,,0
Oct-22,"Moncton, Census metropolitan area (CMA)",2021S0503305,Room,Average asking rent,Dollars,81,units,0,v1675424980,4.5.1,600,,,,0
Jan-23,"Moncton, Census metropolitan area (CMA)",2021S0503305,Room,Average asking rent,Dollars,81,units,0,v1675424980,4.5.1,600,,,,0
Apr-23,"Moncton, Census metropolitan area (CMA)",2021S0503305,Room,Average asking rent,Dollars,81,units,0,v1675424980,4.5.1,620,,,,0
Jul-23,"Moncton, Census metropolitan area (CMA)",2021S0503305,Room,Average asking rent,Dollars,81,units,0,v1675424980,4.5.1,630,,,,0
Oct-23,"Moncton, Census metropolitan area (CMA)",2021S0503305,Room,Average asking rent,Dollars,81,units,0,v1675424980,4.5.1,680,E,,,0
Jan-24,"Moncton, Census metropolitan area (CMA)",2021S0503305,Room,Average asking rent,Dollars,81,units,0,v1675424980,4.5.1,640,,,,0
Apr-24,"Moncton, Census metropolitan area (CMA)",2021S0503305,Room,Average asking rent,Dollars,81,units,0,v1675424980,4.5.1,670,,,,0
Jul-24,"Moncton, Census metropolitan area (CMA)",2021S0503305,Room,Average asking rent,Dollars,81,units,0,v1675424980,4.5.1,690,,,,0
Oct-24,"Moncton, Census metropolitan area (CMA)",2021S0503305,Room,Average asking rent,Dollars,81,units,0,v1675424980,4.5.1,670,,,,0
Jan-25,"Moncton, Census metropolitan area (CMA)",2021S0503305,Room,Average asking rent,Dollars,81,units,0,v1675424980,4.5.1,680,,,,0
Jan-20,"Saint John, Census metropolitan area (CMA)",2021S0503310,Apartment - 1 bedroom,Average asking rent,Dollars,81,units,0,v1675424982,5.2.1,820,,,,0
Apr-20,"Saint John, Census metropolitan area (CMA)",2021S0503310,Apartment - 1 bedroom,Average asking rent,Dollars,81,units,0,v1675424982,5.2.1,830,,,,0
Jul-20,"Saint John, Census metropolitan area (CMA)",2021S0503310,Apartment - 1 bedroom,Average asking rent,Dollars,81,units,0,v1675424982,5.2.1,830,,,,0
Oct-20,"Saint John, Census metropolitan area (CMA)",2021S0503310,Apartment - 1 bedroom,Average asking rent,Dollars,81,units,0,v1675424982,5.2.1,820,,,,0
Jan-21,"Saint John, Census metropolitan area (CMA)",2021S0503310,Apartment - 1 bedroom,Average asking rent,Dollars,81,units,0,v1675424982,5.2.1,860,,,,0
Apr-21,"Saint John, Census metropolitan area (CMA)",2021S0503310,Apartment - 1 bedroom,Average asking rent,Dollars,81,units,0,v1675424982,5.2.1,860,,,,0
Jul-21,"Saint John, Census metropolitan area (CMA)",2021S0503310,Apartment - 1 bedroom,Average asking rent,Dollars,81,units,0,v1675424982,5.2.1,870,,,,0
Oct-21,"Saint John, Census metropolitan area (CMA)",2021S0503310,Apartment - 1 bedroom,Average asking rent,Dollars,81,units,0,v1675424982,5.2.1,870,,,,0
Jan-22,"Saint John, Census metropolitan area (CMA)",2021S0503310,Apartment - 1 bedroom,Average asking rent,Dollars,81,units,0,v1675424982,5.2.1,910,,,,0
Apr-22,"Saint John, Census metropolitan area (CMA)",2021S0503310,Apartment - 1 bedroom,Average asking rent,Dollars,81,units,0,v1675424982,5.2.1,960,,,,0
Jul-22,"Saint John, Census metropolitan area (CMA)",2021S0503310,Apartment - 1 bedroom,Average asking rent,Dollars,81,units,0,v1675424982,5.2.1,1010,,,,0
Oct-22,"Saint John, Census metropolitan area (CMA)",2021S0503310,Apartment - 1 bedroom,Average asking rent,Dollars,81,units,0,v1675424982,5.2.1,1010,,,,0
Jan-23,"Saint John, Census metropolitan area (CMA)",2021S0503310,Apartment - 1 bedroom,Average asking rent,Dollars,81,units,0,v1675424982,5.2.1,1060,,,,0
Apr-23,"Saint John, Census metropolitan area (CMA)",2021S0503310,Apartment - 1 bedroom,Average asking rent,Dollars,81,units,0,v1675424982,5.2.1,1090,,,,0
Jul-23,"Saint John, Census metropolitan area (CMA)",2021S0503310,Apartment - 1 bedroom,Average asking rent,Dollars,81,units,0,v1675424982,5.2.1,1160,,,,0
Oct-23,"Saint John, Census metropolitan area (CMA)",2021S0503310,Apartment - 1 bedroom,Average asking rent,Dollars,81,units,0,v1675424982,5.2.1,1170,,,,0
Jan-24,"Saint John, Census metropolitan area (CMA)",2021S0503310,Apartment - 1 bedroom,Average asking rent,Dollars,81,units,0,v1675424982,5.2.1,1090,,,,0
Apr-24,"Saint John, Census metropolitan area (CMA)",2021S0503310,Apartment - 1 bedroom,Average asking rent,Dollars,81,units,0,v1675424982,5.2.1,1110,,,,0
Jul-24,"Saint John, Census metropolitan area (CMA)",2021S0503310,Apartment - 1 bedroom,Average asking rent,Dollars,81,units,0,v1675424982,5.2.1,1190,,,,0
Oct-24,"Saint John, Census metropolitan area (CMA)",2021S0503310,Apartment - 1 bedroom,Average asking rent,Dollars,81,units,0,v1675424982,5.2.1,1230,,,,0
Jan-25,"Saint John, Census metropolitan area (CMA)",2021S0503310,Apartment - 1 bedroom,Average asking rent,Dollars,81,units,0,v1675424982,5.2.1,1180,,,,0
Jan-20,"Saint John, Census metropolitan area (CMA)",2021S0503310,Apartment - 2 bedrooms,Average asking rent,Dollars,81,units,0,v1675424983,5.3.1,940,,,,0
Apr-20,"Saint John, Census metropolitan area (CMA)",2021S0503310,Apartment - 2 bedrooms,Average asking rent,Dollars,81,units,0,v1675424983,5.3.1,1000,,,,0
Jul-20,"Saint John, Census metropolitan area (CMA)",2021S0503310,Apartment - 2 bedrooms,Average asking rent,Dollars,81,units,0,v1675424983,5.3.1,1050,,,,0
Oct-20,"Saint John, Census metropolitan area (CMA)",2021S0503310,Apartment - 2 bedrooms,Average asking rent,Dollars,81,units,0,v1675424983,5.3.1,1000,E,,,0
Jan-21,"Saint John, Census metropolitan area (CMA)",2021S0503310,Apartment - 2 bedrooms,Average asking rent,Dollars,81,units,0,v1675424983,5.3.1,1120,,,,0
Apr-21,"Saint John, Census metropolitan area (CMA)",2021S0503310,Apartment - 2 bedrooms,Average asking rent,Dollars,81,units,0,v1675424983,5.3.1,1110,,,,0
Jul-21,"Saint John, Census metropolitan area (CMA)",2021S0503310,Apartment - 2 bedrooms,Average asking rent,Dollars,81,units,0,v1675424983,5.3.1,1110,,,,0
Oct-21,"Saint John, Census metropolitan area (CMA)",2021S0503310,Apartment - 2 bedrooms,Average asking rent,Dollars,81,units,0,v1675424983,5.3.1,1120,,,,0
Jan-22,"Saint John, Census metropolitan area (CMA)",2021S0503310,Apartment - 2 bedrooms,Average asking rent,Dollars,81,units,0,v1675424983,5.3.1,1160,,,,0
Apr-22,"Saint John, Census metropolitan area (CMA)",2021S0503310,Apartment - 2 bedrooms,Average asking rent,Dollars,81,units,0,v1675424983,5.3.1,1110,,,,0
Jul-22,"Saint John, Census metropolitan area (CMA)",2021S0503310,Apartment - 2 bedrooms,Average asking rent,Dollars,81,units,0,v1675424983,5.3.1,1230,,,,0
Oct-22,"Saint John, Census metropolitan area (CMA)",2021S0503310,Apartment - 2 bedrooms,Average asking rent,Dollars,81,units,0,v1675424983,5.3.1,1260,,,,0
Jan-23,"Saint John, Census metropolitan area (CMA)",2021S0503310,Apartment - 2 bedrooms,Average asking rent,Dollars,81,units,0,v1675424983,5.3.1,1300,,,,0
Apr-23,"Saint John, Census metropolitan area (CMA)",2021S0503310,Apartment - 2 bedrooms,Average asking rent,Dollars,81,units,0,v1675424983,5.3.1,1320,,,,0
Jul-23,"Saint John, Census metropolitan area (CMA)",2021S0503310,Apartment - 2 bedrooms,Average asking rent,Dollars,81,units,0,v1675424983,5.3.1,1400,,,,0
Oct-23,"Saint John, Census metropolitan area (CMA)",2021S0503310,Apartment - 2 bedrooms,Average asking rent,Dollars,81,units,0,v1675424983,5.3.1,1450,,,,0
Jan-24,"Saint John, Census metropolitan area (CMA)",2021S0503310,Apartment - 2 bedrooms,Average asking rent,Dollars,81,units,0,v1675424983,5.3.1,1520,,,,0
Apr-24,"Saint John, Census metropolitan area (CMA)",2021S0503310,Apartment - 2 bedrooms,Average asking rent,Dollars,81,units,0,v1675424983,5.3.1,1430,,,,0
Jul-24,"Saint John, Census metropolitan area (CMA)",2021S0503310,Apartment - 2 bedrooms,Average asking rent,Dollars,81,units,0,v1675424983,5.3.1,1590,E,,,0
Oct-24,"Saint John, Census metropolitan area (CMA)",2021S0503310,Apartment - 2 bedrooms,Average asking rent,Dollars,81,units,0,v1675424983,5.3.1,1550,,,,0
Jan-25,"Saint John, Census metropolitan area (CMA)",2021S0503310,Apartment - 2 bedrooms,Average asking rent,Dollars,81,units,0,v1675424983,5.3.1,1520,,,,0
Jan-20,"Saint John, Census metropolitan area (CMA)",2021S0503310,Room,Average asking rent,Dollars,81,units,0,v1675424985,5.5.1,480,,,,0
Apr-20,"Saint John, Census metropolitan area (CMA)",2021S0503310,Room,Average asking rent,Dollars,81,units,0,v1675424985,5.5.1,460,,,,0
Jul-20,"Saint John, Census metropolitan area (CMA)",2021S0503310,Room,Average asking rent,Dollars,81,units,0,v1675424985,5.5.1,470,,,,0
Oct-20,"Saint John, Census metropolitan area (CMA)",2021S0503310,Room,Average asking rent,Dollars,81,units,0,v1675424985,5.5.1,490,,,,0
Jan-21,"Saint John, Census metropolitan area (CMA)",2021S0503310,Room,Average asking rent,Dollars,81,units,0,v1675424985,5.5.1,480,,,,0
Apr-21,"Saint John, Census metropolitan area (CMA)",2021S0503310,Room,Average asking rent,Dollars,81,units,0,v1675424985,5.5.1,490,,,,0
Jul-21,"Saint John, Census metropolitan area (CMA)",2021S0503310,Room,Average asking rent,Dollars,81,units,0,v1675424985,5.5.1,470,,,,0
Oct-21,"Saint John, Census metropolitan area (CMA)",2021S0503310,Room,Average asking rent,Dollars,81,units,0,v1675424985,5.5.1,510,,,,0
Jan-22,"Saint John, Census metropolitan area (CMA)",2021S0503310,Room,Average asking rent,Dollars,81,units,0,v1675424985,5.5.1,510,,,,0
Apr-22,"Saint John, Census metropolitan area (CMA)",2021S0503310,Room,Average asking rent,Dollars,81,units,0,v1675424985,5.5.1,510,,,,0
Jul-22,"Saint John, Census metropolitan area (CMA)",2021S0503310,Room,Average asking rent,Dollars,81,units,0,v1675424985,5.5.1,510,,,,0
Oct-22,"Saint John, Census metropolitan area (CMA)",2021S0503310,Room,Average asking rent,Dollars,81,units,0,v1675424985,5.5.1,560,,,,0
Jan-23,"Saint John, Census metropolitan area (CMA)",2021S0503310,Room,Average asking rent,Dollars,81,units,0,v1675424985,5.5.1,530,,,,0
Apr-23,"Saint John, Census metropolitan area (CMA)",2021S0503310,Room,Average asking rent,Dollars,81,units,0,v1675424985,5.5.1,560,,,,0
Jul-23,"Saint John, Census metropolitan area (CMA)",2021S0503310,Room,Average asking rent,Dollars,81,units,0,v1675424985,5.5.1,590,,,,0
Oct-23,"Saint John, Census metropolitan area (CMA)",2021S0503310,Room,Average asking rent,Dollars,81,units,0,v1675424985,5.5.1,650,,,,0
Jan-24,"Saint John, Census metropolitan area (CMA)",2021S0503310,Room,Average asking rent,Dollars,81,units,0,v1675424985,5.5.1,630,,,,0
Apr-24,"Saint John, Census metropolitan area (CMA)",2021S0503310,Room,Average asking rent,Dollars,81,units,0,v1675424985,5.5.1,660,,,,0
Jul-24,"Saint John, Census metropolitan area (CMA)",2021S0503310,Room,Average asking rent,Dollars,81,units,0,v1675424985,5.5.1,660,,,,0
Oct-24,"Saint John, Census metropolitan area (CMA)",2021S0503310,Room,Average asking rent,Dollars,81,units,0,v1675424985,5.5.1,640,E,,,0
Jan-25,"Saint John, Census metropolitan area (CMA)",2021S0503310,Room,Average asking rent,Dollars,81,units,0,v1675424985,5.5.1,680,,,,0
Jan-20,"Drummondville, Census metropolitan area (CMA)",2021S0503447,Apartment - 1 bedroom,Average asking rent,Dollars,81,units,0,v1675425017,6.2.1,,..,,,0
Apr-20,"Drummondville, Census metropolitan area (CMA)",2021S0503447,Apartment - 1 bedroom,Average asking rent,Dollars,81,units,0,v1675425017,6.2.1,,..,,,0
Jul-20,"Drummondville, Census metropolitan area (CMA)",2021S0503447,Apartment - 1 bedroom,Average asking rent,Dollars,81,units,0,v1675425017,6.2.1,,..,,,0
Oct-20,"Drummondville, Census metropolitan area (CMA)",2021S0503447,Apartment - 1 bedroom,Average asking rent,Dollars,81,units,0,v1675425017,6.2.1,,..,,,0
Jan-21,"Drummondville, Census metropolitan area (CMA)",2021S0503447,Apartment - 1 bedroom,Average asking rent,Dollars,81,units,0,v1675425017,6.2.1,,..,,,0
Apr-21,"Drummondville, Census metropolitan area (CMA)",2021S0503447,Apartment - 1 bedroom,Average asking rent,Dollars,81,units,0,v1675425017,6.2.1,,..,,,0
Jul-21,"Drummondville, Census metropolitan area (CMA)",2021S0503447,Apartment - 1 bedroom,Average asking rent,Dollars,81,units,0,v1675425017,6.2.1,,..,,,0
Oct-21,"Drummondville, Census metropolitan area (CMA)",2021S0503447,Apartment - 1 bedroom,Average asking rent,Dollars,81,units,0,v1675425017,6.2.1,,..,,,0
Jan-22,"Drummondville, Census metropolitan area (CMA)",2021S0503447,Apartment - 1 bedroom,Average asking rent,Dollars,81,units,0,v1675425017,6.2.1,,..,,,0
Apr-22,"Drummondville, Census metropolitan area (CMA)",2021S0503447,Apartment - 1 bedroom,Average asking rent,Dollars,81,units,0,v1675425017,6.2.1,,..,,,0
Jul-22,"Drummondville, Census metropolitan area (CMA)",2021S0503447,Apartment - 1 bedroom,Average asking rent,Dollars,81,units,0,v1675425017,6.2.1,,..,,,0
Oct-22,"Drummondville, Census metropolitan area (CMA)",2021S0503447,Apartment - 1 bedroom,Average asking rent,Dollars,81,units,0,v1675425017,6.2.1,,..,,,0
Jan-23,"Drummondville, Census metropolitan area (CMA)",2021S0503447,Apartment - 1 bedroom,Average asking rent,Dollars,81,units,0,v1675425017,6.2.1,,..,,,0
Apr-23,"Drummondville, Census metropolitan area (CMA)",2021S0503447,Apartment - 1 bedroom,Average asking rent,Dollars,81,units,0,v1675425017,6.2.1,,..,,,0
Jul-23,"Drummondville, Census metropolitan area (CMA)",2021S0503447,Apartment - 1 bedroom,Average asking rent,Dollars,81,units,0,v1675425017,6.2.1,,..,,,0
Oct-23,"Drummondville, Census metropolitan area (CMA)",2021S0503447,Apartment - 1 bedroom,Average asking rent,Dollars,81,units,0,v1675425017,6.2.1,,..,,,0
Jan-24,"Drummondville, Census metropolitan area (CMA)",2021S0503447,Apartment - 1 bedroom,Average asking rent,Dollars,81,units,0,v1675425017,6.2.1,,..,,,0
Apr-24,"Drummondville, Census metropolitan area (CMA)",2021S0503447,Apartment - 1 bedroom,Average asking rent,Dollars,81,units,0,v1675425017,6.2.1,,..,,,0
Jul-24,"Drummondville, Census metropolitan area (CMA)",2021S0503447,Apartment - 1 bedroom,Average asking rent,Dollars,81,units,0,v1675425017,6.2.1,,..,,,0
Oct-24,"Drummondville, Census metropolitan area (CMA)",2021S0503447,Apartment - 1 bedroom,Average asking rent,Dollars,81,units,0,v1675425017,6.2.1,,..,,,0
Jan-25,"Drummondville, Census metropolitan area (CMA)",2021S0503447,Apartment - 1 bedroom,Average asking rent,Dollars,81,units,0,v1675425017,6.2.1,,..,,,0
Jan-20,"Drummondville, Census metropolitan area (CMA)",2021S0503447,Apartment - 2 bedrooms,Average asking rent,Dollars,81,units,0,v1675425018,6.3.1,650,,,,0
Apr-20,"Drummondville, Census metropolitan area (CMA)",2021S0503447,Apartment - 2 bedrooms,Average asking rent,Dollars,81,units,0,v1675425018,6.3.1,670,,,,0
Jul-20,"Drummondville, Census metropolitan area (CMA)",2021S0503447,Apartment - 2 bedrooms,Average asking rent,Dollars,81,units,0,v1675425018,6.3.1,670,,,,0
Oct-20,"Drummondville, Census metropolitan area (CMA)",2021S0503447,Apartment - 2 bedrooms,Average asking rent,Dollars,81,units,0,v1675425018,6.3.1,710,,,,0
Jan-21,"Drummondville, Census metropolitan area (CMA)",2021S0503447,Apartment - 2 bedrooms,Average asking rent,Dollars,81,units,0,v1675425018,6.3.1,750,,,,0
Apr-21,"Drummondville, Census metropolitan area (CMA)",2021S0503447,Apartment - 2 bedrooms,Average asking rent,Dollars,81,units,0,v1675425018,6.3.1,760,,,,0
Jul-21,"Drummondville, Census metropolitan area (CMA)",2021S0503447,Apartment - 2 bedrooms,Average asking rent,Dollars,81,units,0,v1675425018,6.3.1,790,,,,0
Oct-21,"Drummondville, Census metropolitan area (CMA)",2021S0503447,Apartment - 2 bedrooms,Average asking rent,Dollars,81,units,0,v1675425018,6.3.1,810,E,,,0
Jan-22,"Drummondville, Census metropolitan area (CMA)",2021S0503447,Apartment - 2 bedrooms,Average asking rent,Dollars,81,units,0,v1675425018,6.3.1,860,,,,0
Apr-22,"Drummondville, Census metropolitan area (CMA)",2021S0503447,Apartment - 2 bedrooms,Average asking rent,Dollars,81,units,0,v1675425018,6.3.1,910,,,,0
Jul-22,"Drummondville, Census metropolitan area (CMA)",2021S0503447,Apartment - 2 bedrooms,Average asking rent,Dollars,81,units,0,v1675425018,6.3.1,980,,,,0
Oct-22,"Drummondville, Census metropolitan area (CMA)",2021S0503447,Apartment - 2 bedrooms,Average asking rent,Dollars,81,units,0,v1675425018,6.3.1,980,E,,,0
Jan-23,"Drummondville, Census metropolitan area (CMA)",2021S0503447,Apartment - 2 bedrooms,Average asking rent,Dollars,81,units,0,v1675425018,6.3.1,970,,,,0
Apr-23,"Drummondville, Census metropolitan area (CMA)",2021S0503447,Apartment - 2 bedrooms,Average asking rent,Dollars,81,units,0,v1675425018,6.3.1,1040,E,,,0
Jul-23,"Drummondville, Census metropolitan area (CMA)",2021S0503447,Apartment - 2 bedrooms,Average asking rent,Dollars,81,units,0,v1675425018,6.3.1,1070,E,,,0
Oct-23,"Drummondville, Census metropolitan area (CMA)",2021S0503447,Apartment - 2 bedrooms,Average asking rent,Dollars,81,units,0,v1675425018,6.3.1,990,E,,,0
Jan-24,"Drummondville, Census metropolitan area (CMA)",2021S0503447,Apartment - 2 bedrooms,Average asking rent,Dollars,81,units,0,v1675425018,6.3.1,1100,E,,,0
Apr-24,"Drummondville, Census metropolitan area (CMA)",2021S0503447,Apartment - 2 bedrooms,Average asking rent,Dollars,81,units,0,v1675425018,6.3.1,1060,E,,,0
Jul-24,"Drummondville, Census metropolitan area (CMA)",2021S0503447,Apartment - 2 bedrooms,Average asking rent,Dollars,81,units,0,v1675425018,6.3.1,1040,E,,,0
Oct-24,"Drummondville, Census metropolitan area (CMA)",2021S0503447,Apartment - 2 bedrooms,Average asking rent,Dollars,81,units,0,v1675425018,6.3.1,1150,E,,,0
Jan-25,"Drummondville, Census metropolitan area (CMA)",2021S0503447,Apartment - 2 bedrooms,Average asking rent,Dollars,81,units,0,v1675425018,6.3.1,1200,E,,,0
Jan-20,"Drummondville, Census metropolitan area (CMA)",2021S0503447,Room,Average asking rent,Dollars,81,units,0,v1675425020,6.5.1,380,,,,0
Apr-20,"Drummondville, Census metropolitan area (CMA)",2021S0503447,Room,Average asking rent,Dollars,81,units,0,v1675425020,6.5.1,370,,,,0
Jul-20,"Drummondville, Census metropolitan area (CMA)",2021S0503447,Room,Average asking rent,Dollars,81,units,0,v1675425020,6.5.1,370,,,,0
Oct-20,"Drummondville, Census metropolitan area (CMA)",2021S0503447,Room,Average asking rent,Dollars,81,units,0,v1675425020,6.5.1,390,,,,0
Jan-21,"Drummondville, Census metropolitan area (CMA)",2021S0503447,Room,Average asking rent,Dollars,81,units,0,v1675425020,6.5.1,370,E,,,0
Apr-21,"Drummondville, Census metropolitan area (CMA)",2021S0503447,Room,Average asking rent,Dollars,81,units,0,v1675425020,6.5.1,410,,,,0
Jul-21,"Drummondville, Census metropolitan area (CMA)",2021S0503447,Room,Average asking rent,Dollars,81,units,0,v1675425020,6.5.1,410,,,,0
Oct-21,"Drummondville, Census metropolitan area (CMA)",2021S0503447,Room,Average asking rent,Dollars,81,units,0,v1675425020,6.5.1,420,,,,0
Jan-22,"Drummondville, Census metropolitan area (CMA)",2021S0503447,Room,Average asking rent,Dollars,81,units,0,v1675425020,6.5.1,460,E,,,0
Apr-22,"Drummondville, Census metropolitan area (CMA)",2021S0503447,Room,Average asking rent,Dollars,81,units,0,v1675425020,6.5.1,470,E,,,0
Jul-22,"Drummondville, Census metropolitan area (CMA)",2021S0503447,Room,Average asking rent,Dollars,81,units,0,v1675425020,6.5.1,460,,,,0
Oct-22,"Drummondville, Census metropolitan area (CMA)",2021S0503447,Room,Average asking rent,Dollars,81,units,0,v1675425020,6.5.1,470,E,,,0
Jan-23,"Drummondville, Census metropolitan area (CMA)",2021S0503447,Room,Average asking rent,Dollars,81,units,0,v1675425020,6.5.1,480,,,,0
Apr-23,"Drummondville, Census metropolitan area (CMA)",2021S0503447,Room,Average asking rent,Dollars,81,units,0,v1675425020,6.5.1,490,E,,,0
Jul-23,"Drummondville, Census metropolitan area (CMA)",2021S0503447,Room,Average asking rent,Dollars,81,units,0,v1675425020,6.5.1,540,E,,,0
Oct-23,"Drummondville, Census metropolitan area (CMA)",2021S0503447,Room,Average asking rent,Dollars,81,units,0,v1675425020,6.5.1,500,E,,,0
Jan-24,"Drummondville, Census metropolitan area (CMA)",2021S0503447,Room,Average asking rent,Dollars,81,units,0,v1675425020,6.5.1,540,E,,,0
Apr-24,"Drummondville, Census metropolitan area (CMA)",2021S0503447,Room,Average asking rent,Dollars,81,units,0,v1675425020,6.5.1,560,E,,,0
Jul-24,"Drummondville, Census metropolitan area (CMA)",2021S0503447,Room,Average asking rent,Dollars,81,units,0,v1675425020,6.5.1,610,E,,,0
Oct-24,"Drummondville, Census metropolitan area (CMA)",2021S0503447,Room,Average asking rent,Dollars,81,units,0,v1675425020,6.5.1,550,E,,,0
Jan-25,"Drummondville, Census metropolitan area (CMA)",2021S0503447,Room,Average asking rent,Dollars,81,units,0,v1675425020,6.5.1,560,E,,,0
Jan-20,"Montréal, Census metropolitan area (CMA)",2021S0503462,Apartment - 1 bedroom,Average asking rent,Dollars,81,units,0,v1675425022,7.2.1,1110,,,,0
Apr-20,"Montréal, Census metropolitan area (CMA)",2021S0503462,Apartment - 1 bedroom,Average asking rent,Dollars,81,units,0,v1675425022,7.2.1,1130,,,,0
Jul-20,"Montréal, Census metropolitan area (CMA)",2021S0503462,Apartment - 1 bedroom,Average asking rent,Dollars,81,units,0,v1675425022,7.2.1,1170,,,,0
Oct-20,"Montréal, Census metropolitan area (CMA)",2021S0503462,Apartment - 1 bedroom,Average asking rent,Dollars,81,units,0,v1675425022,7.2.1,1140,,,,0
Jan-21,"Montréal, Census metropolitan area (CMA)",2021S0503462,Apartment - 1 bedroom,Average asking rent,Dollars,81,units,0,v1675425022,7.2.1,1140,,,,0
Apr-21,"Montréal, Census metropolitan area (CMA)",2021S0503462,Apartment - 1 bedroom,Average asking rent,Dollars,81,units,0,v1675425022,7.2.1,1140,,,,0
Jul-21,"Montréal, Census metropolitan area (CMA)",2021S0503462,Apartment - 1 bedroom,Average asking rent,Dollars,81,units,0,v1675425022,7.2.1,1170,,,,0
Oct-21,"Montréal, Census metropolitan area (CMA)",2021S0503462,Apartment - 1 bedroom,Average asking rent,Dollars,81,units,0,v1675425022,7.2.1,1210,,,,0
Jan-22,"Montréal, Census metropolitan area (CMA)",2021S0503462,Apartment - 1 bedroom,Average asking rent,Dollars,81,units,0,v1675425022,7.2.1,1220,,,,0
Apr-22,"Montréal, Census metropolitan area (CMA)",2021S0503462,Apartment - 1 bedroom,Average asking rent,Dollars,81,units,0,v1675425022,7.2.1,1240,,,,0
Jul-22,"Montréal, Census metropolitan area (CMA)",2021S0503462,Apartment - 1 bedroom,Average asking rent,Dollars,81,units,0,v1675425022,7.2.1,1330,,,,0
Oct-22,"Montréal, Census metropolitan area (CMA)",2021S0503462,Apartment - 1 bedroom,Average asking rent,Dollars,81,units,0,v1675425022,7.2.1,1370,,,,0
Jan-23,"Montréal, Census metropolitan area (CMA)",2021S0503462,Apartment - 1 bedroom,Average asking rent,Dollars,81,units,0,v1675425022,7.2.1,1410,,,,0
Apr-23,"Montréal, Census metropolitan area (CMA)",2021S0503462,Apartment - 1 bedroom,Average asking rent,Dollars,81,units,0,v1675425022,7.2.1,1400,,,,0
Jul-23,"Montréal, Census metropolitan area (CMA)",2021S0503462,Apartment - 1 bedroom,Average asking rent,Dollars,81,units,0,v1675425022,7.2.1,1480,,,,0
Oct-23,"Montréal, Census metropolitan area (CMA)",2021S0503462,Apartment - 1 bedroom,Average asking rent,Dollars,81,units,0,v1675425022,7.2.1,1520,,,,0
Jan-24,"Montréal, Census metropolitan area (CMA)",2021S0503462,Apartment - 1 bedroom,Average asking rent,Dollars,81,units,0,v1675425022,7.2.1,1540,,,,0
Apr-24,"Montréal, Census metropolitan area (CMA)",2021S0503462,Apartment - 1 bedroom,Average asking rent,Dollars,81,units,0,v1675425022,7.2.1,1540,,,,0
Jul-24,"Montréal, Census metropolitan area (CMA)",2021S0503462,Apartment - 1 bedroom,Average asking rent,Dollars,81,units,0,v1675425022,7.2.1,1570,,,,0
Oct-24,"Montréal, Census metropolitan area (CMA)",2021S0503462,Apartment - 1 bedroom,Average asking rent,Dollars,81,units,0,v1675425022,7.2.1,1550,,,,0
Jan-25,"Montréal, Census metropolitan area (CMA)",2021S0503462,Apartment - 1 bedroom,Average asking rent,Dollars,81,units,0,v1675425022,7.2.1,1540,,,,0
Jan-20,"Montréal, Census metropolitan area (CMA)",2021S0503462,Apartment - 2 bedrooms,Average asking rent,Dollars,81,units,0,v1675425023,7.3.1,1330,,,,0
Apr-20,"Montréal, Census metropolitan area (CMA)",2021S0503462,Apartment - 2 bedrooms,Average asking rent,Dollars,81,units,0,v1675425023,7.3.1,1350,,,,0
Jul-20,"Montréal, Census metropolitan area (CMA)",2021S0503462,Apartment - 2 bedrooms,Average asking rent,Dollars,81,units,0,v1675425023,7.3.1,1420,,,,0
Oct-20,"Montréal, Census metropolitan area (CMA)",2021S0503462,Apartment - 2 bedrooms,Average asking rent,Dollars,81,units,0,v1675425023,7.3.1,1390,,,,0
Jan-21,"Montréal, Census metropolitan area (CMA)",2021S0503462,Apartment - 2 bedrooms,Average asking rent,Dollars,81,units,0,v1675425023,7.3.1,1400,,,,0
Apr-21,"Montréal, Census metropolitan area (CMA)",2021S0503462,Apartment - 2 bedrooms,Average asking rent,Dollars,81,units,0,v1675425023,7.3.1,1420,,,,0
Jul-21,"Montréal, Census metropolitan area (CMA)",2021S0503462,Apartment - 2 bedrooms,Average asking rent,Dollars,81,units,0,v1675425023,7.3.1,1460,,,,0
Oct-21,"Montréal, Census metropolitan area (CMA)",2021S0503462,Apartment - 2 bedrooms,Average asking rent,Dollars,81,units,0,v1675425023,7.3.1,1530,,,,0
Jan-22,"Montréal, Census metropolitan area (CMA)",2021S0503462,Apartment - 2 bedrooms,Average asking rent,Dollars,81,units,0,v1675425023,7.3.1,1530,,,,0
Apr-22,"Montréal, Census metropolitan area (CMA)",2021S0503462,Apartment - 2 bedrooms,Average asking rent,Dollars,81,units,0,v1675425023,7.3.1,1550,,,,0
Jul-22,"Montréal, Census metropolitan area (CMA)",2021S0503462,Apartment - 2 bedrooms,Average asking rent,Dollars,81,units,0,v1675425023,7.3.1,1690,,,,0
Oct-22,"Montréal, Census metropolitan area (CMA)",2021S0503462,Apartment - 2 bedrooms,Average asking rent,Dollars,81,units,0,v1675425023,7.3.1,1750,,,,0
Jan-23,"Montréal, Census metropolitan area (CMA)",2021S0503462,Apartment - 2 bedrooms,Average asking rent,Dollars,81,units,0,v1675425023,7.3.1,1770,,,,0
Apr-23,"Montréal, Census metropolitan area (CMA)",2021S0503462,Apartment - 2 bedrooms,Average asking rent,Dollars,81,units,0,v1675425023,7.3.1,1780,,,,0
Jul-23,"Montréal, Census metropolitan area (CMA)",2021S0503462,Apartment - 2 bedrooms,Average asking rent,Dollars,81,units,0,v1675425023,7.3.1,1880,,,,0
Oct-23,"Montréal, Census metropolitan area (CMA)",2021S0503462,Apartment - 2 bedrooms,Average asking rent,Dollars,81,units,0,v1675425023,7.3.1,1920,,,,0
Jan-24,"Montréal, Census metropolitan area (CMA)",2021S0503462,Apartment - 2 bedrooms,Average asking rent,Dollars,81,units,0,v1675425023,7.3.1,1940,,,,0
Apr-24,"Montréal, Census metropolitan area (CMA)",2021S0503462,Apartment - 2 bedrooms,Average asking rent,Dollars,81,units,0,v1675425023,7.3.1,1890,,,,0
Jul-24,"Montréal, Census metropolitan area (CMA)",2021S0503462,Apartment - 2 bedrooms,Average asking rent,Dollars,81,units,0,v1675425023,7.3.1,1950,,,,0
Oct-24,"Montréal, Census metropolitan area (CMA)",2021S0503462,Apartment - 2 bedrooms,Average asking rent,Dollars,81,units,0,v1675425023,7.3.1,1930,,,,0
Jan-25,"Montréal, Census metropolitan area (CMA)",2021S0503462,Apartment - 2 bedrooms,Average asking rent,Dollars,81,units,0,v1675425023,7.3.1,1930,,,,0
Jan-20,"Montréal, Census metropolitan area (CMA)",2021S0503462,Room,Average asking rent,Dollars,81,units,0,v1675425025,7.5.1,530,,,,0
Apr-20,"Montréal, Census metropolitan area (CMA)",2021S0503462,Room,Average asking rent,Dollars,81,units,0,v1675425025,7.5.1,540,,,,0
Jul-20,"Montréal, Census metropolitan area (CMA)",2021S0503462,Room,Average asking rent,Dollars,81,units,0,v1675425025,7.5.1,520,,,,0
Oct-20,"Montréal, Census metropolitan area (CMA)",2021S0503462,Room,Average asking rent,Dollars,81,units,0,v1675425025,7.5.1,520,,,,0
Jan-21,"Montréal, Census metropolitan area (CMA)",2021S0503462,Room,Average asking rent,Dollars,81,units,0,v1675425025,7.5.1,520,,,,0
Apr-21,"Montréal, Census metropolitan area (CMA)",2021S0503462,Room,Average asking rent,Dollars,81,units,0,v1675425025,7.5.1,530,,,,0
Jul-21,"Montréal, Census metropolitan area (CMA)",2021S0503462,Room,Average asking rent,Dollars,81,units,0,v1675425025,7.5.1,530,,,,0
Oct-21,"Montréal, Census metropolitan area (CMA)",2021S0503462,Room,Average asking rent,Dollars,81,units,0,v1675425025,7.5.1,540,,,,0
Jan-22,"Montréal, Census metropolitan area (CMA)",2021S0503462,Room,Average asking rent,Dollars,81,units,0,v1675425025,7.5.1,550,,,,0
Apr-22,"Montréal, Census metropolitan area (CMA)",2021S0503462,Room,Average asking rent,Dollars,81,units,0,v1675425025,7.5.1,570,,,,0
Jul-22,"Montréal, Census metropolitan area (CMA)",2021S0503462,Room,Average asking rent,Dollars,81,units,0,v1675425025,7.5.1,590,,,,0
Oct-22,"Montréal, Census metropolitan area (CMA)",2021S0503462,Room,Average asking rent,Dollars,81,units,0,v1675425025,7.5.1,600,,,,0
Jan-23,"Montréal, Census metropolitan area (CMA)",2021S0503462,Room,Average asking rent,Dollars,81,units,0,v1675425025,7.5.1,620,,,,0
Apr-23,"Montréal, Census metropolitan area (CMA)",2021S0503462,Room,Average asking rent,Dollars,81,units,0,v1675425025,7.5.1,650,,,,0
Jul-23,"Montréal, Census metropolitan area (CMA)",2021S0503462,Room,Average asking rent,Dollars,81,units,0,v1675425025,7.5.1,670,,,,0
Oct-23,"Montréal, Census metropolitan area (CMA)",2021S0503462,Room,Average asking rent,Dollars,81,units,0,v1675425025,7.5.1,680,,,,0
Jan-24,"Montréal, Census metropolitan area (CMA)",2021S0503462,Room,Average asking rent,Dollars,81,units,0,v1675425025,7.5.1,690,,,,0
Apr-24,"Montréal, Census metropolitan area (CMA)",2021S0503462,Room,Average asking rent,Dollars,81,units,0,v1675425025,7.5.1,720,,,,0
Jul-24,"Montréal, Census metropolitan area (CMA)",2021S0503462,Room,Average asking rent,Dollars,81,units,0,v1675425025,7.5.1,720,,,,0
Oct-24,"Montréal, Census metropolitan area (CMA)",2021S0503462,Room,Average asking rent,Dollars,81,units,0,v1675425025,7.5.1,720,,,,0
Jan-25,"Montréal, Census metropolitan area (CMA)",2021S0503462,Room,Average asking rent,Dollars,81,units,0,v1675425025,7.5.1,710,,,,0
Jan-20,"Ottawa - Gatineau (Quebec part), Census metropolitan area (CMA)",2021S050524505,Apartment - 1 bedroom,Average asking rent,Dollars,81,units,0,v1675424972,8.2.1,970,,,,0
Apr-20,"Ottawa - Gatineau (Quebec part), Census metropolitan area (CMA)",2021S050524505,Apartment - 1 bedroom,Average asking rent,Dollars,81,units,0,v1675424972,8.2.1,990,,,,0
Jul-20,"Ottawa - Gatineau (Quebec part), Census metropolitan area (CMA)",2021S050524505,Apartment - 1 bedroom,Average asking rent,Dollars,81,units,0,v1675424972,8.2.1,1050,,,,0
Oct-20,"Ottawa - Gatineau (Quebec part), Census metropolitan area (CMA)",2021S050524505,Apartment - 1 bedroom,Average asking rent,Dollars,81,units,0,v1675424972,8.2.1,1010,,,,0
Jan-21,"Ottawa - Gatineau (Quebec part), Census metropolitan area (CMA)",2021S050524505,Apartment - 1 bedroom,Average asking rent,Dollars,81,units,0,v1675424972,8.2.1,1020,,,,0
Apr-21,"Ottawa - Gatineau (Quebec part), Census metropolitan area (CMA)",2021S050524505,Apartment - 1 bedroom,Average asking rent,Dollars,81,units,0,v1675424972,8.2.1,1060,,,,0
Jul-21,"Ottawa - Gatineau (Quebec part), Census metropolitan area (CMA)",2021S050524505,Apartment - 1 bedroom,Average asking rent,Dollars,81,units,0,v1675424972,8.2.1,1170,,,,0
Oct-21,"Ottawa - Gatineau (Quebec part), Census metropolitan area (CMA)",2021S050524505,Apartment - 1 bedroom,Average asking rent,Dollars,81,units,0,v1675424972,8.2.1,1210,,,,0
Jan-22,"Ottawa - Gatineau (Quebec part), Census metropolitan area (CMA)",2021S050524505,Apartment - 1 bedroom,Average asking rent,Dollars,81,units,0,v1675424972,8.2.1,1220,,,,0
Apr-22,"Ottawa - Gatineau (Quebec part), Census metropolitan area (CMA)",2021S050524505,Apartment - 1 bedroom,Average asking rent,Dollars,81,units,0,v1675424972,8.2.1,1200,,,,0
Jul-22,"Ottawa - Gatineau (Quebec part), Census metropolitan area (CMA)",2021S050524505,Apartment - 1 bedroom,Average asking rent,Dollars,81,units,0,v1675424972,8.2.1,1360,,,,0
Oct-22,"Ottawa - Gatineau (Quebec part), Census metropolitan area (CMA)",2021S050524505,Apartment - 1 bedroom,Average asking rent,Dollars,81,units,0,v1675424972,8.2.1,1370,,,,0
Jan-23,"Ottawa - Gatineau (Quebec part), Census metropolitan area (CMA)",2021S050524505,Apartment - 1 bedroom,Average asking rent,Dollars,81,units,0,v1675424972,8.2.1,1390,,,,0
Apr-23,"Ottawa - Gatineau (Quebec part), Census metropolitan area (CMA)",2021S050524505,Apartment - 1 bedroom,Average asking rent,Dollars,81,units,0,v1675424972,8.2.1,1370,,,,0
Jul-23,"Ottawa - Gatineau (Quebec part), Census metropolitan area (CMA)",2021S050524505,Apartment - 1 bedroom,Average asking rent,Dollars,81,units,0,v1675424972,8.2.1,1430,,,,0
Oct-23,"Ottawa - Gatineau (Quebec part), Census metropolitan area (CMA)",2021S050524505,Apartment - 1 bedroom,Average asking rent,Dollars,81,units,0,v1675424972,8.2.1,1490,,,,0
Jan-24,"Ottawa - Gatineau (Quebec part), Census metropolitan area (CMA)",2021S050524505,Apartment - 1 bedroom,Average asking rent,Dollars,81,units,0,v1675424972,8.2.1,1530,,,,0
Apr-24,"Ottawa - Gatineau (Quebec part), Census metropolitan area (CMA)",2021S050524505,Apartment - 1 bedroom,Average asking rent,Dollars,81,units,0,v1675424972,8.2.1,1510,,,,0
Jul-24,"Ottawa - Gatineau (Quebec part), Census metropolitan area (CMA)",2021S050524505,Apartment - 1 bedroom,Average asking rent,Dollars,81,units,0,v1675424972,8.2.1,1520,,,,0
Oct-24,"Ottawa - Gatineau (Quebec part), Census metropolitan area (CMA)",2021S050524505,Apartment - 1 bedroom,Average asking rent,Dollars,81,units,0,v1675424972,8.2.1,1580,,,,0
Jan-25,"Ottawa - Gatineau (Quebec part), Census metropolitan area (CMA)",2021S050524505,Apartment - 1 bedroom,Average asking rent,Dollars,81,units,0,v1675424972,8.2.1,1520,,,,0
Jan-20,"Ottawa - Gatineau (Quebec part), Census metropolitan area (CMA)",2021S050524505,Apartment - 2 bedrooms,Average asking rent,Dollars,81,units,0,v1675424973,8.3.1,1120,,,,0
Apr-20,"Ottawa - Gatineau (Quebec part), Census metropolitan area (CMA)",2021S050524505,Apartment - 2 bedrooms,Average asking rent,Dollars,81,units,0,v1675424973,8.3.1,1140,,,,0
Jul-20,"Ottawa - Gatineau (Quebec part), Census metropolitan area (CMA)",2021S050524505,Apartment - 2 bedrooms,Average asking rent,Dollars,81,units,0,v1675424973,8.3.1,1180,,,,0
Oct-20,"Ottawa - Gatineau (Quebec part), Census metropolitan area (CMA)",2021S050524505,Apartment - 2 bedrooms,Average asking rent,Dollars,81,units,0,v1675424973,8.3.1,1220,,,,0
Jan-21,"Ottawa - Gatineau (Quebec part), Census metropolitan area (CMA)",2021S050524505,Apartment - 2 bedrooms,Average asking rent,Dollars,81,units,0,v1675424973,8.3.1,1230,,,,0
Apr-21,"Ottawa - Gatineau (Quebec part), Census metropolitan area (CMA)",2021S050524505,Apartment - 2 bedrooms,Average asking rent,Dollars,81,units,0,v1675424973,8.3.1,1240,,,,0
Jul-21,"Ottawa - Gatineau (Quebec part), Census metropolitan area (CMA)",2021S050524505,Apartment - 2 bedrooms,Average asking rent,Dollars,81,units,0,v1675424973,8.3.1,1290,,,,0
Oct-21,"Ottawa - Gatineau (Quebec part), Census metropolitan area (CMA)",2021S050524505,Apartment - 2 bedrooms,Average asking rent,Dollars,81,units,0,v1675424973,8.3.1,1360,,,,0
Jan-22,"Ottawa - Gatineau (Quebec part), Census metropolitan area (CMA)",2021S050524505,Apartment - 2 bedrooms,Average asking rent,Dollars,81,units,0,v1675424973,8.3.1,1410,,,,0
Apr-22,"Ottawa - Gatineau (Quebec part), Census metropolitan area (CMA)",2021S050524505,Apartment - 2 bedrooms,Average asking rent,Dollars,81,units,0,v1675424973,8.3.1,1430,,,,0
Jul-22,"Ottawa - Gatineau (Quebec part), Census metropolitan area (CMA)",2021S050524505,Apartment - 2 bedrooms,Average asking rent,Dollars,81,units,0,v1675424973,8.3.1,1520,,,,0
Oct-22,"Ottawa - Gatineau (Quebec part), Census metropolitan area (CMA)",2021S050524505,Apartment - 2 bedrooms,Average asking rent,Dollars,81,units,0,v1675424973,8.3.1,1540,,,,0
Jan-23,"Ottawa - Gatineau (Quebec part), Census metropolitan area (CMA)",2021S050524505,Apartment - 2 bedrooms,Average asking rent,Dollars,81,units,0,v1675424973,8.3.1,1610,,,,0
Apr-23,"Ottawa - Gatineau (Quebec part), Census metropolitan area (CMA)",2021S050524505,Apartment - 2 bedrooms,Average asking rent,Dollars,81,units,0,v1675424973,8.3.1,1590,,,,0
Jul-23,"Ottawa - Gatineau (Quebec part), Census metropolitan area (CMA)",2021S050524505,Apartment - 2 bedrooms,Average asking rent,Dollars,81,units,0,v1675424973,8.3.1,1620,,,,0
Oct-23,"Ottawa - Gatineau (Quebec part), Census metropolitan area (CMA)",2021S050524505,Apartment - 2 bedrooms,Average asking rent,Dollars,81,units,0,v1675424973,8.3.1,1670,,,,0
Jan-24,"Ottawa - Gatineau (Quebec part), Census metropolitan area (CMA)",2021S050524505,Apartment - 2 bedrooms,Average asking rent,Dollars,81,units,0,v1675424973,8.3.1,1750,,,,0
Apr-24,"Ottawa - Gatineau (Quebec part), Census metropolitan area (CMA)",2021S050524505,Apartment - 2 bedrooms,Average asking rent,Dollars,81,units,0,v1675424973,8.3.1,1760,,,,0
Jul-24,"Ottawa - Gatineau (Quebec part), Census metropolitan area (CMA)",2021S050524505,Apartment - 2 bedrooms,Average asking rent,Dollars,81,units,0,v1675424973,8.3.1,1750,,,,0
Oct-24,"Ottawa - Gatineau (Quebec part), Census metropolitan area (CMA)",2021S050524505,Apartment - 2 bedrooms,Average asking rent,Dollars,81,units,0,v1675424973,8.3.1,1770,,,,0
Jan-25,"Ottawa - Gatineau (Quebec part), Census metropolitan area (CMA)",2021S050524505,Apartment - 2 bedrooms,Average asking rent,Dollars,81,units,0,v1675424973,8.3.1,1680,E,,,0
Jan-20,"Ottawa - Gatineau (Quebec part), Census metropolitan area (CMA)",2021S050524505,Room,Average asking rent,Dollars,81,units,0,v1675424975,8.5.1,530,,,,0
Apr-20,"Ottawa - Gatineau (Quebec part), Census metropolitan area (CMA)",2021S050524505,Room,Average asking rent,Dollars,81,units,0,v1675424975,8.5.1,540,,,,0
Jul-20,"Ottawa - Gatineau (Quebec part), Census metropolitan area (CMA)",2021S050524505,Room,Average asking rent,Dollars,81,units,0,v1675424975,8.5.1,550,,,,0
Oct-20,"Ottawa - Gatineau (Quebec part), Census metropolitan area (CMA)",2021S050524505,Room,Average asking rent,Dollars,81,units,0,v1675424975,8.5.1,540,,,,0
Jan-21,"Ottawa - Gatineau (Quebec part), Census metropolitan area (CMA)",2021S050524505,Room,Average asking rent,Dollars,81,units,0,v1675424975,8.5.1,540,,,,0
Apr-21,"Ottawa - Gatineau (Quebec part), Census metropolitan area (CMA)",2021S050524505,Room,Average asking rent,Dollars,81,units,0,v1675424975,8.5.1,550,,,,0
Jul-21,"Ottawa - Gatineau (Quebec part), Census metropolitan area (CMA)",2021S050524505,Room,Average asking rent,Dollars,81,units,0,v1675424975,8.5.1,560,,,,0
Oct-21,"Ottawa - Gatineau (Quebec part), Census metropolitan area (CMA)",2021S050524505,Room,Average asking rent,Dollars,81,units,0,v1675424975,8.5.1,590,,,,0
Jan-22,"Ottawa - Gatineau (Quebec part), Census metropolitan area (CMA)",2021S050524505,Room,Average asking rent,Dollars,81,units,0,v1675424975,8.5.1,590,,,,0
Apr-22,"Ottawa - Gatineau (Quebec part), Census metropolitan area (CMA)",2021S050524505,Room,Average asking rent,Dollars,81,units,0,v1675424975,8.5.1,600,,,,0
Jul-22,"Ottawa - Gatineau (Quebec part), Census metropolitan area (CMA)",2021S050524505,Room,Average asking rent,Dollars,81,units,0,v1675424975,8.5.1,620,,,,0
Oct-22,"Ottawa - Gatineau (Quebec part), Census metropolitan area (CMA)",2021S050524505,Room,Average asking rent,Dollars,81,units,0,v1675424975,8.5.1,660,,,,0
Jan-23,"Ottawa - Gatineau (Quebec part), Census metropolitan area (CMA)",2021S050524505,Room,Average asking rent,Dollars,81,units,0,v1675424975,8.5.1,670,,,,0
Apr-23,"Ottawa - Gatineau (Quebec part), Census metropolitan area (CMA)",2021S050524505,Room,Average asking rent,Dollars,81,units,0,v1675424975,8.5.1,640,,,,0
Jul-23,"Ottawa - Gatineau (Quebec part), Census metropolitan area (CMA)",2021S050524505,Room,Average asking rent,Dollars,81,units,0,v1675424975,8.5.1,700,,,,0
Oct-23,"Ottawa - Gatineau (Quebec part), Census metropolitan area (CMA)",2021S050524505,Room,Average asking rent,Dollars,81,units,0,v1675424975,8.5.1,720,,,,0
Jan-24,"Ottawa - Gatineau (Quebec part), Census metropolitan area (CMA)",2021S050524505,Room,Average asking rent,Dollars,81,units,0,v1675424975,8.5.1,720,,,,0
Apr-24,"Ottawa - Gatineau (Quebec part), Census metropolitan area (CMA)",2021S050524505,Room,Average asking rent,Dollars,81,units,0,v1675424975,8.5.1,700,,,,0
Jul-24,"Ottawa - Gatineau (Quebec part), Census metropolitan area (CMA)",2021S050524505,Room,Average asking rent,Dollars,81,units,0,v1675424975,8.5.1,750,,,,0
Oct-24,"Ottawa - Gatineau (Quebec part), Census metropolitan area (CMA)",2021S050524505,Room,Average asking rent,Dollars,81,units,0,v1675424975,8.5.1,750,,,,0
Jan-25,"Ottawa - Gatineau (Quebec part), Census metropolitan area (CMA)",2021S050524505,Room,Average asking rent,Dollars,81,units,0,v1675424975,8.5.1,720,,,,0
Jan-20,"Québec, Census metropolitan area (CMA)",2021S0503421,Apartment - 1 bedroom,Average asking rent,Dollars,81,units,0,v1675425002,9.2.1,780,,,,0
Apr-20,"Québec, Census metropolitan area (CMA)",2021S0503421,Apartment - 1 bedroom,Average asking rent,Dollars,81,units,0,v1675425002,9.2.1,830,,,,0
Jul-20,"Québec, Census metropolitan area (CMA)",2021S0503421,Apartment - 1 bedroom,Average asking rent,Dollars,81,units,0,v1675425002,9.2.1,900,E,,,0
Oct-20,"Québec, Census metropolitan area (CMA)",2021S0503421,Apartment - 1 bedroom,Average asking rent,Dollars,81,units,0,v1675425002,9.2.1,890,,,,0
Jan-21,"Québec, Census metropolitan area (CMA)",2021S0503421,Apartment - 1 bedroom,Average asking rent,Dollars,81,units,0,v1675425002,9.2.1,840,,,,0
Apr-21,"Québec, Census metropolitan area (CMA)",2021S0503421,Apartment - 1 bedroom,Average asking rent,Dollars,81,units,0,v1675425002,9.2.1,920,,,,0
Jul-21,"Québec, Census metropolitan area (CMA)",2021S0503421,Apartment - 1 bedroom,Average asking rent,Dollars,81,units,0,v1675425002,9.2.1,900,,,,0
Oct-21,"Québec, Census metropolitan area (CMA)",2021S0503421,Apartment - 1 bedroom,Average asking rent,Dollars,81,units,0,v1675425002,9.2.1,960,,,,0
Jan-22,"Québec, Census metropolitan area (CMA)",2021S0503421,Apartment - 1 bedroom,Average asking rent,Dollars,81,units,0,v1675425002,9.2.1,890,,,,0
Apr-22,"Québec, Census metropolitan area (CMA)",2021S0503421,Apartment - 1 bedroom,Average asking rent,Dollars,81,units,0,v1675425002,9.2.1,920,,,,0
Jul-22,"Québec, Census metropolitan area (CMA)",2021S0503421,Apartment - 1 bedroom,Average asking rent,Dollars,81,units,0,v1675425002,9.2.1,1000,,,,0
Oct-22,"Québec, Census metropolitan area (CMA)",2021S0503421,Apartment - 1 bedroom,Average asking rent,Dollars,81,units,0,v1675425002,9.2.1,1060,,,,0
Jan-23,"Québec, Census metropolitan area (CMA)",2021S0503421,Apartment - 1 bedroom,Average asking rent,Dollars,81,units,0,v1675425002,9.2.1,1030,,,,0
Apr-23,"Québec, Census metropolitan area (CMA)",2021S0503421,Apartment - 1 bedroom,Average asking rent,Dollars,81,units,0,v1675425002,9.2.1,1100,,,,0
Jul-23,"Québec, Census metropolitan area (CMA)",2021S0503421,Apartment - 1 bedroom,Average asking rent,Dollars,81,units,0,v1675425002,9.2.1,1200,,,,0
Oct-23,"Québec, Census metropolitan area (CMA)",2021S0503421,Apartment - 1 bedroom,Average asking rent,Dollars,81,units,0,v1675425002,9.2.1,1260,,,,0
Jan-24,"Québec, Census metropolitan area (CMA)",2021S0503421,Apartment - 1 bedroom,Average asking rent,Dollars,81,units,0,v1675425002,9.2.1,1190,,,,0
Apr-24,"Québec, Census metropolitan area (CMA)",2021S0503421,Apartment - 1 bedroom,Average asking rent,Dollars,81,units,0,v1675425002,9.2.1,1220,,,,0
Jul-24,"Québec, Census metropolitan area (CMA)",2021S0503421,Apartment - 1 bedroom,Average asking rent,Dollars,81,units,0,v1675425002,9.2.1,1220,,,,0
Oct-24,"Québec, Census metropolitan area (CMA)",2021S0503421,Apartment - 1 bedroom,Average asking rent,Dollars,81,units,0,v1675425002,9.2.1,1280,,,,0
Jan-25,"Québec, Census metropolitan area (CMA)",2021S0503421,Apartment - 1 bedroom,Average asking rent,Dollars,81,units,0,v1675425002,9.2.1,1210,,,,0
Jan-20,"Québec, Census metropolitan area (CMA)",2021S0503421,Apartment - 2 bedrooms,Average asking rent,Dollars,81,units,0,v1675425003,9.3.1,900,,,,0
Apr-20,"Québec, Census metropolitan area (CMA)",2021S0503421,Apartment - 2 bedrooms,Average asking rent,Dollars,81,units,0,v1675425003,9.3.1,940,,,,0
Jul-20,"Québec, Census metropolitan area (CMA)",2021S0503421,Apartment - 2 bedrooms,Average asking rent,Dollars,81,units,0,v1675425003,9.3.1,960,,,,0
Oct-20,"Québec, Census metropolitan area (CMA)",2021S0503421,Apartment - 2 bedrooms,Average asking rent,Dollars,81,units,0,v1675425003,9.3.1,1000,,,,0
Jan-21,"Québec, Census metropolitan area (CMA)",2021S0503421,Apartment - 2 bedrooms,Average asking rent,Dollars,81,units,0,v1675425003,9.3.1,980,,,,0
Apr-21,"Québec, Census metropolitan area (CMA)",2021S0503421,Apartment - 2 bedrooms,Average asking rent,Dollars,81,units,0,v1675425003,9.3.1,1010,,,,0
Jul-21,"Québec, Census metropolitan area (CMA)",2021S0503421,Apartment - 2 bedrooms,Average asking rent,Dollars,81,units,0,v1675425003,9.3.1,1060,,,,0
Oct-21,"Québec, Census metropolitan area (CMA)",2021S0503421,Apartment - 2 bedrooms,Average asking rent,Dollars,81,units,0,v1675425003,9.3.1,1090,,,,0
Jan-22,"Québec, Census metropolitan area (CMA)",2021S0503421,Apartment - 2 bedrooms,Average asking rent,Dollars,81,units,0,v1675425003,9.3.1,1010,,,,0
Apr-22,"Québec, Census metropolitan area (CMA)",2021S0503421,Apartment - 2 bedrooms,Average asking rent,Dollars,81,units,0,v1675425003,9.3.1,1110,,,,0
Jul-22,"Québec, Census metropolitan area (CMA)",2021S0503421,Apartment - 2 bedrooms,Average asking rent,Dollars,81,units,0,v1675425003,9.3.1,1190,,,,0
Oct-22,"Québec, Census metropolitan area (CMA)",2021S0503421,Apartment - 2 bedrooms,Average asking rent,Dollars,81,units,0,v1675425003,9.3.1,1250,,,,0
Jan-23,"Québec, Census metropolitan area (CMA)",2021S0503421,Apartment - 2 bedrooms,Average asking rent,Dollars,81,units,0,v1675425003,9.3.1,1200,,,,0
Apr-23,"Québec, Census metropolitan area (CMA)",2021S0503421,Apartment - 2 bedrooms,Average asking rent,Dollars,81,units,0,v1675425003,9.3.1,1300,,,,0
Jul-23,"Québec, Census metropolitan area (CMA)",2021S0503421,Apartment - 2 bedrooms,Average asking rent,Dollars,81,units,0,v1675425003,9.3.1,1360,,,,0
Oct-23,"Québec, Census metropolitan area (CMA)",2021S0503421,Apartment - 2 bedrooms,Average asking rent,Dollars,81,units,0,v1675425003,9.3.1,1470,,,,0
Jan-24,"Québec, Census metropolitan area (CMA)",2021S0503421,Apartment - 2 bedrooms,Average asking rent,Dollars,81,units,0,v1675425003,9.3.1,1420,,,,0
Apr-24,"Québec, Census metropolitan area (CMA)",2021S0503421,Apartment - 2 bedrooms,Average asking rent,Dollars,81,units,0,v1675425003,9.3.1,1560,E,,,0
Jul-24,"Québec, Census metropolitan area (CMA)",2021S0503421,Apartment - 2 bedrooms,Average asking rent,Dollars,81,units,0,v1675425003,9.3.1,1570,,,,0
Oct-24,"Québec, Census metropolitan area (CMA)",2021S0503421,Apartment - 2 bedrooms,Average asking rent,Dollars,81,units,0,v1675425003,9.3.1,1530,,,,0
Jan-25,"Québec, Census metropolitan area (CMA)",2021S0503421,Apartment - 2 bedrooms,Average asking rent,Dollars,81,units,0,v1675425003,9.3.1,1470,,,,0
Jan-20,"Québec, Census metropolitan area (CMA)",2021S0503421,Room,Average asking rent,Dollars,81,units,0,v1675425005,9.5.1,400,,,,0
Apr-20,"Québec, Census metropolitan area (CMA)",2021S0503421,Room,Average asking rent,Dollars,81,units,0,v1675425005,9.5.1,400,,,,0
Jul-20,"Québec, Census metropolitan area (CMA)",2021S0503421,Room,Average asking rent,Dollars,81,units,0,v1675425005,9.5.1,400,,,,0
Oct-20,"Québec, Census metropolitan area (CMA)",2021S0503421,Room,Average asking rent,Dollars,81,units,0,v1675425005,9.5.1,400,,,,0
Jan-21,"Québec, Census metropolitan area (CMA)",2021S0503421,Room,Average asking rent,Dollars,81,units,0,v1675425005,9.5.1,400,,,,0
Apr-21,"Québec, Census metropolitan area (CMA)",2021S0503421,Room,Average asking rent,Dollars,81,units,0,v1675425005,9.5.1,400,,,,0
Jul-21,"Québec, Census metropolitan area (CMA)",2021S0503421,Room,Average asking rent,Dollars,81,units,0,v1675425005,9.5.1,390,,,,0
Oct-21,"Québec, Census metropolitan area (CMA)",2021S0503421,Room,Average asking rent,Dollars,81,units,0,v1675425005,9.5.1,400,,,,0
Jan-22,"Québec, Census metropolitan area (CMA)",2021S0503421,Room,Average asking rent,Dollars,81,units,0,v1675425005,9.5.1,410,,,,0
Apr-22,"Québec, Census metropolitan area (CMA)",2021S0503421,Room,Average asking rent,Dollars,81,units,0,v1675425005,9.5.1,410,,,,0
Jul-22,"Québec, Census metropolitan area (CMA)",2021S0503421,Room,Average asking rent,Dollars,81,units,0,v1675425005,9.5.1,430,,,,0
Oct-22,"Québec, Census metropolitan area (CMA)",2021S0503421,Room,Average asking rent,Dollars,81,units,0,v1675425005,9.5.1,440,,,,0
Jan-23,"Québec, Census metropolitan area (CMA)",2021S0503421,Room,Average asking rent,Dollars,81,units,0,v1675425005,9.5.1,450,,,,0
Apr-23,"Québec, Census metropolitan area (CMA)",2021S0503421,Room,Average asking rent,Dollars,81,units,0,v1675425005,9.5.1,460,,,,0
Jul-23,"Québec, Census metropolitan area (CMA)",2021S0503421,Room,Average asking rent,Dollars,81,units,0,v1675425005,9.5.1,490,,,,0
Oct-23,"Québec, Census metropolitan area (CMA)",2021S0503421,Room,Average asking rent,Dollars,81,units,0,v1675425005,9.5.1,510,,,,0
Jan-24,"Québec, Census metropolitan area (CMA)",2021S0503421,Room,Average asking rent,Dollars,81,units,0,v1675425005,9.5.1,520,,,,0
Apr-24,"Québec, Census metropolitan area (CMA)",2021S0503421,Room,Average asking rent,Dollars,81,units,0,v1675425005,9.5.1,530,,,,0
Jul-24,"Québec, Census metropolitan area (CMA)",2021S0503421,Room,Average asking rent,Dollars,81,units,0,v1675425005,9.5.1,540,,,,0
Oct-24,"Québec, Census metropolitan area (CMA)",2021S0503421,Room,Average asking rent,Dollars,81,units,0,v1675425005,9.5.1,560,,,,0
Jan-25,"Québec, Census metropolitan area (CMA)",2021S0503421,Room,Average asking rent,Dollars,81,units,0,v1675425005,9.5.1,570,,,,0
Jan-20,"Saguenay, Census metropolitan area (CMA)",2021S0503408,Apartment - 1 bedroom,Average asking rent,Dollars,81,units,0,v1675424997,10.2.1,,..,,,0
Apr-20,"Saguenay, Census metropolitan area (CMA)",2021S0503408,Apartment - 1 bedroom,Average asking rent,Dollars,81,units,0,v1675424997,10.2.1,,..,,,0
Jul-20,"Saguenay, Census metropolitan area (CMA)",2021S0503408,Apartment - 1 bedroom,Average asking rent,Dollars,81,units,0,v1675424997,10.2.1,,..,,,0
Oct-20,"Saguenay, Census metropolitan area (CMA)",2021S0503408,Apartment - 1 bedroom,Average asking rent,Dollars,81,units,0,v1675424997,10.2.1,,..,,,0
Jan-21,"Saguenay, Census metropolitan area (CMA)",2021S0503408,Apartment - 1 bedroom,Average asking rent,Dollars,81,units,0,v1675424997,10.2.1,,..,,,0
Apr-21,"Saguenay, Census metropolitan area (CMA)",2021S0503408,Apartment - 1 bedroom,Average asking rent,Dollars,81,units,0,v1675424997,10.2.1,,..,,,0
Jul-21,"Saguenay, Census metropolitan area (CMA)",2021S0503408,Apartment - 1 bedroom,Average asking rent,Dollars,81,units,0,v1675424997,10.2.1,,..,,,0
Oct-21,"Saguenay, Census metropolitan area (CMA)",2021S0503408,Apartment - 1 bedroom,Average asking rent,Dollars,81,units,0,v1675424997,10.2.1,,..,,,0
Jan-22,"Saguenay, Census metropolitan area (CMA)",2021S0503408,Apartment - 1 bedroom,Average asking rent,Dollars,81,units,0,v1675424997,10.2.1,,..,,,0
Apr-22,"Saguenay, Census metropolitan area (CMA)",2021S0503408,Apartment - 1 bedroom,Average asking rent,Dollars,81,units,0,v1675424997,10.2.1,,..,,,0
Jul-22,"Saguenay, Census metropolitan area (CMA)",2021S0503408,Apartment - 1 bedroom,Average asking rent,Dollars,81,units,0,v1675424997,10.2.1,,..,,,0
Oct-22,"Saguenay, Census metropolitan area (CMA)",2021S0503408,Apartment - 1 bedroom,Average asking rent,Dollars,81,units,0,v1675424997,10.2.1,,..,,,0
Jan-23,"Saguenay, Census metropolitan area (CMA)",2021S0503408,Apartment - 1 bedroom,Average asking rent,Dollars,81,units,0,v1675424997,10.2.1,,..,,,0
Apr-23,"Saguenay, Census metropolitan area (CMA)",2021S0503408,Apartment - 1 bedroom,Average asking rent,Dollars,81,units,0,v1675424997,10.2.1,,..,,,0
Jul-23,"Saguenay, Census metropolitan area (CMA)",2021S0503408,Apartment - 1 bedroom,Average asking rent,Dollars,81,units,0,v1675424997,10.2.1,,..,,,0
Oct-23,"Saguenay, Census metropolitan area (CMA)",2021S0503408,Apartment - 1 bedroom,Average asking rent,Dollars,81,units,0,v1675424997,10.2.1,,..,,,0
Jan-24,"Saguenay, Census metropolitan area (CMA)",2021S0503408,Apartment - 1 bedroom,Average asking rent,Dollars,81,units,0,v1675424997,10.2.1,,..,,,0
Apr-24,"Saguenay, Census metropolitan area (CMA)",2021S0503408,Apartment - 1 bedroom,Average asking rent,Dollars,81,units,0,v1675424997,10.2.1,,..,,,0
Jul-24,"Saguenay, Census metropolitan area (CMA)",2021S0503408,Apartment - 1 bedroom,Average asking rent,Dollars,81,units,0,v1675424997,10.2.1,,..,,,0
Oct-24,"Saguenay, Census metropolitan area (CMA)",2021S0503408,Apartment - 1 bedroom,Average asking rent,Dollars,81,units,0,v1675424997,10.2.1,,..,,,0
Jan-25,"Saguenay, Census metropolitan area (CMA)",2021S0503408,Apartment - 1 bedroom,Average asking rent,Dollars,81,units,0,v1675424997,10.2.1,,..,,,0
Jan-20,"Saguenay, Census metropolitan area (CMA)",2021S0503408,Apartment - 2 bedrooms,Average asking rent,Dollars,81,units,0,v1675424998,10.3.1,,..,,,0
Apr-20,"Saguenay, Census metropolitan area (CMA)",2021S0503408,Apartment - 2 bedrooms,Average asking rent,Dollars,81,units,0,v1675424998,10.3.1,,..,,,0
Jul-20,"Saguenay, Census metropolitan area (CMA)",2021S0503408,Apartment - 2 bedrooms,Average asking rent,Dollars,81,units,0,v1675424998,10.3.1,,..,,,0
Oct-20,"Saguenay, Census metropolitan area (CMA)",2021S0503408,Apartment - 2 bedrooms,Average asking rent,Dollars,81,units,0,v1675424998,10.3.1,,..,,,0
Jan-21,"Saguenay, Census metropolitan area (CMA)",2021S0503408,Apartment - 2 bedrooms,Average asking rent,Dollars,81,units,0,v1675424998,10.3.1,,..,,,0
Apr-21,"Saguenay, Census metropolitan area (CMA)",2021S0503408,Apartment - 2 bedrooms,Average asking rent,Dollars,81,units,0,v1675424998,10.3.1,,..,,,0
Jul-21,"Saguenay, Census metropolitan area (CMA)",2021S0503408,Apartment - 2 bedrooms,Average asking rent,Dollars,81,units,0,v1675424998,10.3.1,,..,,,0
Oct-21,"Saguenay, Census metropolitan area (CMA)",2021S0503408,Apartment - 2 bedrooms,Average asking rent,Dollars,81,units,0,v1675424998,10.3.1,,..,,,0
Jan-22,"Saguenay, Census metropolitan area (CMA)",2021S0503408,Apartment - 2 bedrooms,Average asking rent,Dollars,81,units,0,v1675424998,10.3.1,,..,,,0
Apr-22,"Saguenay, Census metropolitan area (CMA)",2021S0503408,Apartment - 2 bedrooms,Average asking rent,Dollars,81,units,0,v1675424998,10.3.1,,..,,,0
Jul-22,"Saguenay, Census metropolitan area (CMA)",2021S0503408,Apartment - 2 bedrooms,Average asking rent,Dollars,81,units,0,v1675424998,10.3.1,,..,,,0
Oct-22,"Saguenay, Census metropolitan area (CMA)",2021S0503408,Apartment - 2 bedrooms,Average asking rent,Dollars,81,units,0,v1675424998,10.3.1,,..,,,0
Jan-23,"Saguenay, Census metropolitan area (CMA)",2021S0503408,Apartment - 2 bedrooms,Average asking rent,Dollars,81,units,0,v1675424998,10.3.1,,..,,,0
Apr-23,"Saguenay, Census metropolitan area (CMA)",2021S0503408,Apartment - 2 bedrooms,Average asking rent,Dollars,81,units,0,v1675424998,10.3.1,,..,,,0
Jul-23,"Saguenay, Census metropolitan area (CMA)",2021S0503408,Apartment - 2 bedrooms,Average asking rent,Dollars,81,units,0,v1675424998,10.3.1,,..,,,0
Oct-23,"Saguenay, Census metropolitan area (CMA)",2021S0503408,Apartment - 2 bedrooms,Average asking rent,Dollars,81,units,0,v1675424998,10.3.1,,..,,,0
Jan-24,"Saguenay, Census metropolitan area (CMA)",2021S0503408,Apartment - 2 bedrooms,Average asking rent,Dollars,81,units,0,v1675424998,10.3.1,,..,,,0
Apr-24,"Saguenay, Census metropolitan area (CMA)",2021S0503408,Apartment - 2 bedrooms,Average asking rent,Dollars,81,units,0,v1675424998,10.3.1,,..,,,0
Jul-24,"Saguenay, Census metropolitan area (CMA)",2021S0503408,Apartment - 2 bedrooms,Average asking rent,Dollars,81,units,0,v1675424998,10.3.1,,..,,,0
Oct-24,"Saguenay, Census metropolitan area (CMA)",2021S0503408,Apartment - 2 bedrooms,Average asking rent,Dollars,81,units,0,v1675424998,10.3.1,,..,,,0
Jan-25,"Saguenay, Census metropolitan area (CMA)",2021S0503408,Apartment - 2 bedrooms,Average asking rent,Dollars,81,units,0,v1675424998,10.3.1,,..,,,0
Jan-20,"Saguenay, Census metropolitan area (CMA)",2021S0503408,Room,Average asking rent,Dollars,81,units,0,v1675425000,10.5.1,350,,,,0
Apr-20,"Saguenay, Census metropolitan area (CMA)",2021S0503408,Room,Average asking rent,Dollars,81,units,0,v1675425000,10.5.1,350,,,,0
Jul-20,"Saguenay, Census metropolitan area (CMA)",2021S0503408,Room,Average asking rent,Dollars,81,units,0,v1675425000,10.5.1,350,,,,0
Oct-20,"Saguenay, Census metropolitan area (CMA)",2021S0503408,Room,Average asking rent,Dollars,81,units,0,v1675425000,10.5.1,340,,,,0
Jan-21,"Saguenay, Census metropolitan area (CMA)",2021S0503408,Room,Average asking rent,Dollars,81,units,0,v1675425000,10.5.1,350,,,,0
Apr-21,"Saguenay, Census metropolitan area (CMA)",2021S0503408,Room,Average asking rent,Dollars,81,units,0,v1675425000,10.5.1,360,,,,0
Jul-21,"Saguenay, Census metropolitan area (CMA)",2021S0503408,Room,Average asking rent,Dollars,81,units,0,v1675425000,10.5.1,370,,,,0
Oct-21,"Saguenay, Census metropolitan area (CMA)",2021S0503408,Room,Average asking rent,Dollars,81,units,0,v1675425000,10.5.1,370,,,,0
Jan-22,"Saguenay, Census metropolitan area (CMA)",2021S0503408,Room,Average asking rent,Dollars,81,units,0,v1675425000,10.5.1,360,,,,0
Apr-22,"Saguenay, Census metropolitan area (CMA)",2021S0503408,Room,Average asking rent,Dollars,81,units,0,v1675425000,10.5.1,390,,,,0
Jul-22,"Saguenay, Census metropolitan area (CMA)",2021S0503408,Room,Average asking rent,Dollars,81,units,0,v1675425000,10.5.1,410,,,,0
Oct-22,"Saguenay, Census metropolitan area (CMA)",2021S0503408,Room,Average asking rent,Dollars,81,units,0,v1675425000,10.5.1,390,,,,0
Jan-23,"Saguenay, Census metropolitan area (CMA)",2021S0503408,Room,Average asking rent,Dollars,81,units,0,v1675425000,10.5.1,430,,,,0
Apr-23,"Saguenay, Census metropolitan area (CMA)",2021S0503408,Room,Average asking rent,Dollars,81,units,0,v1675425000,10.5.1,440,,,,0
Jul-23,"Saguenay, Census metropolitan area (CMA)",2021S0503408,Room,Average asking rent,Dollars,81,units,0,v1675425000,10.5.1,470,E,,,0
Oct-23,"Saguenay, Census metropolitan area (CMA)",2021S0503408,Room,Average asking rent,Dollars,81,units,0,v1675425000,10.5.1,480,E,,,0
Jan-24,"Saguenay, Census metropolitan area (CMA)",2021S0503408,Room,Average asking rent,Dollars,81,units,0,v1675425000,10.5.1,440,E,,,0
Apr-24,"Saguenay, Census metropolitan area (CMA)",2021S0503408,Room,Average asking rent,Dollars,81,units,0,v1675425000,10.5.1,510,E,,,0
Jul-24,"Saguenay, Census metropolitan area (CMA)",2021S0503408,Room,Average asking rent,Dollars,81,units,0,v1675425000,10.5.1,520,E,,,0
Oct-24,"Saguenay, Census metropolitan area (CMA)",2021S0503408,Room,Average asking rent,Dollars,81,units,0,v1675425000,10.5.1,460,,,,0
Jan-25,"Saguenay, Census metropolitan area (CMA)",2021S0503408,Room,Average asking rent,Dollars,81,units,0,v1675425000,10.5.1,480,E,,,0
Jan-20,"Sherbrooke, Census metropolitan area (CMA)",2021S0503433,Apartment - 1 bedroom,Average asking rent,Dollars,81,units,0,v1675425007,11.2.1,580,,,,0
Apr-20,"Sherbrooke, Census metropolitan area (CMA)",2021S0503433,Apartment - 1 bedroom,Average asking rent,Dollars,81,units,0,v1675425007,11.2.1,590,,,,0
Jul-20,"Sherbrooke, Census metropolitan area (CMA)",2021S0503433,Apartment - 1 bedroom,Average asking rent,Dollars,81,units,0,v1675425007,11.2.1,610,,,,0
Oct-20,"Sherbrooke, Census metropolitan area (CMA)",2021S0503433,Apartment - 1 bedroom,Average asking rent,Dollars,81,units,0,v1675425007,11.2.1,680,,,,0
Jan-21,"Sherbrooke, Census metropolitan area (CMA)",2021S0503433,Apartment - 1 bedroom,Average asking rent,Dollars,81,units,0,v1675425007,11.2.1,670,,,,0
Apr-21,"Sherbrooke, Census metropolitan area (CMA)",2021S0503433,Apartment - 1 bedroom,Average asking rent,Dollars,81,units,0,v1675425007,11.2.1,730,,,,0
Jul-21,"Sherbrooke, Census metropolitan area (CMA)",2021S0503433,Apartment - 1 bedroom,Average asking rent,Dollars,81,units,0,v1675425007,11.2.1,710,,,,0
Oct-21,"Sherbrooke, Census metropolitan area (CMA)",2021S0503433,Apartment - 1 bedroom,Average asking rent,Dollars,81,units,0,v1675425007,11.2.1,800,,,,0
Jan-22,"Sherbrooke, Census metropolitan area (CMA)",2021S0503433,Apartment - 1 bedroom,Average asking rent,Dollars,81,units,0,v1675425007,11.2.1,780,,,,0
Apr-22,"Sherbrooke, Census metropolitan area (CMA)",2021S0503433,Apartment - 1 bedroom,Average asking rent,Dollars,81,units,0,v1675425007,11.2.1,830,,,,0
Jul-22,"Sherbrooke, Census metropolitan area (CMA)",2021S0503433,Apartment - 1 bedroom,Average asking rent,Dollars,81,units,0,v1675425007,11.2.1,800,,,,0
Oct-22,"Sherbrooke, Census metropolitan area (CMA)",2021S0503433,Apartment - 1 bedroom,Average asking rent,Dollars,81,units,0,v1675425007,11.2.1,890,,,,0
Jan-23,"Sherbrooke, Census metropolitan area (CMA)",2021S0503433,Apartment - 1 bedroom,Average asking rent,Dollars,81,units,0,v1675425007,11.2.1,880,,,,0
Apr-23,"Sherbrooke, Census metropolitan area (CMA)",2021S0503433,Apartment - 1 bedroom,Average asking rent,Dollars,81,units,0,v1675425007,11.2.1,960,E,,,0
Jul-23,"Sherbrooke, Census metropolitan area (CMA)",2021S0503433,Apartment - 1 bedroom,Average asking rent,Dollars,81,units,0,v1675425007,11.2.1,900,,,,0
Oct-23,"Sherbrooke, Census metropolitan area (CMA)",2021S0503433,Apartment - 1 bedroom,Average asking rent,Dollars,81,units,0,v1675425007,11.2.1,960,,,,0
Jan-24,"Sherbrooke, Census metropolitan area (CMA)",2021S0503433,Apartment - 1 bedroom,Average asking rent,Dollars,81,units,0,v1675425007,11.2.1,1020,E,,,0
Apr-24,"Sherbrooke, Census metropolitan area (CMA)",2021S0503433,Apartment - 1 bedroom,Average asking rent,Dollars,81,units,0,v1675425007,11.2.1,980,,,,0
Jul-24,"Sherbrooke, Census metropolitan area (CMA)",2021S0503433,Apartment - 1 bedroom,Average asking rent,Dollars,81,units,0,v1675425007,11.2.1,1000,,,,0
Oct-24,"Sherbrooke, Census metropolitan area (CMA)",2021S0503433,Apartment - 1 bedroom,Average asking rent,Dollars,81,units,0,v1675425007,11.2.1,1000,,,,0
Jan-25,"Sherbrooke, Census metropolitan area (CMA)",2021S0503433,Apartment - 1 bedroom,Average asking rent,Dollars,81,units,0,v1675425007,11.2.1,1030,,,,0
Jan-20,"Sherbrooke, Census metropolitan area (CMA)",2021S0503433,Apartment - 2 bedrooms,Average asking rent,Dollars,81,units,0,v1675425008,11.3.1,680,,,,0
Apr-20,"Sherbrooke, Census metropolitan area (CMA)",2021S0503433,Apartment - 2 bedrooms,Average asking rent,Dollars,81,units,0,v1675425008,11.3.1,700,,,,0
Jul-20,"Sherbrooke, Census metropolitan area (CMA)",2021S0503433,Apartment - 2 bedrooms,Average asking rent,Dollars,81,units,0,v1675425008,11.3.1,740,,,,0
Oct-20,"Sherbrooke, Census metropolitan area (CMA)",2021S0503433,Apartment - 2 bedrooms,Average asking rent,Dollars,81,units,0,v1675425008,11.3.1,810,,,,0
Jan-21,"Sherbrooke, Census metropolitan area (CMA)",2021S0503433,Apartment - 2 bedrooms,Average asking rent,Dollars,81,units,0,v1675425008,11.3.1,790,,,,0
Apr-21,"Sherbrooke, Census metropolitan area (CMA)",2021S0503433,Apartment - 2 bedrooms,Average asking rent,Dollars,81,units,0,v1675425008,11.3.1,880,,,,0
Jul-21,"Sherbrooke, Census metropolitan area (CMA)",2021S0503433,Apartment - 2 bedrooms,Average asking rent,Dollars,81,units,0,v1675425008,11.3.1,920,,,,0
Oct-21,"Sherbrooke, Census metropolitan area (CMA)",2021S0503433,Apartment - 2 bedrooms,Average asking rent,Dollars,81,units,0,v1675425008,11.3.1,890,E,,,0
Jan-22,"Sherbrooke, Census metropolitan area (CMA)",2021S0503433,Apartment - 2 bedrooms,Average asking rent,Dollars,81,units,0,v1675425008,11.3.1,980,,,,0
Apr-22,"Sherbrooke, Census metropolitan area (CMA)",2021S0503433,Apartment - 2 bedrooms,Average asking rent,Dollars,81,units,0,v1675425008,11.3.1,1010,,,,0
Jul-22,"Sherbrooke, Census metropolitan area (CMA)",2021S0503433,Apartment - 2 bedrooms,Average asking rent,Dollars,81,units,0,v1675425008,11.3.1,1060,,,,0
Oct-22,"Sherbrooke, Census metropolitan area (CMA)",2021S0503433,Apartment - 2 bedrooms,Average asking rent,Dollars,81,units,0,v1675425008,11.3.1,1160,E,,,0
Jan-23,"Sherbrooke, Census metropolitan area (CMA)",2021S0503433,Apartment - 2 bedrooms,Average asking rent,Dollars,81,units,0,v1675425008,11.3.1,1090,,,,0
Apr-23,"Sherbrooke, Census metropolitan area (CMA)",2021S0503433,Apartment - 2 bedrooms,Average asking rent,Dollars,81,units,0,v1675425008,11.3.1,1110,,,,0
Jul-23,"Sherbrooke, Census metropolitan area (CMA)",2021S0503433,Apartment - 2 bedrooms,Average asking rent,Dollars,81,units,0,v1675425008,11.3.1,1180,,,,0
Oct-23,"Sherbrooke, Census metropolitan area (CMA)",2021S0503433,Apartment - 2 bedrooms,Average asking rent,Dollars,81,units,0,v1675425008,11.3.1,1270,,,,0
Jan-24,"Sherbrooke, Census metropolitan area (CMA)",2021S0503433,Apartment - 2 bedrooms,Average asking rent,Dollars,81,units,0,v1675425008,11.3.1,1230,,,,0
Apr-24,"Sherbrooke, Census metropolitan area (CMA)",2021S0503433,Apartment - 2 bedrooms,Average asking rent,Dollars,81,units,0,v1675425008,11.3.1,1240,,,,0
Jul-24,"Sherbrooke, Census metropolitan area (CMA)",2021S0503433,Apartment - 2 bedrooms,Average asking rent,Dollars,81,units,0,v1675425008,11.3.1,1190,,,,0
Oct-24,"Sherbrooke, Census metropolitan area (CMA)",2021S0503433,Apartment - 2 bedrooms,Average asking rent,Dollars,81,units,0,v1675425008,11.3.1,1230,,,,0
Jan-25,"Sherbrooke, Census metropolitan area (CMA)",2021S0503433,Apartment - 2 bedrooms,Average asking rent,Dollars,81,units,0,v1675425008,11.3.1,1250,,,,0
Jan-20,"Sherbrooke, Census metropolitan area (CMA)",2021S0503433,Room,Average asking rent,Dollars,81,units,0,v1675425010,11.5.1,340,,,,0
Apr-20,"Sherbrooke, Census metropolitan area (CMA)",2021S0503433,Room,Average asking rent,Dollars,81,units,0,v1675425010,11.5.1,340,,,,0
Jul-20,"Sherbrooke, Census metropolitan area (CMA)",2021S0503433,Room,Average asking rent,Dollars,81,units,0,v1675425010,11.5.1,350,,,,0
Oct-20,"Sherbrooke, Census metropolitan area (CMA)",2021S0503433,Room,Average asking rent,Dollars,81,units,0,v1675425010,11.5.1,340,,,,0
Jan-21,"Sherbrooke, Census metropolitan area (CMA)",2021S0503433,Room,Average asking rent,Dollars,81,units,0,v1675425010,11.5.1,340,,,,0
Apr-21,"Sherbrooke, Census metropolitan area (CMA)",2021S0503433,Room,Average asking rent,Dollars,81,units,0,v1675425010,11.5.1,340,,,,0
Jul-21,"Sherbrooke, Census metropolitan area (CMA)",2021S0503433,Room,Average asking rent,Dollars,81,units,0,v1675425010,11.5.1,370,,,,0
Oct-21,"Sherbrooke, Census metropolitan area (CMA)",2021S0503433,Room,Average asking rent,Dollars,81,units,0,v1675425010,11.5.1,360,,,,0
Jan-22,"Sherbrooke, Census metropolitan area (CMA)",2021S0503433,Room,Average asking rent,Dollars,81,units,0,v1675425010,11.5.1,360,,,,0
Apr-22,"Sherbrooke, Census metropolitan area (CMA)",2021S0503433,Room,Average asking rent,Dollars,81,units,0,v1675425010,11.5.1,370,,,,0
Jul-22,"Sherbrooke, Census metropolitan area (CMA)",2021S0503433,Room,Average asking rent,Dollars,81,units,0,v1675425010,11.5.1,420,,,,0
Oct-22,"Sherbrooke, Census metropolitan area (CMA)",2021S0503433,Room,Average asking rent,Dollars,81,units,0,v1675425010,11.5.1,420,,,,0
Jan-23,"Sherbrooke, Census metropolitan area (CMA)",2021S0503433,Room,Average asking rent,Dollars,81,units,0,v1675425010,11.5.1,420,,,,0
Apr-23,"Sherbrooke, Census metropolitan area (CMA)",2021S0503433,Room,Average asking rent,Dollars,81,units,0,v1675425010,11.5.1,430,,,,0
Jul-23,"Sherbrooke, Census metropolitan area (CMA)",2021S0503433,Room,Average asking rent,Dollars,81,units,0,v1675425010,11.5.1,450,,,,0
Oct-23,"Sherbrooke, Census metropolitan area (CMA)",2021S0503433,Room,Average asking rent,Dollars,81,units,0,v1675425010,11.5.1,470,,,,0
Jan-24,"Sherbrooke, Census metropolitan area (CMA)",2021S0503433,Room,Average asking rent,Dollars,81,units,0,v1675425010,11.5.1,450,,,,0
Apr-24,"Sherbrooke, Census metropolitan area (CMA)",2021S0503433,Room,Average asking rent,Dollars,81,units,0,v1675425010,11.5.1,440,,,,0
Jul-24,"Sherbrooke, Census metropolitan area (CMA)",2021S0503433,Room,Average asking rent,Dollars,81,units,0,v1675425010,11.5.1,500,,,,0
Oct-24,"Sherbrooke, Census metropolitan area (CMA)",2021S0503433,Room,Average asking rent,Dollars,81,units,0,v1675425010,11.5.1,490,,,,0
Jan-25,"Sherbrooke, Census metropolitan area (CMA)",2021S0503433,Room,Average asking rent,Dollars,81,units,0,v1675425010,11.5.1,500,,,,0
Jan-20,"Trois-Rivières, Census metropolitan area (CMA)",2021S0503442,Apartment - 1 bedroom,Average asking rent,Dollars,81,units,0,v1675425012,12.2.1,510,,,,0
Apr-20,"Trois-Rivières, Census metropolitan area (CMA)",2021S0503442,Apartment - 1 bedroom,Average asking rent,Dollars,81,units,0,v1675425012,12.2.1,500,,,,0
Jul-20,"Trois-Rivières, Census metropolitan area (CMA)",2021S0503442,Apartment - 1 bedroom,Average asking rent,Dollars,81,units,0,v1675425012,12.2.1,520,,,,0
Oct-20,"Trois-Rivières, Census metropolitan area (CMA)",2021S0503442,Apartment - 1 bedroom,Average asking rent,Dollars,81,units,0,v1675425012,12.2.1,510,,,,0
Jan-21,"Trois-Rivières, Census metropolitan area (CMA)",2021S0503442,Apartment - 1 bedroom,Average asking rent,Dollars,81,units,0,v1675425012,12.2.1,540,,,,0
Apr-21,"Trois-Rivières, Census metropolitan area (CMA)",2021S0503442,Apartment - 1 bedroom,Average asking rent,Dollars,81,units,0,v1675425012,12.2.1,540,,,,0
Jul-21,"Trois-Rivières, Census metropolitan area (CMA)",2021S0503442,Apartment - 1 bedroom,Average asking rent,Dollars,81,units,0,v1675425012,12.2.1,560,,,,0
Oct-21,"Trois-Rivières, Census metropolitan area (CMA)",2021S0503442,Apartment - 1 bedroom,Average asking rent,Dollars,81,units,0,v1675425012,12.2.1,600,,,,0
Jan-22,"Trois-Rivières, Census metropolitan area (CMA)",2021S0503442,Apartment - 1 bedroom,Average asking rent,Dollars,81,units,0,v1675425012,12.2.1,640,,,,0
Apr-22,"Trois-Rivières, Census metropolitan area (CMA)",2021S0503442,Apartment - 1 bedroom,Average asking rent,Dollars,81,units,0,v1675425012,12.2.1,610,,,,0
Jul-22,"Trois-Rivières, Census metropolitan area (CMA)",2021S0503442,Apartment - 1 bedroom,Average asking rent,Dollars,81,units,0,v1675425012,12.2.1,670,,,,0
Oct-22,"Trois-Rivières, Census metropolitan area (CMA)",2021S0503442,Apartment - 1 bedroom,Average asking rent,Dollars,81,units,0,v1675425012,12.2.1,710,,,,0
Jan-23,"Trois-Rivières, Census metropolitan area (CMA)",2021S0503442,Apartment - 1 bedroom,Average asking rent,Dollars,81,units,0,v1675425012,12.2.1,710,,,,0
Apr-23,"Trois-Rivières, Census metropolitan area (CMA)",2021S0503442,Apartment - 1 bedroom,Average asking rent,Dollars,81,units,0,v1675425012,12.2.1,770,,,,0
Jul-23,"Trois-Rivières, Census metropolitan area (CMA)",2021S0503442,Apartment - 1 bedroom,Average asking rent,Dollars,81,units,0,v1675425012,12.2.1,820,E,,,0
Oct-23,"Trois-Rivières, Census metropolitan area (CMA)",2021S0503442,Apartment - 1 bedroom,Average asking rent,Dollars,81,units,0,v1675425012,12.2.1,770,E,,,0
Jan-24,"Trois-Rivières, Census metropolitan area (CMA)",2021S0503442,Apartment - 1 bedroom,Average asking rent,Dollars,81,units,0,v1675425012,12.2.1,830,,,,0
Apr-24,"Trois-Rivières, Census metropolitan area (CMA)",2021S0503442,Apartment - 1 bedroom,Average asking rent,Dollars,81,units,0,v1675425012,12.2.1,860,,,,0
Jul-24,"Trois-Rivières, Census metropolitan area (CMA)",2021S0503442,Apartment - 1 bedroom,Average asking rent,Dollars,81,units,0,v1675425012,12.2.1,910,,,,0
Oct-24,"Trois-Rivières, Census metropolitan area (CMA)",2021S0503442,Apartment - 1 bedroom,Average asking rent,Dollars,81,units,0,v1675425012,12.2.1,930,E,,,0
Jan-25,"Trois-Rivières, Census metropolitan area (CMA)",2021S0503442,Apartment - 1 bedroom,Average asking rent,Dollars,81,units,0,v1675425012,12.2.1,910,,,,0
Jan-20,"Trois-Rivières, Census metropolitan area (CMA)",2021S0503442,Apartment - 2 bedrooms,Average asking rent,Dollars,81,units,0,v1675425013,12.3.1,,..,,,0
Apr-20,"Trois-Rivières, Census metropolitan area (CMA)",2021S0503442,Apartment - 2 bedrooms,Average asking rent,Dollars,81,units,0,v1675425013,12.3.1,,..,,,0
Jul-20,"Trois-Rivières, Census metropolitan area (CMA)",2021S0503442,Apartment - 2 bedrooms,Average asking rent,Dollars,81,units,0,v1675425013,12.3.1,,..,,,0
Oct-20,"Trois-Rivières, Census metropolitan area (CMA)",2021S0503442,Apartment - 2 bedrooms,Average asking rent,Dollars,81,units,0,v1675425013,12.3.1,,..,,,0
Jan-21,"Trois-Rivières, Census metropolitan area (CMA)",2021S0503442,Apartment - 2 bedrooms,Average asking rent,Dollars,81,units,0,v1675425013,12.3.1,,..,,,0
Apr-21,"Trois-Rivières, Census metropolitan area (CMA)",2021S0503442,Apartment - 2 bedrooms,Average asking rent,Dollars,81,units,0,v1675425013,12.3.1,,..,,,0
Jul-21,"Trois-Rivières, Census metropolitan area (CMA)",2021S0503442,Apartment - 2 bedrooms,Average asking rent,Dollars,81,units,0,v1675425013,12.3.1,,..,,,0
Oct-21,"Trois-Rivières, Census metropolitan area (CMA)",2021S0503442,Apartment - 2 bedrooms,Average asking rent,Dollars,81,units,0,v1675425013,12.3.1,,..,,,0
Jan-22,"Trois-Rivières, Census metropolitan area (CMA)",2021S0503442,Apartment - 2 bedrooms,Average asking rent,Dollars,81,units,0,v1675425013,12.3.1,,..,,,0
Apr-22,"Trois-Rivières, Census metropolitan area (CMA)",2021S0503442,Apartment - 2 bedrooms,Average asking rent,Dollars,81,units,0,v1675425013,12.3.1,,..,,,0
Jul-22,"Trois-Rivières, Census metropolitan area (CMA)",2021S0503442,Apartment - 2 bedrooms,Average asking rent,Dollars,81,units,0,v1675425013,12.3.1,,..,,,0
Oct-22,"Trois-Rivières, Census metropolitan area (CMA)",2021S0503442,Apartment - 2 bedrooms,Average asking rent,Dollars,81,units,0,v1675425013,12.3.1,,..,,,0
Jan-23,"Trois-Rivières, Census metropolitan area (CMA)",2021S0503442,Apartment - 2 bedrooms,Average asking rent,Dollars,81,units,0,v1675425013,12.3.1,,..,,,0
Apr-23,"Trois-Rivières, Census metropolitan area (CMA)",2021S0503442,Apartment - 2 bedrooms,Average asking rent,Dollars,81,units,0,v1675425013,12.3.1,,..,,,0
Jul-23,"Trois-Rivières, Census metropolitan area (CMA)",2021S0503442,Apartment - 2 bedrooms,Average asking rent,Dollars,81,units,0,v1675425013,12.3.1,,..,,,0
Oct-23,"Trois-Rivières, Census metropolitan area (CMA)",2021S0503442,Apartment - 2 bedrooms,Average asking rent,Dollars,81,units,0,v1675425013,12.3.1,,..,,,0
Jan-24,"Trois-Rivières, Census metropolitan area (CMA)",2021S0503442,Apartment - 2 bedrooms,Average asking rent,Dollars,81,units,0,v1675425013,12.3.1,,..,,,0
Apr-24,"Trois-Rivières, Census metropolitan area (CMA)",2021S0503442,Apartment - 2 bedrooms,Average asking rent,Dollars,81,units,0,v1675425013,12.3.1,,..,,,0
Jul-24,"Trois-Rivières, Census metropolitan area (CMA)",2021S0503442,Apartment - 2 bedrooms,Average asking rent,Dollars,81,units,0,v1675425013,12.3.1,,..,,,0
Oct-24,"Trois-Rivières, Census metropolitan area (CMA)",2021S0503442,Apartment - 2 bedrooms,Average asking rent,Dollars,81,units,0,v1675425013,12.3.1,,..,,,0
Jan-25,"Trois-Rivières, Census metropolitan area (CMA)",2021S0503442,Apartment - 2 bedrooms,Average asking rent,Dollars,81,units,0,v1675425013,12.3.1,,..,,,0
Jan-20,"Trois-Rivières, Census metropolitan area (CMA)",2021S0503442,Room,Average asking rent,Dollars,81,units,0,v1675425015,12.5.1,320,,,,0
Apr-20,"Trois-Rivières, Census metropolitan area (CMA)",2021S0503442,Room,Average asking rent,Dollars,81,units,0,v1675425015,12.5.1,330,,,,0
Jul-20,"Trois-Rivières, Census metropolitan area (CMA)",2021S0503442,Room,Average asking rent,Dollars,81,units,0,v1675425015,12.5.1,330,,,,0
Oct-20,"Trois-Rivières, Census metropolitan area (CMA)",2021S0503442,Room,Average asking rent,Dollars,81,units,0,v1675425015,12.5.1,330,,,,0
Jan-21,"Trois-Rivières, Census metropolitan area (CMA)",2021S0503442,Room,Average asking rent,Dollars,81,units,0,v1675425015,12.5.1,330,,,,0
Apr-21,"Trois-Rivières, Census metropolitan area (CMA)",2021S0503442,Room,Average asking rent,Dollars,81,units,0,v1675425015,12.5.1,340,E,,,0
Jul-21,"Trois-Rivières, Census metropolitan area (CMA)",2021S0503442,Room,Average asking rent,Dollars,81,units,0,v1675425015,12.5.1,380,,,,0
Oct-21,"Trois-Rivières, Census metropolitan area (CMA)",2021S0503442,Room,Average asking rent,Dollars,81,units,0,v1675425015,12.5.1,400,,,,0
Jan-22,"Trois-Rivières, Census metropolitan area (CMA)",2021S0503442,Room,Average asking rent,Dollars,81,units,0,v1675425015,12.5.1,430,E,,,0
Apr-22,"Trois-Rivières, Census metropolitan area (CMA)",2021S0503442,Room,Average asking rent,Dollars,81,units,0,v1675425015,12.5.1,430,,,,0
Jul-22,"Trois-Rivières, Census metropolitan area (CMA)",2021S0503442,Room,Average asking rent,Dollars,81,units,0,v1675425015,12.5.1,460,,,,0
Oct-22,"Trois-Rivières, Census metropolitan area (CMA)",2021S0503442,Room,Average asking rent,Dollars,81,units,0,v1675425015,12.5.1,480,,,,0
Jan-23,"Trois-Rivières, Census metropolitan area (CMA)",2021S0503442,Room,Average asking rent,Dollars,81,units,0,v1675425015,12.5.1,460,,,,0
Apr-23,"Trois-Rivières, Census metropolitan area (CMA)",2021S0503442,Room,Average asking rent,Dollars,81,units,0,v1675425015,12.5.1,520,,,,0
Jul-23,"Trois-Rivières, Census metropolitan area (CMA)",2021S0503442,Room,Average asking rent,Dollars,81,units,0,v1675425015,12.5.1,520,,,,0
Oct-23,"Trois-Rivières, Census metropolitan area (CMA)",2021S0503442,Room,Average asking rent,Dollars,81,units,0,v1675425015,12.5.1,540,,,,0
Jan-24,"Trois-Rivières, Census metropolitan area (CMA)",2021S0503442,Room,Average asking rent,Dollars,81,units,0,v1675425015,12.5.1,550,,,,0
Apr-24,"Trois-Rivières, Census metropolitan area (CMA)",2021S0503442,Room,Average asking rent,Dollars,81,units,0,v1675425015,12.5.1,550,,,,0
Jul-24,"Trois-Rivières, Census metropolitan area (CMA)",2021S0503442,Room,Average asking rent,Dollars,81,units,0,v1675425015,12.5.1,530,,,,0
Oct-24,"Trois-Rivières, Census metropolitan area (CMA)",2021S0503442,Room,Average asking rent,Dollars,81,units,0,v1675425015,12.5.1,540,,,,0
Jan-25,"Trois-Rivières, Census metropolitan area (CMA)",2021S0503442,Room,Average asking rent,Dollars,81,units,0,v1675425015,12.5.1,510,,,,0
Jan-20,"Barrie, Census metropolitan area (CMA)",2021S0503568,Apartment - 1 bedroom,Average asking rent,Dollars,81,units,0,v1675425087,13.2.1,1340,,,,0
Apr-20,"Barrie, Census metropolitan area (CMA)",2021S0503568,Apartment - 1 bedroom,Average asking rent,Dollars,81,units,0,v1675425087,13.2.1,1400,,,,0
Jul-20,"Barrie, Census metropolitan area (CMA)",2021S0503568,Apartment - 1 bedroom,Average asking rent,Dollars,81,units,0,v1675425087,13.2.1,1400,,,,0
Oct-20,"Barrie, Census metropolitan area (CMA)",2021S0503568,Apartment - 1 bedroom,Average asking rent,Dollars,81,units,0,v1675425087,13.2.1,1440,,,,0
Jan-21,"Barrie, Census metropolitan area (CMA)",2021S0503568,Apartment - 1 bedroom,Average asking rent,Dollars,81,units,0,v1675425087,13.2.1,1560,,,,0
Apr-21,"Barrie, Census metropolitan area (CMA)",2021S0503568,Apartment - 1 bedroom,Average asking rent,Dollars,81,units,0,v1675425087,13.2.1,1660,,,,0
Jul-21,"Barrie, Census metropolitan area (CMA)",2021S0503568,Apartment - 1 bedroom,Average asking rent,Dollars,81,units,0,v1675425087,13.2.1,1550,,,,0
Oct-21,"Barrie, Census metropolitan area (CMA)",2021S0503568,Apartment - 1 bedroom,Average asking rent,Dollars,81,units,0,v1675425087,13.2.1,1560,,,,0
Jan-22,"Barrie, Census metropolitan area (CMA)",2021S0503568,Apartment - 1 bedroom,Average asking rent,Dollars,81,units,0,v1675425087,13.2.1,1570,,,,0
Apr-22,"Barrie, Census metropolitan area (CMA)",2021S0503568,Apartment - 1 bedroom,Average asking rent,Dollars,81,units,0,v1675425087,13.2.1,1760,,,,0
Jul-22,"Barrie, Census metropolitan area (CMA)",2021S0503568,Apartment - 1 bedroom,Average asking rent,Dollars,81,units,0,v1675425087,13.2.1,1740,,,,0
Oct-22,"Barrie, Census metropolitan area (CMA)",2021S0503568,Apartment - 1 bedroom,Average asking rent,Dollars,81,units,0,v1675425087,13.2.1,1750,,,,0
Jan-23,"Barrie, Census metropolitan area (CMA)",2021S0503568,Apartment - 1 bedroom,Average asking rent,Dollars,81,units,0,v1675425087,13.2.1,1710,,,,0
Apr-23,"Barrie, Census metropolitan area (CMA)",2021S0503568,Apartment - 1 bedroom,Average asking rent,Dollars,81,units,0,v1675425087,13.2.1,1750,,,,0
Jul-23,"Barrie, Census metropolitan area (CMA)",2021S0503568,Apartment - 1 bedroom,Average asking rent,Dollars,81,units,0,v1675425087,13.2.1,1740,,,,0
Oct-23,"Barrie, Census metropolitan area (CMA)",2021S0503568,Apartment - 1 bedroom,Average asking rent,Dollars,81,units,0,v1675425087,13.2.1,1920,,,,0
Jan-24,"Barrie, Census metropolitan area (CMA)",2021S0503568,Apartment - 1 bedroom,Average asking rent,Dollars,81,units,0,v1675425087,13.2.1,1840,,,,0
Apr-24,"Barrie, Census metropolitan area (CMA)",2021S0503568,Apartment - 1 bedroom,Average asking rent,Dollars,81,units,0,v1675425087,13.2.1,1740,E,,,0
Jul-24,"Barrie, Census metropolitan area (CMA)",2021S0503568,Apartment - 1 bedroom,Average asking rent,Dollars,81,units,0,v1675425087,13.2.1,1780,,,,0
Oct-24,"Barrie, Census metropolitan area (CMA)",2021S0503568,Apartment - 1 bedroom,Average asking rent,Dollars,81,units,0,v1675425087,13.2.1,1810,,,,0
Jan-25,"Barrie, Census metropolitan area (CMA)",2021S0503568,Apartment - 1 bedroom,Average asking rent,Dollars,81,units,0,v1675425087,13.2.1,1800,,,,0
Jan-20,"Barrie, Census metropolitan area (CMA)",2021S0503568,Apartment - 2 bedrooms,Average asking rent,Dollars,81,units,0,v1675425088,13.3.1,1580,,,,0
Apr-20,"Barrie, Census metropolitan area (CMA)",2021S0503568,Apartment - 2 bedrooms,Average asking rent,Dollars,81,units,0,v1675425088,13.3.1,1590,,,,0
Jul-20,"Barrie, Census metropolitan area (CMA)",2021S0503568,Apartment - 2 bedrooms,Average asking rent,Dollars,81,units,0,v1675425088,13.3.1,1620,,,,0
Oct-20,"Barrie, Census metropolitan area (CMA)",2021S0503568,Apartment - 2 bedrooms,Average asking rent,Dollars,81,units,0,v1675425088,13.3.1,1690,,,,0
Jan-21,"Barrie, Census metropolitan area (CMA)",2021S0503568,Apartment - 2 bedrooms,Average asking rent,Dollars,81,units,0,v1675425088,13.3.1,1730,,,,0
Apr-21,"Barrie, Census metropolitan area (CMA)",2021S0503568,Apartment - 2 bedrooms,Average asking rent,Dollars,81,units,0,v1675425088,13.3.1,1770,,,,0
Jul-21,"Barrie, Census metropolitan area (CMA)",2021S0503568,Apartment - 2 bedrooms,Average asking rent,Dollars,81,units,0,v1675425088,13.3.1,1850,,,,0
Oct-21,"Barrie, Census metropolitan area (CMA)",2021S0503568,Apartment - 2 bedrooms,Average asking rent,Dollars,81,units,0,v1675425088,13.3.1,1860,,,,0
Jan-22,"Barrie, Census metropolitan area (CMA)",2021S0503568,Apartment - 2 bedrooms,Average asking rent,Dollars,81,units,0,v1675425088,13.3.1,2000,,,,0
Apr-22,"Barrie, Census metropolitan area (CMA)",2021S0503568,Apartment - 2 bedrooms,Average asking rent,Dollars,81,units,0,v1675425088,13.3.1,2050,,,,0
Jul-22,"Barrie, Census metropolitan area (CMA)",2021S0503568,Apartment - 2 bedrooms,Average asking rent,Dollars,81,units,0,v1675425088,13.3.1,2030,,,,0
Oct-22,"Barrie, Census metropolitan area (CMA)",2021S0503568,Apartment - 2 bedrooms,Average asking rent,Dollars,81,units,0,v1675425088,13.3.1,2010,,,,0
Jan-23,"Barrie, Census metropolitan area (CMA)",2021S0503568,Apartment - 2 bedrooms,Average asking rent,Dollars,81,units,0,v1675425088,13.3.1,2010,,,,0
Apr-23,"Barrie, Census metropolitan area (CMA)",2021S0503568,Apartment - 2 bedrooms,Average asking rent,Dollars,81,units,0,v1675425088,13.3.1,2040,,,,0
Jul-23,"Barrie, Census metropolitan area (CMA)",2021S0503568,Apartment - 2 bedrooms,Average asking rent,Dollars,81,units,0,v1675425088,13.3.1,2050,,,,0
Oct-23,"Barrie, Census metropolitan area (CMA)",2021S0503568,Apartment - 2 bedrooms,Average asking rent,Dollars,81,units,0,v1675425088,13.3.1,2200,E,,,0
Jan-24,"Barrie, Census metropolitan area (CMA)",2021S0503568,Apartment - 2 bedrooms,Average asking rent,Dollars,81,units,0,v1675425088,13.3.1,2240,E,,,0
Apr-24,"Barrie, Census metropolitan area (CMA)",2021S0503568,Apartment - 2 bedrooms,Average asking rent,Dollars,81,units,0,v1675425088,13.3.1,2080,,,,0
Jul-24,"Barrie, Census metropolitan area (CMA)",2021S0503568,Apartment - 2 bedrooms,Average asking rent,Dollars,81,units,0,v1675425088,13.3.1,2050,,,,0
Oct-24,"Barrie, Census metropolitan area (CMA)",2021S0503568,Apartment - 2 bedrooms,Average asking rent,Dollars,81,units,0,v1675425088,13.3.1,2050,,,,0
Jan-25,"Barrie, Census metropolitan area (CMA)",2021S0503568,Apartment - 2 bedrooms,Average asking rent,Dollars,81,units,0,v1675425088,13.3.1,2120,,,,0
Jan-20,"Barrie, Census metropolitan area (CMA)",2021S0503568,Room,Average asking rent,Dollars,81,units,0,v1675425090,13.5.1,580,,,,0
Apr-20,"Barrie, Census metropolitan area (CMA)",2021S0503568,Room,Average asking rent,Dollars,81,units,0,v1675425090,13.5.1,560,,,,0
Jul-20,"Barrie, Census metropolitan area (CMA)",2021S0503568,Room,Average asking rent,Dollars,81,units,0,v1675425090,13.5.1,570,,,,0
Oct-20,"Barrie, Census metropolitan area (CMA)",2021S0503568,Room,Average asking rent,Dollars,81,units,0,v1675425090,13.5.1,570,,,,0
Jan-21,"Barrie, Census metropolitan area (CMA)",2021S0503568,Room,Average asking rent,Dollars,81,units,0,v1675425090,13.5.1,580,,,,0
Apr-21,"Barrie, Census metropolitan area (CMA)",2021S0503568,Room,Average asking rent,Dollars,81,units,0,v1675425090,13.5.1,600,,,,0
Jul-21,"Barrie, Census metropolitan area (CMA)",2021S0503568,Room,Average asking rent,Dollars,81,units,0,v1675425090,13.5.1,650,,,,0
Oct-21,"Barrie, Census metropolitan area (CMA)",2021S0503568,Room,Average asking rent,Dollars,81,units,0,v1675425090,13.5.1,650,,,,0
Jan-22,"Barrie, Census metropolitan area (CMA)",2021S0503568,Room,Average asking rent,Dollars,81,units,0,v1675425090,13.5.1,660,,,,0
Apr-22,"Barrie, Census metropolitan area (CMA)",2021S0503568,Room,Average asking rent,Dollars,81,units,0,v1675425090,13.5.1,670,,,,0
Jul-22,"Barrie, Census metropolitan area (CMA)",2021S0503568,Room,Average asking rent,Dollars,81,units,0,v1675425090,13.5.1,710,,,,0
Oct-22,"Barrie, Census metropolitan area (CMA)",2021S0503568,Room,Average asking rent,Dollars,81,units,0,v1675425090,13.5.1,690,,,,0
Jan-23,"Barrie, Census metropolitan area (CMA)",2021S0503568,Room,Average asking rent,Dollars,81,units,0,v1675425090,13.5.1,700,,,,0
Apr-23,"Barrie, Census metropolitan area (CMA)",2021S0503568,Room,Average asking rent,Dollars,81,units,0,v1675425090,13.5.1,730,,,,0
Jul-23,"Barrie, Census metropolitan area (CMA)",2021S0503568,Room,Average asking rent,Dollars,81,units,0,v1675425090,13.5.1,740,,,,0
Oct-23,"Barrie, Census metropolitan area (CMA)",2021S0503568,Room,Average asking rent,Dollars,81,units,0,v1675425090,13.5.1,740,,,,0
Jan-24,"Barrie, Census metropolitan area (CMA)",2021S0503568,Room,Average asking rent,Dollars,81,units,0,v1675425090,13.5.1,740,,,,0
Apr-24,"Barrie, Census metropolitan area (CMA)",2021S0503568,Room,Average asking rent,Dollars,81,units,0,v1675425090,13.5.1,760,,,,0
Jul-24,"Barrie, Census metropolitan area (CMA)",2021S0503568,Room,Average asking rent,Dollars,81,units,0,v1675425090,13.5.1,750,,,,0
Oct-24,"Barrie, Census metropolitan area (CMA)",2021S0503568,Room,Average asking rent,Dollars,81,units,0,v1675425090,13.5.1,750,,,,0
Jan-25,"Barrie, Census metropolitan area (CMA)",2021S0503568,Room,Average asking rent,Dollars,81,units,0,v1675425090,13.5.1,740,,,,0
Jan-20,"Belleville - Quinte West, Census metropolitan area (CMA)",2021S0503522,Apartment - 1 bedroom,Average asking rent,Dollars,81,units,0,v1675425032,14.2.1,1150,,,,0
Apr-20,"Belleville - Quinte West, Census metropolitan area (CMA)",2021S0503522,Apartment - 1 bedroom,Average asking rent,Dollars,81,units,0,v1675425032,14.2.1,1160,,,,0
Jul-20,"Belleville - Quinte West, Census metropolitan area (CMA)",2021S0503522,Apartment - 1 bedroom,Average asking rent,Dollars,81,units,0,v1675425032,14.2.1,1140,,,,0
Oct-20,"Belleville - Quinte West, Census metropolitan area (CMA)",2021S0503522,Apartment - 1 bedroom,Average asking rent,Dollars,81,units,0,v1675425032,14.2.1,1170,,,,0
Jan-21,"Belleville - Quinte West, Census metropolitan area (CMA)",2021S0503522,Apartment - 1 bedroom,Average asking rent,Dollars,81,units,0,v1675425032,14.2.1,1220,,,,0
Apr-21,"Belleville - Quinte West, Census metropolitan area (CMA)",2021S0503522,Apartment - 1 bedroom,Average asking rent,Dollars,81,units,0,v1675425032,14.2.1,1300,,,,0
Jul-21,"Belleville - Quinte West, Census metropolitan area (CMA)",2021S0503522,Apartment - 1 bedroom,Average asking rent,Dollars,81,units,0,v1675425032,14.2.1,1250,,,,0
Oct-21,"Belleville - Quinte West, Census metropolitan area (CMA)",2021S0503522,Apartment - 1 bedroom,Average asking rent,Dollars,81,units,0,v1675425032,14.2.1,1370,E,,,0
Jan-22,"Belleville - Quinte West, Census metropolitan area (CMA)",2021S0503522,Apartment - 1 bedroom,Average asking rent,Dollars,81,units,0,v1675425032,14.2.1,1390,,,,0
Apr-22,"Belleville - Quinte West, Census metropolitan area (CMA)",2021S0503522,Apartment - 1 bedroom,Average asking rent,Dollars,81,units,0,v1675425032,14.2.1,1430,,,,0
Jul-22,"Belleville - Quinte West, Census metropolitan area (CMA)",2021S0503522,Apartment - 1 bedroom,Average asking rent,Dollars,81,units,0,v1675425032,14.2.1,1500,,,,0
Oct-22,"Belleville - Quinte West, Census metropolitan area (CMA)",2021S0503522,Apartment - 1 bedroom,Average asking rent,Dollars,81,units,0,v1675425032,14.2.1,1450,,,,0
Jan-23,"Belleville - Quinte West, Census metropolitan area (CMA)",2021S0503522,Apartment - 1 bedroom,Average asking rent,Dollars,81,units,0,v1675425032,14.2.1,1550,,,,0
Apr-23,"Belleville - Quinte West, Census metropolitan area (CMA)",2021S0503522,Apartment - 1 bedroom,Average asking rent,Dollars,81,units,0,v1675425032,14.2.1,1500,,,,0
Jul-23,"Belleville - Quinte West, Census metropolitan area (CMA)",2021S0503522,Apartment - 1 bedroom,Average asking rent,Dollars,81,units,0,v1675425032,14.2.1,1500,,,,0
Oct-23,"Belleville - Quinte West, Census metropolitan area (CMA)",2021S0503522,Apartment - 1 bedroom,Average asking rent,Dollars,81,units,0,v1675425032,14.2.1,1510,,,,0
Jan-24,"Belleville - Quinte West, Census metropolitan area (CMA)",2021S0503522,Apartment - 1 bedroom,Average asking rent,Dollars,81,units,0,v1675425032,14.2.1,1600,,,,0
Apr-24,"Belleville - Quinte West, Census metropolitan area (CMA)",2021S0503522,Apartment - 1 bedroom,Average asking rent,Dollars,81,units,0,v1675425032,14.2.1,1580,,,,0
Jul-24,"Belleville - Quinte West, Census metropolitan area (CMA)",2021S0503522,Apartment - 1 bedroom,Average asking rent,Dollars,81,units,0,v1675425032,14.2.1,1630,,,,0
Oct-24,"Belleville - Quinte West, Census metropolitan area (CMA)",2021S0503522,Apartment - 1 bedroom,Average asking rent,Dollars,81,units,0,v1675425032,14.2.1,1640,,,,0
Jan-25,"Belleville - Quinte West, Census metropolitan area (CMA)",2021S0503522,Apartment - 1 bedroom,Average asking rent,Dollars,81,units,0,v1675425032,14.2.1,1560,E,,,0
Jan-20,"Belleville - Quinte West, Census metropolitan area (CMA)",2021S0503522,Apartment - 2 bedrooms,Average asking rent,Dollars,81,units,0,v1675425033,14.3.1,1370,,,,0
Apr-20,"Belleville - Quinte West, Census metropolitan area (CMA)",2021S0503522,Apartment - 2 bedrooms,Average asking rent,Dollars,81,units,0,v1675425033,14.3.1,1400,,,,0
Jul-20,"Belleville - Quinte West, Census metropolitan area (CMA)",2021S0503522,Apartment - 2 bedrooms,Average asking rent,Dollars,81,units,0,v1675425033,14.3.1,1470,,,,0
Oct-20,"Belleville - Quinte West, Census metropolitan area (CMA)",2021S0503522,Apartment - 2 bedrooms,Average asking rent,Dollars,81,units,0,v1675425033,14.3.1,1470,,,,0
Jan-21,"Belleville - Quinte West, Census metropolitan area (CMA)",2021S0503522,Apartment - 2 bedrooms,Average asking rent,Dollars,81,units,0,v1675425033,14.3.1,1480,,,,0
Apr-21,"Belleville - Quinte West, Census metropolitan area (CMA)",2021S0503522,Apartment - 2 bedrooms,Average asking rent,Dollars,81,units,0,v1675425033,14.3.1,1590,,,,0
Jul-21,"Belleville - Quinte West, Census metropolitan area (CMA)",2021S0503522,Apartment - 2 bedrooms,Average asking rent,Dollars,81,units,0,v1675425033,14.3.1,1530,,,,0
Oct-21,"Belleville - Quinte West, Census metropolitan area (CMA)",2021S0503522,Apartment - 2 bedrooms,Average asking rent,Dollars,81,units,0,v1675425033,14.3.1,1590,,,,0
Jan-22,"Belleville - Quinte West, Census metropolitan area (CMA)",2021S0503522,Apartment - 2 bedrooms,Average asking rent,Dollars,81,units,0,v1675425033,14.3.1,1700,,,,0
Apr-22,"Belleville - Quinte West, Census metropolitan area (CMA)",2021S0503522,Apartment - 2 bedrooms,Average asking rent,Dollars,81,units,0,v1675425033,14.3.1,1720,,,,0
Jul-22,"Belleville - Quinte West, Census metropolitan area (CMA)",2021S0503522,Apartment - 2 bedrooms,Average asking rent,Dollars,81,units,0,v1675425033,14.3.1,1810,,,,0
Oct-22,"Belleville - Quinte West, Census metropolitan area (CMA)",2021S0503522,Apartment - 2 bedrooms,Average asking rent,Dollars,81,units,0,v1675425033,14.3.1,1790,,,,0
Jan-23,"Belleville - Quinte West, Census metropolitan area (CMA)",2021S0503522,Apartment - 2 bedrooms,Average asking rent,Dollars,81,units,0,v1675425033,14.3.1,1790,,,,0
Apr-23,"Belleville - Quinte West, Census metropolitan area (CMA)",2021S0503522,Apartment - 2 bedrooms,Average asking rent,Dollars,81,units,0,v1675425033,14.3.1,1840,,,,0
Jul-23,"Belleville - Quinte West, Census metropolitan area (CMA)",2021S0503522,Apartment - 2 bedrooms,Average asking rent,Dollars,81,units,0,v1675425033,14.3.1,1880,,,,0
Oct-23,"Belleville - Quinte West, Census metropolitan area (CMA)",2021S0503522,Apartment - 2 bedrooms,Average asking rent,Dollars,81,units,0,v1675425033,14.3.1,1920,,,,0
Jan-24,"Belleville - Quinte West, Census metropolitan area (CMA)",2021S0503522,Apartment - 2 bedrooms,Average asking rent,Dollars,81,units,0,v1675425033,14.3.1,1830,,,,0
Apr-24,"Belleville - Quinte West, Census metropolitan area (CMA)",2021S0503522,Apartment - 2 bedrooms,Average asking rent,Dollars,81,units,0,v1675425033,14.3.1,1830,,,,0
Jul-24,"Belleville - Quinte West, Census metropolitan area (CMA)",2021S0503522,Apartment - 2 bedrooms,Average asking rent,Dollars,81,units,0,v1675425033,14.3.1,1950,,,,0
Oct-24,"Belleville - Quinte West, Census metropolitan area (CMA)",2021S0503522,Apartment - 2 bedrooms,Average asking rent,Dollars,81,units,0,v1675425033,14.3.1,1880,,,,0
Jan-25,"Belleville - Quinte West, Census metropolitan area (CMA)",2021S0503522,Apartment - 2 bedrooms,Average asking rent,Dollars,81,units,0,v1675425033,14.3.1,1860,,,,0
Jan-20,"Belleville - Quinte West, Census metropolitan area (CMA)",2021S0503522,Room,Average asking rent,Dollars,81,units,0,v1675425035,14.5.1,570,,,,0
Apr-20,"Belleville - Quinte West, Census metropolitan area (CMA)",2021S0503522,Room,Average asking rent,Dollars,81,units,0,v1675425035,14.5.1,560,,,,0
Jul-20,"Belleville - Quinte West, Census metropolitan area (CMA)",2021S0503522,Room,Average asking rent,Dollars,81,units,0,v1675425035,14.5.1,560,,,,0
Oct-20,"Belleville - Quinte West, Census metropolitan area (CMA)",2021S0503522,Room,Average asking rent,Dollars,81,units,0,v1675425035,14.5.1,570,,,,0
Jan-21,"Belleville - Quinte West, Census metropolitan area (CMA)",2021S0503522,Room,Average asking rent,Dollars,81,units,0,v1675425035,14.5.1,590,,,,0
Apr-21,"Belleville - Quinte West, Census metropolitan area (CMA)",2021S0503522,Room,Average asking rent,Dollars,81,units,0,v1675425035,14.5.1,610,,,,0
Jul-21,"Belleville - Quinte West, Census metropolitan area (CMA)",2021S0503522,Room,Average asking rent,Dollars,81,units,0,v1675425035,14.5.1,660,,,,0
Oct-21,"Belleville - Quinte West, Census metropolitan area (CMA)",2021S0503522,Room,Average asking rent,Dollars,81,units,0,v1675425035,14.5.1,640,,,,0
Jan-22,"Belleville - Quinte West, Census metropolitan area (CMA)",2021S0503522,Room,Average asking rent,Dollars,81,units,0,v1675425035,14.5.1,640,,,,0
Apr-22,"Belleville - Quinte West, Census metropolitan area (CMA)",2021S0503522,Room,Average asking rent,Dollars,81,units,0,v1675425035,14.5.1,620,,,,0
Jul-22,"Belleville - Quinte West, Census metropolitan area (CMA)",2021S0503522,Room,Average asking rent,Dollars,81,units,0,v1675425035,14.5.1,660,,,,0
Oct-22,"Belleville - Quinte West, Census metropolitan area (CMA)",2021S0503522,Room,Average asking rent,Dollars,81,units,0,v1675425035,14.5.1,670,,,,0
Jan-23,"Belleville - Quinte West, Census metropolitan area (CMA)",2021S0503522,Room,Average asking rent,Dollars,81,units,0,v1675425035,14.5.1,700,,,,0
Apr-23,"Belleville - Quinte West, Census metropolitan area (CMA)",2021S0503522,Room,Average asking rent,Dollars,81,units,0,v1675425035,14.5.1,710,,,,0
Jul-23,"Belleville - Quinte West, Census metropolitan area (CMA)",2021S0503522,Room,Average asking rent,Dollars,81,units,0,v1675425035,14.5.1,710,,,,0
Oct-23,"Belleville - Quinte West, Census metropolitan area (CMA)",2021S0503522,Room,Average asking rent,Dollars,81,units,0,v1675425035,14.5.1,730,,,,0
Jan-24,"Belleville - Quinte West, Census metropolitan area (CMA)",2021S0503522,Room,Average asking rent,Dollars,81,units,0,v1675425035,14.5.1,730,,,,0
Apr-24,"Belleville - Quinte West, Census metropolitan area (CMA)",2021S0503522,Room,Average asking rent,Dollars,81,units,0,v1675425035,14.5.1,720,,,,0
Jul-24,"Belleville - Quinte West, Census metropolitan area (CMA)",2021S0503522,Room,Average asking rent,Dollars,81,units,0,v1675425035,14.5.1,760,,,,0
Oct-24,"Belleville - Quinte West, Census metropolitan area (CMA)",2021S0503522,Room,Average asking rent,Dollars,81,units,0,v1675425035,14.5.1,750,,,,0
Jan-25,"Belleville - Quinte West, Census metropolitan area (CMA)",2021S0503522,Room,Average asking rent,Dollars,81,units,0,v1675425035,14.5.1,740,,,,0
Jan-20,"Brantford, Census metropolitan area (CMA)",2021S0503543,Apartment - 1 bedroom,Average asking rent,Dollars,81,units,0,v1675425067,15.2.1,1190,,,,0
Apr-20,"Brantford, Census metropolitan area (CMA)",2021S0503543,Apartment - 1 bedroom,Average asking rent,Dollars,81,units,0,v1675425067,15.2.1,1220,,,,0
Jul-20,"Brantford, Census metropolitan area (CMA)",2021S0503543,Apartment - 1 bedroom,Average asking rent,Dollars,81,units,0,v1675425067,15.2.1,1210,,,,0
Oct-20,"Brantford, Census metropolitan area (CMA)",2021S0503543,Apartment - 1 bedroom,Average asking rent,Dollars,81,units,0,v1675425067,15.2.1,1250,,,,0
Jan-21,"Brantford, Census metropolitan area (CMA)",2021S0503543,Apartment - 1 bedroom,Average asking rent,Dollars,81,units,0,v1675425067,15.2.1,1290,,,,0
Apr-21,"Brantford, Census metropolitan area (CMA)",2021S0503543,Apartment - 1 bedroom,Average asking rent,Dollars,81,units,0,v1675425067,15.2.1,1320,,,,0
Jul-21,"Brantford, Census metropolitan area (CMA)",2021S0503543,Apartment - 1 bedroom,Average asking rent,Dollars,81,units,0,v1675425067,15.2.1,1400,,,,0
Oct-21,"Brantford, Census metropolitan area (CMA)",2021S0503543,Apartment - 1 bedroom,Average asking rent,Dollars,81,units,0,v1675425067,15.2.1,1400,,,,0
Jan-22,"Brantford, Census metropolitan area (CMA)",2021S0503543,Apartment - 1 bedroom,Average asking rent,Dollars,81,units,0,v1675425067,15.2.1,1430,,,,0
Apr-22,"Brantford, Census metropolitan area (CMA)",2021S0503543,Apartment - 1 bedroom,Average asking rent,Dollars,81,units,0,v1675425067,15.2.1,1420,,,,0
Jul-22,"Brantford, Census metropolitan area (CMA)",2021S0503543,Apartment - 1 bedroom,Average asking rent,Dollars,81,units,0,v1675425067,15.2.1,1540,,,,0
Oct-22,"Brantford, Census metropolitan area (CMA)",2021S0503543,Apartment - 1 bedroom,Average asking rent,Dollars,81,units,0,v1675425067,15.2.1,1530,,,,0
Jan-23,"Brantford, Census metropolitan area (CMA)",2021S0503543,Apartment - 1 bedroom,Average asking rent,Dollars,81,units,0,v1675425067,15.2.1,1570,,,,0
Apr-23,"Brantford, Census metropolitan area (CMA)",2021S0503543,Apartment - 1 bedroom,Average asking rent,Dollars,81,units,0,v1675425067,15.2.1,1570,,,,0
Jul-23,"Brantford, Census metropolitan area (CMA)",2021S0503543,Apartment - 1 bedroom,Average asking rent,Dollars,81,units,0,v1675425067,15.2.1,1610,,,,0
Oct-23,"Brantford, Census metropolitan area (CMA)",2021S0503543,Apartment - 1 bedroom,Average asking rent,Dollars,81,units,0,v1675425067,15.2.1,1640,,,,0
Jan-24,"Brantford, Census metropolitan area (CMA)",2021S0503543,Apartment - 1 bedroom,Average asking rent,Dollars,81,units,0,v1675425067,15.2.1,1620,,,,0
Apr-24,"Brantford, Census metropolitan area (CMA)",2021S0503543,Apartment - 1 bedroom,Average asking rent,Dollars,81,units,0,v1675425067,15.2.1,1620,,,,0
Jul-24,"Brantford, Census metropolitan area (CMA)",2021S0503543,Apartment - 1 bedroom,Average asking rent,Dollars,81,units,0,v1675425067,15.2.1,1680,,,,0
Oct-24,"Brantford, Census metropolitan area (CMA)",2021S0503543,Apartment - 1 bedroom,Average asking rent,Dollars,81,units,0,v1675425067,15.2.1,1690,,,,0
Jan-25,"Brantford, Census metropolitan area (CMA)",2021S0503543,Apartment - 1 bedroom,Average asking rent,Dollars,81,units,0,v1675425067,15.2.1,1650,,,,0
Jan-20,"Brantford, Census metropolitan area (CMA)",2021S0503543,Apartment - 2 bedrooms,Average asking rent,Dollars,81,units,0,v1675425068,15.3.1,1380,,,,0
Apr-20,"Brantford, Census metropolitan area (CMA)",2021S0503543,Apartment - 2 bedrooms,Average asking rent,Dollars,81,units,0,v1675425068,15.3.1,1440,,,,0
Jul-20,"Brantford, Census metropolitan area (CMA)",2021S0503543,Apartment - 2 bedrooms,Average asking rent,Dollars,81,units,0,v1675425068,15.3.1,1450,,,,0
Oct-20,"Brantford, Census metropolitan area (CMA)",2021S0503543,Apartment - 2 bedrooms,Average asking rent,Dollars,81,units,0,v1675425068,15.3.1,1480,,,,0
Jan-21,"Brantford, Census metropolitan area (CMA)",2021S0503543,Apartment - 2 bedrooms,Average asking rent,Dollars,81,units,0,v1675425068,15.3.1,1480,,,,0
Apr-21,"Brantford, Census metropolitan area (CMA)",2021S0503543,Apartment - 2 bedrooms,Average asking rent,Dollars,81,units,0,v1675425068,15.3.1,1510,,,,0
Jul-21,"Brantford, Census metropolitan area (CMA)",2021S0503543,Apartment - 2 bedrooms,Average asking rent,Dollars,81,units,0,v1675425068,15.3.1,1620,,,,0
Oct-21,"Brantford, Census metropolitan area (CMA)",2021S0503543,Apartment - 2 bedrooms,Average asking rent,Dollars,81,units,0,v1675425068,15.3.1,1670,,,,0
Jan-22,"Brantford, Census metropolitan area (CMA)",2021S0503543,Apartment - 2 bedrooms,Average asking rent,Dollars,81,units,0,v1675425068,15.3.1,1660,,,,0
Apr-22,"Brantford, Census metropolitan area (CMA)",2021S0503543,Apartment - 2 bedrooms,Average asking rent,Dollars,81,units,0,v1675425068,15.3.1,1750,,,,0
Jul-22,"Brantford, Census metropolitan area (CMA)",2021S0503543,Apartment - 2 bedrooms,Average asking rent,Dollars,81,units,0,v1675425068,15.3.1,1770,,,,0
Oct-22,"Brantford, Census metropolitan area (CMA)",2021S0503543,Apartment - 2 bedrooms,Average asking rent,Dollars,81,units,0,v1675425068,15.3.1,1830,,,,0
Jan-23,"Brantford, Census metropolitan area (CMA)",2021S0503543,Apartment - 2 bedrooms,Average asking rent,Dollars,81,units,0,v1675425068,15.3.1,1850,,,,0
Apr-23,"Brantford, Census metropolitan area (CMA)",2021S0503543,Apartment - 2 bedrooms,Average asking rent,Dollars,81,units,0,v1675425068,15.3.1,1880,,,,0
Jul-23,"Brantford, Census metropolitan area (CMA)",2021S0503543,Apartment - 2 bedrooms,Average asking rent,Dollars,81,units,0,v1675425068,15.3.1,1870,,,,0
Oct-23,"Brantford, Census metropolitan area (CMA)",2021S0503543,Apartment - 2 bedrooms,Average asking rent,Dollars,81,units,0,v1675425068,15.3.1,1950,,,,0
Jan-24,"Brantford, Census metropolitan area (CMA)",2021S0503543,Apartment - 2 bedrooms,Average asking rent,Dollars,81,units,0,v1675425068,15.3.1,1910,,,,0
Apr-24,"Brantford, Census metropolitan area (CMA)",2021S0503543,Apartment - 2 bedrooms,Average asking rent,Dollars,81,units,0,v1675425068,15.3.1,1900,,,,0
Jul-24,"Brantford, Census metropolitan area (CMA)",2021S0503543,Apartment - 2 bedrooms,Average asking rent,Dollars,81,units,0,v1675425068,15.3.1,1910,,,,0
Oct-24,"Brantford, Census metropolitan area (CMA)",2021S0503543,Apartment - 2 bedrooms,Average asking rent,Dollars,81,units,0,v1675425068,15.3.1,1910,,,,0
Jan-25,"Brantford, Census metropolitan area (CMA)",2021S0503543,Apartment - 2 bedrooms,Average asking rent,Dollars,81,units,0,v1675425068,15.3.1,1880,,,,0
Jan-20,"Brantford, Census metropolitan area (CMA)",2021S0503543,Room,Average asking rent,Dollars,81,units,0,v1675425070,15.5.1,570,,,,0
Apr-20,"Brantford, Census metropolitan area (CMA)",2021S0503543,Room,Average asking rent,Dollars,81,units,0,v1675425070,15.5.1,550,,,,0
Jul-20,"Brantford, Census metropolitan area (CMA)",2021S0503543,Room,Average asking rent,Dollars,81,units,0,v1675425070,15.5.1,570,,,,0
Oct-20,"Brantford, Census metropolitan area (CMA)",2021S0503543,Room,Average asking rent,Dollars,81,units,0,v1675425070,15.5.1,530,,,,0
Jan-21,"Brantford, Census metropolitan area (CMA)",2021S0503543,Room,Average asking rent,Dollars,81,units,0,v1675425070,15.5.1,560,,,,0
Apr-21,"Brantford, Census metropolitan area (CMA)",2021S0503543,Room,Average asking rent,Dollars,81,units,0,v1675425070,15.5.1,580,,,,0
Jul-21,"Brantford, Census metropolitan area (CMA)",2021S0503543,Room,Average asking rent,Dollars,81,units,0,v1675425070,15.5.1,610,,,,0
Oct-21,"Brantford, Census metropolitan area (CMA)",2021S0503543,Room,Average asking rent,Dollars,81,units,0,v1675425070,15.5.1,620,,,,0
Jan-22,"Brantford, Census metropolitan area (CMA)",2021S0503543,Room,Average asking rent,Dollars,81,units,0,v1675425070,15.5.1,640,,,,0
Apr-22,"Brantford, Census metropolitan area (CMA)",2021S0503543,Room,Average asking rent,Dollars,81,units,0,v1675425070,15.5.1,640,,,,0
Jul-22,"Brantford, Census metropolitan area (CMA)",2021S0503543,Room,Average asking rent,Dollars,81,units,0,v1675425070,15.5.1,670,,,,0
Oct-22,"Brantford, Census metropolitan area (CMA)",2021S0503543,Room,Average asking rent,Dollars,81,units,0,v1675425070,15.5.1,640,,,,0
Jan-23,"Brantford, Census metropolitan area (CMA)",2021S0503543,Room,Average asking rent,Dollars,81,units,0,v1675425070,15.5.1,680,,,,0
Apr-23,"Brantford, Census metropolitan area (CMA)",2021S0503543,Room,Average asking rent,Dollars,81,units,0,v1675425070,15.5.1,720,,,,0
Jul-23,"Brantford, Census metropolitan area (CMA)",2021S0503543,Room,Average asking rent,Dollars,81,units,0,v1675425070,15.5.1,710,,,,0
Oct-23,"Brantford, Census metropolitan area (CMA)",2021S0503543,Room,Average asking rent,Dollars,81,units,0,v1675425070,15.5.1,690,,,,0
Jan-24,"Brantford, Census metropolitan area (CMA)",2021S0503543,Room,Average asking rent,Dollars,81,units,0,v1675425070,15.5.1,710,,,,0
Apr-24,"Brantford, Census metropolitan area (CMA)",2021S0503543,Room,Average asking rent,Dollars,81,units,0,v1675425070,15.5.1,720,,,,0
Jul-24,"Brantford, Census metropolitan area (CMA)",2021S0503543,Room,Average asking rent,Dollars,81,units,0,v1675425070,15.5.1,720,,,,0
Oct-24,"Brantford, Census metropolitan area (CMA)",2021S0503543,Room,Average asking rent,Dollars,81,units,0,v1675425070,15.5.1,740,,,,0
Jan-25,"Brantford, Census metropolitan area (CMA)",2021S0503543,Room,Average asking rent,Dollars,81,units,0,v1675425070,15.5.1,740,,,,0
Jan-20,"Greater Sudbury, Census metropolitan area (CMA)",2021S0503580,Apartment - 1 bedroom,Average asking rent,Dollars,81,units,0,v1675425092,16.2.1,940,,,,0
Apr-20,"Greater Sudbury, Census metropolitan area (CMA)",2021S0503580,Apartment - 1 bedroom,Average asking rent,Dollars,81,units,0,v1675425092,16.2.1,970,,,,0
Jul-20,"Greater Sudbury, Census metropolitan area (CMA)",2021S0503580,Apartment - 1 bedroom,Average asking rent,Dollars,81,units,0,v1675425092,16.2.1,990,,,,0
Oct-20,"Greater Sudbury, Census metropolitan area (CMA)",2021S0503580,Apartment - 1 bedroom,Average asking rent,Dollars,81,units,0,v1675425092,16.2.1,1060,,,,0
Jan-21,"Greater Sudbury, Census metropolitan area (CMA)",2021S0503580,Apartment - 1 bedroom,Average asking rent,Dollars,81,units,0,v1675425092,16.2.1,1050,,,,0
Apr-21,"Greater Sudbury, Census metropolitan area (CMA)",2021S0503580,Apartment - 1 bedroom,Average asking rent,Dollars,81,units,0,v1675425092,16.2.1,1070,,,,0
Jul-21,"Greater Sudbury, Census metropolitan area (CMA)",2021S0503580,Apartment - 1 bedroom,Average asking rent,Dollars,81,units,0,v1675425092,16.2.1,1150,,,,0
Oct-21,"Greater Sudbury, Census metropolitan area (CMA)",2021S0503580,Apartment - 1 bedroom,Average asking rent,Dollars,81,units,0,v1675425092,16.2.1,1190,,,,0
Jan-22,"Greater Sudbury, Census metropolitan area (CMA)",2021S0503580,Apartment - 1 bedroom,Average asking rent,Dollars,81,units,0,v1675425092,16.2.1,1190,,,,0
Apr-22,"Greater Sudbury, Census metropolitan area (CMA)",2021S0503580,Apartment - 1 bedroom,Average asking rent,Dollars,81,units,0,v1675425092,16.2.1,1190,,,,0
Jul-22,"Greater Sudbury, Census metropolitan area (CMA)",2021S0503580,Apartment - 1 bedroom,Average asking rent,Dollars,81,units,0,v1675425092,16.2.1,1220,,,,0
Oct-22,"Greater Sudbury, Census metropolitan area (CMA)",2021S0503580,Apartment - 1 bedroom,Average asking rent,Dollars,81,units,0,v1675425092,16.2.1,1270,,,,0
Jan-23,"Greater Sudbury, Census metropolitan area (CMA)",2021S0503580,Apartment - 1 bedroom,Average asking rent,Dollars,81,units,0,v1675425092,16.2.1,1300,,,,0
Apr-23,"Greater Sudbury, Census metropolitan area (CMA)",2021S0503580,Apartment - 1 bedroom,Average asking rent,Dollars,81,units,0,v1675425092,16.2.1,1280,,,,0
Jul-23,"Greater Sudbury, Census metropolitan area (CMA)",2021S0503580,Apartment - 1 bedroom,Average asking rent,Dollars,81,units,0,v1675425092,16.2.1,1370,,,,0
Oct-23,"Greater Sudbury, Census metropolitan area (CMA)",2021S0503580,Apartment - 1 bedroom,Average asking rent,Dollars,81,units,0,v1675425092,16.2.1,1390,,,,0
Jan-24,"Greater Sudbury, Census metropolitan area (CMA)",2021S0503580,Apartment - 1 bedroom,Average asking rent,Dollars,81,units,0,v1675425092,16.2.1,1410,,,,0
Apr-24,"Greater Sudbury, Census metropolitan area (CMA)",2021S0503580,Apartment - 1 bedroom,Average asking rent,Dollars,81,units,0,v1675425092,16.2.1,1380,,,,0
Jul-24,"Greater Sudbury, Census metropolitan area (CMA)",2021S0503580,Apartment - 1 bedroom,Average asking rent,Dollars,81,units,0,v1675425092,16.2.1,1460,,,,0
Oct-24,"Greater Sudbury, Census metropolitan area (CMA)",2021S0503580,Apartment - 1 bedroom,Average asking rent,Dollars,81,units,0,v1675425092,16.2.1,1530,,,,0
Jan-25,"Greater Sudbury, Census metropolitan area (CMA)",2021S0503580,Apartment - 1 bedroom,Average asking rent,Dollars,81,units,0,v1675425092,16.2.1,1540,,,,0
Jan-20,"Greater Sudbury, Census metropolitan area (CMA)",2021S0503580,Apartment - 2 bedrooms,Average asking rent,Dollars,81,units,0,v1675425093,16.3.1,1210,,,,0
Apr-20,"Greater Sudbury, Census metropolitan area (CMA)",2021S0503580,Apartment - 2 bedrooms,Average asking rent,Dollars,81,units,0,v1675425093,16.3.1,1270,,,,0
Jul-20,"Greater Sudbury, Census metropolitan area (CMA)",2021S0503580,Apartment - 2 bedrooms,Average asking rent,Dollars,81,units,0,v1675425093,16.3.1,1340,,,,0
Oct-20,"Greater Sudbury, Census metropolitan area (CMA)",2021S0503580,Apartment - 2 bedrooms,Average asking rent,Dollars,81,units,0,v1675425093,16.3.1,1370,,,,0
Jan-21,"Greater Sudbury, Census metropolitan area (CMA)",2021S0503580,Apartment - 2 bedrooms,Average asking rent,Dollars,81,units,0,v1675425093,16.3.1,1370,,,,0
Apr-21,"Greater Sudbury, Census metropolitan area (CMA)",2021S0503580,Apartment - 2 bedrooms,Average asking rent,Dollars,81,units,0,v1675425093,16.3.1,1410,,,,0
Jul-21,"Greater Sudbury, Census metropolitan area (CMA)",2021S0503580,Apartment - 2 bedrooms,Average asking rent,Dollars,81,units,0,v1675425093,16.3.1,1470,,,,0
Oct-21,"Greater Sudbury, Census metropolitan area (CMA)",2021S0503580,Apartment - 2 bedrooms,Average asking rent,Dollars,81,units,0,v1675425093,16.3.1,1490,,,,0
Jan-22,"Greater Sudbury, Census metropolitan area (CMA)",2021S0503580,Apartment - 2 bedrooms,Average asking rent,Dollars,81,units,0,v1675425093,16.3.1,1480,,,,0
Apr-22,"Greater Sudbury, Census metropolitan area (CMA)",2021S0503580,Apartment - 2 bedrooms,Average asking rent,Dollars,81,units,0,v1675425093,16.3.1,1580,,,,0
Jul-22,"Greater Sudbury, Census metropolitan area (CMA)",2021S0503580,Apartment - 2 bedrooms,Average asking rent,Dollars,81,units,0,v1675425093,16.3.1,1590,,,,0
Oct-22,"Greater Sudbury, Census metropolitan area (CMA)",2021S0503580,Apartment - 2 bedrooms,Average asking rent,Dollars,81,units,0,v1675425093,16.3.1,1580,,,,0
Jan-23,"Greater Sudbury, Census metropolitan area (CMA)",2021S0503580,Apartment - 2 bedrooms,Average asking rent,Dollars,81,units,0,v1675425093,16.3.1,1620,,,,0
Apr-23,"Greater Sudbury, Census metropolitan area (CMA)",2021S0503580,Apartment - 2 bedrooms,Average asking rent,Dollars,81,units,0,v1675425093,16.3.1,1720,,,,0
Jul-23,"Greater Sudbury, Census metropolitan area (CMA)",2021S0503580,Apartment - 2 bedrooms,Average asking rent,Dollars,81,units,0,v1675425093,16.3.1,1720,,,,0
Oct-23,"Greater Sudbury, Census metropolitan area (CMA)",2021S0503580,Apartment - 2 bedrooms,Average asking rent,Dollars,81,units,0,v1675425093,16.3.1,1730,,,,0
Jan-24,"Greater Sudbury, Census metropolitan area (CMA)",2021S0503580,Apartment - 2 bedrooms,Average asking rent,Dollars,81,units,0,v1675425093,16.3.1,1810,,,,0
Apr-24,"Greater Sudbury, Census metropolitan area (CMA)",2021S0503580,Apartment - 2 bedrooms,Average asking rent,Dollars,81,units,0,v1675425093,16.3.1,1800,,,,0
Jul-24,"Greater Sudbury, Census metropolitan area (CMA)",2021S0503580,Apartment - 2 bedrooms,Average asking rent,Dollars,81,units,0,v1675425093,16.3.1,1820,,,,0
Oct-24,"Greater Sudbury, Census metropolitan area (CMA)",2021S0503580,Apartment - 2 bedrooms,Average asking rent,Dollars,81,units,0,v1675425093,16.3.1,1850,,,,0
Jan-25,"Greater Sudbury, Census metropolitan area (CMA)",2021S0503580,Apartment - 2 bedrooms,Average asking rent,Dollars,81,units,0,v1675425093,16.3.1,1830,,,,0
Jan-20,"Greater Sudbury, Census metropolitan area (CMA)",2021S0503580,Room,Average asking rent,Dollars,81,units,0,v1675425095,16.5.1,530,,,,0
Apr-20,"Greater Sudbury, Census metropolitan area (CMA)",2021S0503580,Room,Average asking rent,Dollars,81,units,0,v1675425095,16.5.1,510,,,,0
Jul-20,"Greater Sudbury, Census metropolitan area (CMA)",2021S0503580,Room,Average asking rent,Dollars,81,units,0,v1675425095,16.5.1,540,,,,0
Oct-20,"Greater Sudbury, Census metropolitan area (CMA)",2021S0503580,Room,Average asking rent,Dollars,81,units,0,v1675425095,16.5.1,550,,,,0
Jan-21,"Greater Sudbury, Census metropolitan area (CMA)",2021S0503580,Room,Average asking rent,Dollars,81,units,0,v1675425095,16.5.1,550,,,,0
Apr-21,"Greater Sudbury, Census metropolitan area (CMA)",2021S0503580,Room,Average asking rent,Dollars,81,units,0,v1675425095,16.5.1,560,,,,0
Jul-21,"Greater Sudbury, Census metropolitan area (CMA)",2021S0503580,Room,Average asking rent,Dollars,81,units,0,v1675425095,16.5.1,600,,,,0
Oct-21,"Greater Sudbury, Census metropolitan area (CMA)",2021S0503580,Room,Average asking rent,Dollars,81,units,0,v1675425095,16.5.1,610,,,,0
Jan-22,"Greater Sudbury, Census metropolitan area (CMA)",2021S0503580,Room,Average asking rent,Dollars,81,units,0,v1675425095,16.5.1,600,,,,0
Apr-22,"Greater Sudbury, Census metropolitan area (CMA)",2021S0503580,Room,Average asking rent,Dollars,81,units,0,v1675425095,16.5.1,570,,,,0
Jul-22,"Greater Sudbury, Census metropolitan area (CMA)",2021S0503580,Room,Average asking rent,Dollars,81,units,0,v1675425095,16.5.1,640,,,,0
Oct-22,"Greater Sudbury, Census metropolitan area (CMA)",2021S0503580,Room,Average asking rent,Dollars,81,units,0,v1675425095,16.5.1,660,,,,0
Jan-23,"Greater Sudbury, Census metropolitan area (CMA)",2021S0503580,Room,Average asking rent,Dollars,81,units,0,v1675425095,16.5.1,650,,,,0
Apr-23,"Greater Sudbury, Census metropolitan area (CMA)",2021S0503580,Room,Average asking rent,Dollars,81,units,0,v1675425095,16.5.1,660,,,,0
Jul-23,"Greater Sudbury, Census metropolitan area (CMA)",2021S0503580,Room,Average asking rent,Dollars,81,units,0,v1675425095,16.5.1,720,,,,0
Oct-23,"Greater Sudbury, Census metropolitan area (CMA)",2021S0503580,Room,Average asking rent,Dollars,81,units,0,v1675425095,16.5.1,700,,,,0
Jan-24,"Greater Sudbury, Census metropolitan area (CMA)",2021S0503580,Room,Average asking rent,Dollars,81,units,0,v1675425095,16.5.1,700,,,,0
Apr-24,"Greater Sudbury, Census metropolitan area (CMA)",2021S0503580,Room,Average asking rent,Dollars,81,units,0,v1675425095,16.5.1,730,,,,0
Jul-24,"Greater Sudbury, Census metropolitan area (CMA)",2021S0503580,Room,Average asking rent,Dollars,81,units,0,v1675425095,16.5.1,720,,,,0
Oct-24,"Greater Sudbury, Census metropolitan area (CMA)",2021S0503580,Room,Average asking rent,Dollars,81,units,0,v1675425095,16.5.1,690,,,,0
Jan-25,"Greater Sudbury, Census metropolitan area (CMA)",2021S0503580,Room,Average asking rent,Dollars,81,units,0,v1675425095,16.5.1,700,,,,0
Jan-20,"Guelph, Census metropolitan area (CMA)",2021S0503550,Apartment - 1 bedroom,Average asking rent,Dollars,81,units,0,v1675425072,17.2.1,1380,,,,0
Apr-20,"Guelph, Census metropolitan area (CMA)",2021S0503550,Apartment - 1 bedroom,Average asking rent,Dollars,81,units,0,v1675425072,17.2.1,1370,,,,0
Jul-20,"Guelph, Census metropolitan area (CMA)",2021S0503550,Apartment - 1 bedroom,Average asking rent,Dollars,81,units,0,v1675425072,17.2.1,1390,,,,0
Oct-20,"Guelph, Census metropolitan area (CMA)",2021S0503550,Apartment - 1 bedroom,Average asking rent,Dollars,81,units,0,v1675425072,17.2.1,1420,,,,0
Jan-21,"Guelph, Census metropolitan area (CMA)",2021S0503550,Apartment - 1 bedroom,Average asking rent,Dollars,81,units,0,v1675425072,17.2.1,1420,,,,0
Apr-21,"Guelph, Census metropolitan area (CMA)",2021S0503550,Apartment - 1 bedroom,Average asking rent,Dollars,81,units,0,v1675425072,17.2.1,1490,,,,0
Jul-21,"Guelph, Census metropolitan area (CMA)",2021S0503550,Apartment - 1 bedroom,Average asking rent,Dollars,81,units,0,v1675425072,17.2.1,1540,,,,0
Oct-21,"Guelph, Census metropolitan area (CMA)",2021S0503550,Apartment - 1 bedroom,Average asking rent,Dollars,81,units,0,v1675425072,17.2.1,1610,,,,0
Jan-22,"Guelph, Census metropolitan area (CMA)",2021S0503550,Apartment - 1 bedroom,Average asking rent,Dollars,81,units,0,v1675425072,17.2.1,1600,,,,0
Apr-22,"Guelph, Census metropolitan area (CMA)",2021S0503550,Apartment - 1 bedroom,Average asking rent,Dollars,81,units,0,v1675425072,17.2.1,1650,,,,0
Jul-22,"Guelph, Census metropolitan area (CMA)",2021S0503550,Apartment - 1 bedroom,Average asking rent,Dollars,81,units,0,v1675425072,17.2.1,1730,,,,0
Oct-22,"Guelph, Census metropolitan area (CMA)",2021S0503550,Apartment - 1 bedroom,Average asking rent,Dollars,81,units,0,v1675425072,17.2.1,1840,,,,0
Jan-23,"Guelph, Census metropolitan area (CMA)",2021S0503550,Apartment - 1 bedroom,Average asking rent,Dollars,81,units,0,v1675425072,17.2.1,1940,,,,0
Apr-23,"Guelph, Census metropolitan area (CMA)",2021S0503550,Apartment - 1 bedroom,Average asking rent,Dollars,81,units,0,v1675425072,17.2.1,1960,,,,0
Jul-23,"Guelph, Census metropolitan area (CMA)",2021S0503550,Apartment - 1 bedroom,Average asking rent,Dollars,81,units,0,v1675425072,17.2.1,1990,,,,0
Oct-23,"Guelph, Census metropolitan area (CMA)",2021S0503550,Apartment - 1 bedroom,Average asking rent,Dollars,81,units,0,v1675425072,17.2.1,2040,,,,0
Jan-24,"Guelph, Census metropolitan area (CMA)",2021S0503550,Apartment - 1 bedroom,Average asking rent,Dollars,81,units,0,v1675425072,17.2.1,2020,,,,0
Apr-24,"Guelph, Census metropolitan area (CMA)",2021S0503550,Apartment - 1 bedroom,Average asking rent,Dollars,81,units,0,v1675425072,17.2.1,2040,,,,0
Jul-24,"Guelph, Census metropolitan area (CMA)",2021S0503550,Apartment - 1 bedroom,Average asking rent,Dollars,81,units,0,v1675425072,17.2.1,2010,,,,0
Oct-24,"Guelph, Census metropolitan area (CMA)",2021S0503550,Apartment - 1 bedroom,Average asking rent,Dollars,81,units,0,v1675425072,17.2.1,2000,,,,0
Jan-25,"Guelph, Census metropolitan area (CMA)",2021S0503550,Apartment - 1 bedroom,Average asking rent,Dollars,81,units,0,v1675425072,17.2.1,1910,,,,0
Jan-20,"Guelph, Census metropolitan area (CMA)",2021S0503550,Apartment - 2 bedrooms,Average asking rent,Dollars,81,units,0,v1675425073,17.3.1,1580,,,,0
Apr-20,"Guelph, Census metropolitan area (CMA)",2021S0503550,Apartment - 2 bedrooms,Average asking rent,Dollars,81,units,0,v1675425073,17.3.1,1630,,,,0
Jul-20,"Guelph, Census metropolitan area (CMA)",2021S0503550,Apartment - 2 bedrooms,Average asking rent,Dollars,81,units,0,v1675425073,17.3.1,1640,,,,0
Oct-20,"Guelph, Census metropolitan area (CMA)",2021S0503550,Apartment - 2 bedrooms,Average asking rent,Dollars,81,units,0,v1675425073,17.3.1,1630,,,,0
Jan-21,"Guelph, Census metropolitan area (CMA)",2021S0503550,Apartment - 2 bedrooms,Average asking rent,Dollars,81,units,0,v1675425073,17.3.1,1680,,,,0
Apr-21,"Guelph, Census metropolitan area (CMA)",2021S0503550,Apartment - 2 bedrooms,Average asking rent,Dollars,81,units,0,v1675425073,17.3.1,1730,,,,0
Jul-21,"Guelph, Census metropolitan area (CMA)",2021S0503550,Apartment - 2 bedrooms,Average asking rent,Dollars,81,units,0,v1675425073,17.3.1,1840,,,,0
Oct-21,"Guelph, Census metropolitan area (CMA)",2021S0503550,Apartment - 2 bedrooms,Average asking rent,Dollars,81,units,0,v1675425073,17.3.1,1870,,,,0
Jan-22,"Guelph, Census metropolitan area (CMA)",2021S0503550,Apartment - 2 bedrooms,Average asking rent,Dollars,81,units,0,v1675425073,17.3.1,1900,,,,0
Apr-22,"Guelph, Census metropolitan area (CMA)",2021S0503550,Apartment - 2 bedrooms,Average asking rent,Dollars,81,units,0,v1675425073,17.3.1,1970,,,,0
Jul-22,"Guelph, Census metropolitan area (CMA)",2021S0503550,Apartment - 2 bedrooms,Average asking rent,Dollars,81,units,0,v1675425073,17.3.1,2050,,,,0
Oct-22,"Guelph, Census metropolitan area (CMA)",2021S0503550,Apartment - 2 bedrooms,Average asking rent,Dollars,81,units,0,v1675425073,17.3.1,2130,,,,0
Jan-23,"Guelph, Census metropolitan area (CMA)",2021S0503550,Apartment - 2 bedrooms,Average asking rent,Dollars,81,units,0,v1675425073,17.3.1,2110,,,,0
Apr-23,"Guelph, Census metropolitan area (CMA)",2021S0503550,Apartment - 2 bedrooms,Average asking rent,Dollars,81,units,0,v1675425073,17.3.1,2130,,,,0
Jul-23,"Guelph, Census metropolitan area (CMA)",2021S0503550,Apartment - 2 bedrooms,Average asking rent,Dollars,81,units,0,v1675425073,17.3.1,2220,,,,0
Oct-23,"Guelph, Census metropolitan area (CMA)",2021S0503550,Apartment - 2 bedrooms,Average asking rent,Dollars,81,units,0,v1675425073,17.3.1,2300,,,,0
Jan-24,"Guelph, Census metropolitan area (CMA)",2021S0503550,Apartment - 2 bedrooms,Average asking rent,Dollars,81,units,0,v1675425073,17.3.1,2320,,,,0
Apr-24,"Guelph, Census metropolitan area (CMA)",2021S0503550,Apartment - 2 bedrooms,Average asking rent,Dollars,81,units,0,v1675425073,17.3.1,2290,,,,0
Jul-24,"Guelph, Census metropolitan area (CMA)",2021S0503550,Apartment - 2 bedrooms,Average asking rent,Dollars,81,units,0,v1675425073,17.3.1,2250,,,,0
Oct-24,"Guelph, Census metropolitan area (CMA)",2021S0503550,Apartment - 2 bedrooms,Average asking rent,Dollars,81,units,0,v1675425073,17.3.1,2270,,,,0
Jan-25,"Guelph, Census metropolitan area (CMA)",2021S0503550,Apartment - 2 bedrooms,Average asking rent,Dollars,81,units,0,v1675425073,17.3.1,2270,,,,0
Jan-20,"Guelph, Census metropolitan area (CMA)",2021S0503550,Room,Average asking rent,Dollars,81,units,0,v1675425075,17.5.1,590,,,,0
Apr-20,"Guelph, Census metropolitan area (CMA)",2021S0503550,Room,Average asking rent,Dollars,81,units,0,v1675425075,17.5.1,580,,,,0
Jul-20,"Guelph, Census metropolitan area (CMA)",2021S0503550,Room,Average asking rent,Dollars,81,units,0,v1675425075,17.5.1,590,,,,0
Oct-20,"Guelph, Census metropolitan area (CMA)",2021S0503550,Room,Average asking rent,Dollars,81,units,0,v1675425075,17.5.1,590,,,,0
Jan-21,"Guelph, Census metropolitan area (CMA)",2021S0503550,Room,Average asking rent,Dollars,81,units,0,v1675425075,17.5.1,600,,,,0
Apr-21,"Guelph, Census metropolitan area (CMA)",2021S0503550,Room,Average asking rent,Dollars,81,units,0,v1675425075,17.5.1,600,,,,0
Jul-21,"Guelph, Census metropolitan area (CMA)",2021S0503550,Room,Average asking rent,Dollars,81,units,0,v1675425075,17.5.1,660,,,,0
Oct-21,"Guelph, Census metropolitan area (CMA)",2021S0503550,Room,Average asking rent,Dollars,81,units,0,v1675425075,17.5.1,670,,,,0
Jan-22,"Guelph, Census metropolitan area (CMA)",2021S0503550,Room,Average asking rent,Dollars,81,units,0,v1675425075,17.5.1,680,,,,0
Apr-22,"Guelph, Census metropolitan area (CMA)",2021S0503550,Room,Average asking rent,Dollars,81,units,0,v1675425075,17.5.1,700,,,,0
Jul-22,"Guelph, Census metropolitan area (CMA)",2021S0503550,Room,Average asking rent,Dollars,81,units,0,v1675425075,17.5.1,750,,,,0
Oct-22,"Guelph, Census metropolitan area (CMA)",2021S0503550,Room,Average asking rent,Dollars,81,units,0,v1675425075,17.5.1,780,,,,0
Jan-23,"Guelph, Census metropolitan area (CMA)",2021S0503550,Room,Average asking rent,Dollars,81,units,0,v1675425075,17.5.1,770,,,,0
Apr-23,"Guelph, Census metropolitan area (CMA)",2021S0503550,Room,Average asking rent,Dollars,81,units,0,v1675425075,17.5.1,770,,,,0
Jul-23,"Guelph, Census metropolitan area (CMA)",2021S0503550,Room,Average asking rent,Dollars,81,units,0,v1675425075,17.5.1,840,,,,0
Oct-23,"Guelph, Census metropolitan area (CMA)",2021S0503550,Room,Average asking rent,Dollars,81,units,0,v1675425075,17.5.1,800,,,,0
Jan-24,"Guelph, Census metropolitan area (CMA)",2021S0503550,Room,Average asking rent,Dollars,81,units,0,v1675425075,17.5.1,800,,,,0
Apr-24,"Guelph, Census metropolitan area (CMA)",2021S0503550,Room,Average asking rent,Dollars,81,units,0,v1675425075,17.5.1,790,,,,0
Jul-24,"Guelph, Census metropolitan area (CMA)",2021S0503550,Room,Average asking rent,Dollars,81,units,0,v1675425075,17.5.1,870,,,,0
Oct-24,"Guelph, Census metropolitan area (CMA)",2021S0503550,Room,Average asking rent,Dollars,81,units,0,v1675425075,17.5.1,830,,,,0
Jan-25,"Guelph, Census metropolitan area (CMA)",2021S0503550,Room,Average asking rent,Dollars,81,units,0,v1675425075,17.5.1,820,,,,0
Jan-20,"Hamilton, Census metropolitan area (CMA)",2021S0503537,Apartment - 1 bedroom,Average asking rent,Dollars,81,units,0,v1675425052,18.2.1,1440,,,,0
Apr-20,"Hamilton, Census metropolitan area (CMA)",2021S0503537,Apartment - 1 bedroom,Average asking rent,Dollars,81,units,0,v1675425052,18.2.1,1470,,,,0
Jul-20,"Hamilton, Census metropolitan area (CMA)",2021S0503537,Apartment - 1 bedroom,Average asking rent,Dollars,81,units,0,v1675425052,18.2.1,1490,,,,0
Oct-20,"Hamilton, Census metropolitan area (CMA)",2021S0503537,Apartment - 1 bedroom,Average asking rent,Dollars,81,units,0,v1675425052,18.2.1,1480,,,,0
Jan-21,"Hamilton, Census metropolitan area (CMA)",2021S0503537,Apartment - 1 bedroom,Average asking rent,Dollars,81,units,0,v1675425052,18.2.1,1490,,,,0
Apr-21,"Hamilton, Census metropolitan area (CMA)",2021S0503537,Apartment - 1 bedroom,Average asking rent,Dollars,81,units,0,v1675425052,18.2.1,1490,,,,0
Jul-21,"Hamilton, Census metropolitan area (CMA)",2021S0503537,Apartment - 1 bedroom,Average asking rent,Dollars,81,units,0,v1675425052,18.2.1,1510,,,,0
Oct-21,"Hamilton, Census metropolitan area (CMA)",2021S0503537,Apartment - 1 bedroom,Average asking rent,Dollars,81,units,0,v1675425052,18.2.1,1550,,,,0
Jan-22,"Hamilton, Census metropolitan area (CMA)",2021S0503537,Apartment - 1 bedroom,Average asking rent,Dollars,81,units,0,v1675425052,18.2.1,1570,,,,0
Apr-22,"Hamilton, Census metropolitan area (CMA)",2021S0503537,Apartment - 1 bedroom,Average asking rent,Dollars,81,units,0,v1675425052,18.2.1,1650,,,,0
Jul-22,"Hamilton, Census metropolitan area (CMA)",2021S0503537,Apartment - 1 bedroom,Average asking rent,Dollars,81,units,0,v1675425052,18.2.1,1700,,,,0
Oct-22,"Hamilton, Census metropolitan area (CMA)",2021S0503537,Apartment - 1 bedroom,Average asking rent,Dollars,81,units,0,v1675425052,18.2.1,1750,,,,0
Jan-23,"Hamilton, Census metropolitan area (CMA)",2021S0503537,Apartment - 1 bedroom,Average asking rent,Dollars,81,units,0,v1675425052,18.2.1,1770,,,,0
Apr-23,"Hamilton, Census metropolitan area (CMA)",2021S0503537,Apartment - 1 bedroom,Average asking rent,Dollars,81,units,0,v1675425052,18.2.1,1790,,,,0
Jul-23,"Hamilton, Census metropolitan area (CMA)",2021S0503537,Apartment - 1 bedroom,Average asking rent,Dollars,81,units,0,v1675425052,18.2.1,1790,,,,0
Oct-23,"Hamilton, Census metropolitan area (CMA)",2021S0503537,Apartment - 1 bedroom,Average asking rent,Dollars,81,units,0,v1675425052,18.2.1,1840,,,,0
Jan-24,"Hamilton, Census metropolitan area (CMA)",2021S0503537,Apartment - 1 bedroom,Average asking rent,Dollars,81,units,0,v1675425052,18.2.1,1820,,,,0
Apr-24,"Hamilton, Census metropolitan area (CMA)",2021S0503537,Apartment - 1 bedroom,Average asking rent,Dollars,81,units,0,v1675425052,18.2.1,1820,,,,0
Jul-24,"Hamilton, Census metropolitan area (CMA)",2021S0503537,Apartment - 1 bedroom,Average asking rent,Dollars,81,units,0,v1675425052,18.2.1,1850,,,,0
Oct-24,"Hamilton, Census metropolitan area (CMA)",2021S0503537,Apartment - 1 bedroom,Average asking rent,Dollars,81,units,0,v1675425052,18.2.1,1790,,,,0
Jan-25,"Hamilton, Census metropolitan area (CMA)",2021S0503537,Apartment - 1 bedroom,Average asking rent,Dollars,81,units,0,v1675425052,18.2.1,1800,,,,0
Jan-20,"Hamilton, Census metropolitan area (CMA)",2021S0503537,Apartment - 2 bedrooms,Average asking rent,Dollars,81,units,0,v1675425053,18.3.1,1730,,,,0
Apr-20,"Hamilton, Census metropolitan area (CMA)",2021S0503537,Apartment - 2 bedrooms,Average asking rent,Dollars,81,units,0,v1675425053,18.3.1,1730,,,,0
Jul-20,"Hamilton, Census metropolitan area (CMA)",2021S0503537,Apartment - 2 bedrooms,Average asking rent,Dollars,81,units,0,v1675425053,18.3.1,1740,,,,0
Oct-20,"Hamilton, Census metropolitan area (CMA)",2021S0503537,Apartment - 2 bedrooms,Average asking rent,Dollars,81,units,0,v1675425053,18.3.1,1750,,,,0
Jan-21,"Hamilton, Census metropolitan area (CMA)",2021S0503537,Apartment - 2 bedrooms,Average asking rent,Dollars,81,units,0,v1675425053,18.3.1,1750,,,,0
Apr-21,"Hamilton, Census metropolitan area (CMA)",2021S0503537,Apartment - 2 bedrooms,Average asking rent,Dollars,81,units,0,v1675425053,18.3.1,1780,,,,0
Jul-21,"Hamilton, Census metropolitan area (CMA)",2021S0503537,Apartment - 2 bedrooms,Average asking rent,Dollars,81,units,0,v1675425053,18.3.1,1820,,,,0
Oct-21,"Hamilton, Census metropolitan area (CMA)",2021S0503537,Apartment - 2 bedrooms,Average asking rent,Dollars,81,units,0,v1675425053,18.3.1,1860,,,,0
Jan-22,"Hamilton, Census metropolitan area (CMA)",2021S0503537,Apartment - 2 bedrooms,Average asking rent,Dollars,81,units,0,v1675425053,18.3.1,1940,,,,0
Apr-22,"Hamilton, Census metropolitan area (CMA)",2021S0503537,Apartment - 2 bedrooms,Average asking rent,Dollars,81,units,0,v1675425053,18.3.1,1990,,,,0
Jul-22,"Hamilton, Census metropolitan area (CMA)",2021S0503537,Apartment - 2 bedrooms,Average asking rent,Dollars,81,units,0,v1675425053,18.3.1,2070,,,,0
Oct-22,"Hamilton, Census metropolitan area (CMA)",2021S0503537,Apartment - 2 bedrooms,Average asking rent,Dollars,81,units,0,v1675425053,18.3.1,2100,,,,0
Jan-23,"Hamilton, Census metropolitan area (CMA)",2021S0503537,Apartment - 2 bedrooms,Average asking rent,Dollars,81,units,0,v1675425053,18.3.1,2110,,,,0
Apr-23,"Hamilton, Census metropolitan area (CMA)",2021S0503537,Apartment - 2 bedrooms,Average asking rent,Dollars,81,units,0,v1675425053,18.3.1,2150,,,,0
Jul-23,"Hamilton, Census metropolitan area (CMA)",2021S0503537,Apartment - 2 bedrooms,Average asking rent,Dollars,81,units,0,v1675425053,18.3.1,2170,,,,0
Oct-23,"Hamilton, Census metropolitan area (CMA)",2021S0503537,Apartment - 2 bedrooms,Average asking rent,Dollars,81,units,0,v1675425053,18.3.1,2250,,,,0
Jan-24,"Hamilton, Census metropolitan area (CMA)",2021S0503537,Apartment - 2 bedrooms,Average asking rent,Dollars,81,units,0,v1675425053,18.3.1,2220,,,,0
Apr-24,"Hamilton, Census metropolitan area (CMA)",2021S0503537,Apartment - 2 bedrooms,Average asking rent,Dollars,81,units,0,v1675425053,18.3.1,2250,,,,0
Jul-24,"Hamilton, Census metropolitan area (CMA)",2021S0503537,Apartment - 2 bedrooms,Average asking rent,Dollars,81,units,0,v1675425053,18.3.1,2300,,,,0
Oct-24,"Hamilton, Census metropolitan area (CMA)",2021S0503537,Apartment - 2 bedrooms,Average asking rent,Dollars,81,units,0,v1675425053,18.3.1,2240,,,,0
Jan-25,"Hamilton, Census metropolitan area (CMA)",2021S0503537,Apartment - 2 bedrooms,Average asking rent,Dollars,81,units,0,v1675425053,18.3.1,2180,,,,0
Jan-20,"Hamilton, Census metropolitan area (CMA)",2021S0503537,Room,Average asking rent,Dollars,81,units,0,v1675425055,18.5.1,590,,,,0
Apr-20,"Hamilton, Census metropolitan area (CMA)",2021S0503537,Room,Average asking rent,Dollars,81,units,0,v1675425055,18.5.1,570,,,,0
Jul-20,"Hamilton, Census metropolitan area (CMA)",2021S0503537,Room,Average asking rent,Dollars,81,units,0,v1675425055,18.5.1,590,,,,0
Oct-20,"Hamilton, Census metropolitan area (CMA)",2021S0503537,Room,Average asking rent,Dollars,81,units,0,v1675425055,18.5.1,590,,,,0
Jan-21,"Hamilton, Census metropolitan area (CMA)",2021S0503537,Room,Average asking rent,Dollars,81,units,0,v1675425055,18.5.1,590,,,,0
Apr-21,"Hamilton, Census metropolitan area (CMA)",2021S0503537,Room,Average asking rent,Dollars,81,units,0,v1675425055,18.5.1,610,,,,0
Jul-21,"Hamilton, Census metropolitan area (CMA)",2021S0503537,Room,Average asking rent,Dollars,81,units,0,v1675425055,18.5.1,640,,,,0
Oct-21,"Hamilton, Census metropolitan area (CMA)",2021S0503537,Room,Average asking rent,Dollars,81,units,0,v1675425055,18.5.1,680,,,,0
Jan-22,"Hamilton, Census metropolitan area (CMA)",2021S0503537,Room,Average asking rent,Dollars,81,units,0,v1675425055,18.5.1,670,,,,0
Apr-22,"Hamilton, Census metropolitan area (CMA)",2021S0503537,Room,Average asking rent,Dollars,81,units,0,v1675425055,18.5.1,680,,,,0
Jul-22,"Hamilton, Census metropolitan area (CMA)",2021S0503537,Room,Average asking rent,Dollars,81,units,0,v1675425055,18.5.1,750,,,,0
Oct-22,"Hamilton, Census metropolitan area (CMA)",2021S0503537,Room,Average asking rent,Dollars,81,units,0,v1675425055,18.5.1,780,,,,0
Jan-23,"Hamilton, Census metropolitan area (CMA)",2021S0503537,Room,Average asking rent,Dollars,81,units,0,v1675425055,18.5.1,780,,,,0
Apr-23,"Hamilton, Census metropolitan area (CMA)",2021S0503537,Room,Average asking rent,Dollars,81,units,0,v1675425055,18.5.1,750,,,,0
Jul-23,"Hamilton, Census metropolitan area (CMA)",2021S0503537,Room,Average asking rent,Dollars,81,units,0,v1675425055,18.5.1,810,,,,0
Oct-23,"Hamilton, Census metropolitan area (CMA)",2021S0503537,Room,Average asking rent,Dollars,81,units,0,v1675425055,18.5.1,800,,,,0
Jan-24,"Hamilton, Census metropolitan area (CMA)",2021S0503537,Room,Average asking rent,Dollars,81,units,0,v1675425055,18.5.1,790,,,,0
Apr-24,"Hamilton, Census metropolitan area (CMA)",2021S0503537,Room,Average asking rent,Dollars,81,units,0,v1675425055,18.5.1,760,,,,0
Jul-24,"Hamilton, Census metropolitan area (CMA)",2021S0503537,Room,Average asking rent,Dollars,81,units,0,v1675425055,18.5.1,810,,,,0
Oct-24,"Hamilton, Census metropolitan area (CMA)",2021S0503537,Room,Average asking rent,Dollars,81,units,0,v1675425055,18.5.1,800,,,,0
Jan-25,"Hamilton, Census metropolitan area (CMA)",2021S0503537,Room,Average asking rent,Dollars,81,units,0,v1675425055,18.5.1,780,,,,0
Jan-20,"Kingston, Census metropolitan area (CMA)",2021S0503521,Apartment - 1 bedroom,Average asking rent,Dollars,81,units,0,v1675425027,19.2.1,1280,,,,0
Apr-20,"Kingston, Census metropolitan area (CMA)",2021S0503521,Apartment - 1 bedroom,Average asking rent,Dollars,81,units,0,v1675425027,19.2.1,1280,,,,0
Jul-20,"Kingston, Census metropolitan area (CMA)",2021S0503521,Apartment - 1 bedroom,Average asking rent,Dollars,81,units,0,v1675425027,19.2.1,1280,,,,0
Oct-20,"Kingston, Census metropolitan area (CMA)",2021S0503521,Apartment - 1 bedroom,Average asking rent,Dollars,81,units,0,v1675425027,19.2.1,1280,,,,0
Jan-21,"Kingston, Census metropolitan area (CMA)",2021S0503521,Apartment - 1 bedroom,Average asking rent,Dollars,81,units,0,v1675425027,19.2.1,1310,,,,0
Apr-21,"Kingston, Census metropolitan area (CMA)",2021S0503521,Apartment - 1 bedroom,Average asking rent,Dollars,81,units,0,v1675425027,19.2.1,1360,,,,0
Jul-21,"Kingston, Census metropolitan area (CMA)",2021S0503521,Apartment - 1 bedroom,Average asking rent,Dollars,81,units,0,v1675425027,19.2.1,1370,,,,0
Oct-21,"Kingston, Census metropolitan area (CMA)",2021S0503521,Apartment - 1 bedroom,Average asking rent,Dollars,81,units,0,v1675425027,19.2.1,1420,,,,0
Jan-22,"Kingston, Census metropolitan area (CMA)",2021S0503521,Apartment - 1 bedroom,Average asking rent,Dollars,81,units,0,v1675425027,19.2.1,1460,,,,0
Apr-22,"Kingston, Census metropolitan area (CMA)",2021S0503521,Apartment - 1 bedroom,Average asking rent,Dollars,81,units,0,v1675425027,19.2.1,1520,,,,0
Jul-22,"Kingston, Census metropolitan area (CMA)",2021S0503521,Apartment - 1 bedroom,Average asking rent,Dollars,81,units,0,v1675425027,19.2.1,1570,,,,0
Oct-22,"Kingston, Census metropolitan area (CMA)",2021S0503521,Apartment - 1 bedroom,Average asking rent,Dollars,81,units,0,v1675425027,19.2.1,1620,,,,0
Jan-23,"Kingston, Census metropolitan area (CMA)",2021S0503521,Apartment - 1 bedroom,Average asking rent,Dollars,81,units,0,v1675425027,19.2.1,1630,,,,0
Apr-23,"Kingston, Census metropolitan area (CMA)",2021S0503521,Apartment - 1 bedroom,Average asking rent,Dollars,81,units,0,v1675425027,19.2.1,1630,,,,0
Jul-23,"Kingston, Census metropolitan area (CMA)",2021S0503521,Apartment - 1 bedroom,Average asking rent,Dollars,81,units,0,v1675425027,19.2.1,1690,,,,0
Oct-23,"Kingston, Census metropolitan area (CMA)",2021S0503521,Apartment - 1 bedroom,Average asking rent,Dollars,81,units,0,v1675425027,19.2.1,1710,,,,0
Jan-24,"Kingston, Census metropolitan area (CMA)",2021S0503521,Apartment - 1 bedroom,Average asking rent,Dollars,81,units,0,v1675425027,19.2.1,1700,,,,0
Apr-24,"Kingston, Census metropolitan area (CMA)",2021S0503521,Apartment - 1 bedroom,Average asking rent,Dollars,81,units,0,v1675425027,19.2.1,1780,,,,0
Jul-24,"Kingston, Census metropolitan area (CMA)",2021S0503521,Apartment - 1 bedroom,Average asking rent,Dollars,81,units,0,v1675425027,19.2.1,1780,,,,0
Oct-24,"Kingston, Census metropolitan area (CMA)",2021S0503521,Apartment - 1 bedroom,Average asking rent,Dollars,81,units,0,v1675425027,19.2.1,1730,,,,0
Jan-25,"Kingston, Census metropolitan area (CMA)",2021S0503521,Apartment - 1 bedroom,Average asking rent,Dollars,81,units,0,v1675425027,19.2.1,1710,,,,0
Jan-20,"Kingston, Census metropolitan area (CMA)",2021S0503521,Apartment - 2 bedrooms,Average asking rent,Dollars,81,units,0,v1675425028,19.3.1,1520,,,,0
Apr-20,"Kingston, Census metropolitan area (CMA)",2021S0503521,Apartment - 2 bedrooms,Average asking rent,Dollars,81,units,0,v1675425028,19.3.1,1510,,,,0
Jul-20,"Kingston, Census metropolitan area (CMA)",2021S0503521,Apartment - 2 bedrooms,Average asking rent,Dollars,81,units,0,v1675425028,19.3.1,1530,,,,0
Oct-20,"Kingston, Census metropolitan area (CMA)",2021S0503521,Apartment - 2 bedrooms,Average asking rent,Dollars,81,units,0,v1675425028,19.3.1,1550,,,,0
Jan-21,"Kingston, Census metropolitan area (CMA)",2021S0503521,Apartment - 2 bedrooms,Average asking rent,Dollars,81,units,0,v1675425028,19.3.1,1590,,,,0
Apr-21,"Kingston, Census metropolitan area (CMA)",2021S0503521,Apartment - 2 bedrooms,Average asking rent,Dollars,81,units,0,v1675425028,19.3.1,1630,,,,0
Jul-21,"Kingston, Census metropolitan area (CMA)",2021S0503521,Apartment - 2 bedrooms,Average asking rent,Dollars,81,units,0,v1675425028,19.3.1,1680,,,,0
Oct-21,"Kingston, Census metropolitan area (CMA)",2021S0503521,Apartment - 2 bedrooms,Average asking rent,Dollars,81,units,0,v1675425028,19.3.1,1720,,,,0
Jan-22,"Kingston, Census metropolitan area (CMA)",2021S0503521,Apartment - 2 bedrooms,Average asking rent,Dollars,81,units,0,v1675425028,19.3.1,1740,,,,0
Apr-22,"Kingston, Census metropolitan area (CMA)",2021S0503521,Apartment - 2 bedrooms,Average asking rent,Dollars,81,units,0,v1675425028,19.3.1,1730,,,,0
Jul-22,"Kingston, Census metropolitan area (CMA)",2021S0503521,Apartment - 2 bedrooms,Average asking rent,Dollars,81,units,0,v1675425028,19.3.1,1930,,,,0
Oct-22,"Kingston, Census metropolitan area (CMA)",2021S0503521,Apartment - 2 bedrooms,Average asking rent,Dollars,81,units,0,v1675425028,19.3.1,1920,,,,0
Jan-23,"Kingston, Census metropolitan area (CMA)",2021S0503521,Apartment - 2 bedrooms,Average asking rent,Dollars,81,units,0,v1675425028,19.3.1,1990,,,,0
Apr-23,"Kingston, Census metropolitan area (CMA)",2021S0503521,Apartment - 2 bedrooms,Average asking rent,Dollars,81,units,0,v1675425028,19.3.1,1970,,,,0
Jul-23,"Kingston, Census metropolitan area (CMA)",2021S0503521,Apartment - 2 bedrooms,Average asking rent,Dollars,81,units,0,v1675425028,19.3.1,2010,,,,0
Oct-23,"Kingston, Census metropolitan area (CMA)",2021S0503521,Apartment - 2 bedrooms,Average asking rent,Dollars,81,units,0,v1675425028,19.3.1,2040,,,,0
Jan-24,"Kingston, Census metropolitan area (CMA)",2021S0503521,Apartment - 2 bedrooms,Average asking rent,Dollars,81,units,0,v1675425028,19.3.1,2000,,,,0
Apr-24,"Kingston, Census metropolitan area (CMA)",2021S0503521,Apartment - 2 bedrooms,Average asking rent,Dollars,81,units,0,v1675425028,19.3.1,2060,,,,0
Jul-24,"Kingston, Census metropolitan area (CMA)",2021S0503521,Apartment - 2 bedrooms,Average asking rent,Dollars,81,units,0,v1675425028,19.3.1,2050,,,,0
Oct-24,"Kingston, Census metropolitan area (CMA)",2021S0503521,Apartment - 2 bedrooms,Average asking rent,Dollars,81,units,0,v1675425028,19.3.1,2020,,,,0
Jan-25,"Kingston, Census metropolitan area (CMA)",2021S0503521,Apartment - 2 bedrooms,Average asking rent,Dollars,81,units,0,v1675425028,19.3.1,2040,,,,0
Jan-20,"Kingston, Census metropolitan area (CMA)",2021S0503521,Room,Average asking rent,Dollars,81,units,0,v1675425030,19.5.1,610,,,,0
Apr-20,"Kingston, Census metropolitan area (CMA)",2021S0503521,Room,Average asking rent,Dollars,81,units,0,v1675425030,19.5.1,600,,,,0
Jul-20,"Kingston, Census metropolitan area (CMA)",2021S0503521,Room,Average asking rent,Dollars,81,units,0,v1675425030,19.5.1,610,,,,0
Oct-20,"Kingston, Census metropolitan area (CMA)",2021S0503521,Room,Average asking rent,Dollars,81,units,0,v1675425030,19.5.1,620,,,,0
Jan-21,"Kingston, Census metropolitan area (CMA)",2021S0503521,Room,Average asking rent,Dollars,81,units,0,v1675425030,19.5.1,610,,,,0
Apr-21,"Kingston, Census metropolitan area (CMA)",2021S0503521,Room,Average asking rent,Dollars,81,units,0,v1675425030,19.5.1,630,,,,0
Jul-21,"Kingston, Census metropolitan area (CMA)",2021S0503521,Room,Average asking rent,Dollars,81,units,0,v1675425030,19.5.1,680,,,,0
Oct-21,"Kingston, Census metropolitan area (CMA)",2021S0503521,Room,Average asking rent,Dollars,81,units,0,v1675425030,19.5.1,700,,,,0
Jan-22,"Kingston, Census metropolitan area (CMA)",2021S0503521,Room,Average asking rent,Dollars,81,units,0,v1675425030,19.5.1,700,,,,0
Apr-22,"Kingston, Census metropolitan area (CMA)",2021S0503521,Room,Average asking rent,Dollars,81,units,0,v1675425030,19.5.1,690,,,,0
Jul-22,"Kingston, Census metropolitan area (CMA)",2021S0503521,Room,Average asking rent,Dollars,81,units,0,v1675425030,19.5.1,750,,,,0
Oct-22,"Kingston, Census metropolitan area (CMA)",2021S0503521,Room,Average asking rent,Dollars,81,units,0,v1675425030,19.5.1,750,,,,0
Jan-23,"Kingston, Census metropolitan area (CMA)",2021S0503521,Room,Average asking rent,Dollars,81,units,0,v1675425030,19.5.1,760,,,,0
Apr-23,"Kingston, Census metropolitan area (CMA)",2021S0503521,Room,Average asking rent,Dollars,81,units,0,v1675425030,19.5.1,770,,,,0
Jul-23,"Kingston, Census metropolitan area (CMA)",2021S0503521,Room,Average asking rent,Dollars,81,units,0,v1675425030,19.5.1,810,,,,0
Oct-23,"Kingston, Census metropolitan area (CMA)",2021S0503521,Room,Average asking rent,Dollars,81,units,0,v1675425030,19.5.1,780,,,,0
Jan-24,"Kingston, Census metropolitan area (CMA)",2021S0503521,Room,Average asking rent,Dollars,81,units,0,v1675425030,19.5.1,800,,,,0
Apr-24,"Kingston, Census metropolitan area (CMA)",2021S0503521,Room,Average asking rent,Dollars,81,units,0,v1675425030,19.5.1,790,,,,0
Jul-24,"Kingston, Census metropolitan area (CMA)",2021S0503521,Room,Average asking rent,Dollars,81,units,0,v1675425030,19.5.1,830,,,,0
Oct-24,"Kingston, Census metropolitan area (CMA)",2021S0503521,Room,Average asking rent,Dollars,81,units,0,v1675425030,19.5.1,810,,,,0
Jan-25,"Kingston, Census metropolitan area (CMA)",2021S0503521,Room,Average asking rent,Dollars,81,units,0,v1675425030,19.5.1,810,,,,0
Jan-20,"Kitchener - Cambridge - Waterloo, Census metropolitan area (CMA)",2021S0503541,Apartment - 1 bedroom,Average asking rent,Dollars,81,units,0,v1675425062,20.2.1,1370,,,,0
Apr-20,"Kitchener - Cambridge - Waterloo, Census metropolitan area (CMA)",2021S0503541,Apartment - 1 bedroom,Average asking rent,Dollars,81,units,0,v1675425062,20.2.1,1410,,,,0
Jul-20,"Kitchener - Cambridge - Waterloo, Census metropolitan area (CMA)",2021S0503541,Apartment - 1 bedroom,Average asking rent,Dollars,81,units,0,v1675425062,20.2.1,1420,,,,0
Oct-20,"Kitchener - Cambridge - Waterloo, Census metropolitan area (CMA)",2021S0503541,Apartment - 1 bedroom,Average asking rent,Dollars,81,units,0,v1675425062,20.2.1,1430,,,,0
Jan-21,"Kitchener - Cambridge - Waterloo, Census metropolitan area (CMA)",2021S0503541,Apartment - 1 bedroom,Average asking rent,Dollars,81,units,0,v1675425062,20.2.1,1440,,,,0
Apr-21,"Kitchener - Cambridge - Waterloo, Census metropolitan area (CMA)",2021S0503541,Apartment - 1 bedroom,Average asking rent,Dollars,81,units,0,v1675425062,20.2.1,1510,,,,0
Jul-21,"Kitchener - Cambridge - Waterloo, Census metropolitan area (CMA)",2021S0503541,Apartment - 1 bedroom,Average asking rent,Dollars,81,units,0,v1675425062,20.2.1,1520,,,,0
Oct-21,"Kitchener - Cambridge - Waterloo, Census metropolitan area (CMA)",2021S0503541,Apartment - 1 bedroom,Average asking rent,Dollars,81,units,0,v1675425062,20.2.1,1560,,,,0
Jan-22,"Kitchener - Cambridge - Waterloo, Census metropolitan area (CMA)",2021S0503541,Apartment - 1 bedroom,Average asking rent,Dollars,81,units,0,v1675425062,20.2.1,1590,,,,0
Apr-22,"Kitchener - Cambridge - Waterloo, Census metropolitan area (CMA)",2021S0503541,Apartment - 1 bedroom,Average asking rent,Dollars,81,units,0,v1675425062,20.2.1,1630,,,,0
Jul-22,"Kitchener - Cambridge - Waterloo, Census metropolitan area (CMA)",2021S0503541,Apartment - 1 bedroom,Average asking rent,Dollars,81,units,0,v1675425062,20.2.1,1740,,,,0
Oct-22,"Kitchener - Cambridge - Waterloo, Census metropolitan area (CMA)",2021S0503541,Apartment - 1 bedroom,Average asking rent,Dollars,81,units,0,v1675425062,20.2.1,1870,E,,,0
Jan-23,"Kitchener - Cambridge - Waterloo, Census metropolitan area (CMA)",2021S0503541,Apartment - 1 bedroom,Average asking rent,Dollars,81,units,0,v1675425062,20.2.1,1860,,,,0
Apr-23,"Kitchener - Cambridge - Waterloo, Census metropolitan area (CMA)",2021S0503541,Apartment - 1 bedroom,Average asking rent,Dollars,81,units,0,v1675425062,20.2.1,1820,,,,0
Jul-23,"Kitchener - Cambridge - Waterloo, Census metropolitan area (CMA)",2021S0503541,Apartment - 1 bedroom,Average asking rent,Dollars,81,units,0,v1675425062,20.2.1,1880,,,,0
Oct-23,"Kitchener - Cambridge - Waterloo, Census metropolitan area (CMA)",2021S0503541,Apartment - 1 bedroom,Average asking rent,Dollars,81,units,0,v1675425062,20.2.1,1910,,,,0
Jan-24,"Kitchener - Cambridge - Waterloo, Census metropolitan area (CMA)",2021S0503541,Apartment - 1 bedroom,Average asking rent,Dollars,81,units,0,v1675425062,20.2.1,1890,,,,0
Apr-24,"Kitchener - Cambridge - Waterloo, Census metropolitan area (CMA)",2021S0503541,Apartment - 1 bedroom,Average asking rent,Dollars,81,units,0,v1675425062,20.2.1,1880,,,,0
Jul-24,"Kitchener - Cambridge - Waterloo, Census metropolitan area (CMA)",2021S0503541,Apartment - 1 bedroom,Average asking rent,Dollars,81,units,0,v1675425062,20.2.1,1880,,,,0
Oct-24,"Kitchener - Cambridge - Waterloo, Census metropolitan area (CMA)",2021S0503541,Apartment - 1 bedroom,Average asking rent,Dollars,81,units,0,v1675425062,20.2.1,1850,,,,0
Jan-25,"Kitchener - Cambridge - Waterloo, Census metropolitan area (CMA)",2021S0503541,Apartment - 1 bedroom,Average asking rent,Dollars,81,units,0,v1675425062,20.2.1,1810,,,,0
Jan-20,"Kitchener - Cambridge - Waterloo, Census metropolitan area (CMA)",2021S0503541,Apartment - 2 bedrooms,Average asking rent,Dollars,81,units,0,v1675425063,20.3.1,1610,,,,0
Apr-20,"Kitchener - Cambridge - Waterloo, Census metropolitan area (CMA)",2021S0503541,Apartment - 2 bedrooms,Average asking rent,Dollars,81,units,0,v1675425063,20.3.1,1640,,,,0
Jul-20,"Kitchener - Cambridge - Waterloo, Census metropolitan area (CMA)",2021S0503541,Apartment - 2 bedrooms,Average asking rent,Dollars,81,units,0,v1675425063,20.3.1,1670,,,,0
Oct-20,"Kitchener - Cambridge - Waterloo, Census metropolitan area (CMA)",2021S0503541,Apartment - 2 bedrooms,Average asking rent,Dollars,81,units,0,v1675425063,20.3.1,1660,,,,0
Jan-21,"Kitchener - Cambridge - Waterloo, Census metropolitan area (CMA)",2021S0503541,Apartment - 2 bedrooms,Average asking rent,Dollars,81,units,0,v1675425063,20.3.1,1670,,,,0
Apr-21,"Kitchener - Cambridge - Waterloo, Census metropolitan area (CMA)",2021S0503541,Apartment - 2 bedrooms,Average asking rent,Dollars,81,units,0,v1675425063,20.3.1,1720,,,,0
Jul-21,"Kitchener - Cambridge - Waterloo, Census metropolitan area (CMA)",2021S0503541,Apartment - 2 bedrooms,Average asking rent,Dollars,81,units,0,v1675425063,20.3.1,1760,,,,0
Oct-21,"Kitchener - Cambridge - Waterloo, Census metropolitan area (CMA)",2021S0503541,Apartment - 2 bedrooms,Average asking rent,Dollars,81,units,0,v1675425063,20.3.1,1790,,,,0
Jan-22,"Kitchener - Cambridge - Waterloo, Census metropolitan area (CMA)",2021S0503541,Apartment - 2 bedrooms,Average asking rent,Dollars,81,units,0,v1675425063,20.3.1,1870,,,,0
Apr-22,"Kitchener - Cambridge - Waterloo, Census metropolitan area (CMA)",2021S0503541,Apartment - 2 bedrooms,Average asking rent,Dollars,81,units,0,v1675425063,20.3.1,2000,,,,0
Jul-22,"Kitchener - Cambridge - Waterloo, Census metropolitan area (CMA)",2021S0503541,Apartment - 2 bedrooms,Average asking rent,Dollars,81,units,0,v1675425063,20.3.1,2100,,,,0
Oct-22,"Kitchener - Cambridge - Waterloo, Census metropolitan area (CMA)",2021S0503541,Apartment - 2 bedrooms,Average asking rent,Dollars,81,units,0,v1675425063,20.3.1,2160,,,,0
Jan-23,"Kitchener - Cambridge - Waterloo, Census metropolitan area (CMA)",2021S0503541,Apartment - 2 bedrooms,Average asking rent,Dollars,81,units,0,v1675425063,20.3.1,2210,,,,0
Apr-23,"Kitchener - Cambridge - Waterloo, Census metropolitan area (CMA)",2021S0503541,Apartment - 2 bedrooms,Average asking rent,Dollars,81,units,0,v1675425063,20.3.1,2240,,,,0
Jul-23,"Kitchener - Cambridge - Waterloo, Census metropolitan area (CMA)",2021S0503541,Apartment - 2 bedrooms,Average asking rent,Dollars,81,units,0,v1675425063,20.3.1,2250,,,,0
Oct-23,"Kitchener - Cambridge - Waterloo, Census metropolitan area (CMA)",2021S0503541,Apartment - 2 bedrooms,Average asking rent,Dollars,81,units,0,v1675425063,20.3.1,2300,,,,0
Jan-24,"Kitchener - Cambridge - Waterloo, Census metropolitan area (CMA)",2021S0503541,Apartment - 2 bedrooms,Average asking rent,Dollars,81,units,0,v1675425063,20.3.1,2280,,,,0
Apr-24,"Kitchener - Cambridge - Waterloo, Census metropolitan area (CMA)",2021S0503541,Apartment - 2 bedrooms,Average asking rent,Dollars,81,units,0,v1675425063,20.3.1,2250,,,,0
Jul-24,"Kitchener - Cambridge - Waterloo, Census metropolitan area (CMA)",2021S0503541,Apartment - 2 bedrooms,Average asking rent,Dollars,81,units,0,v1675425063,20.3.1,2230,,,,0
Oct-24,"Kitchener - Cambridge - Waterloo, Census metropolitan area (CMA)",2021S0503541,Apartment - 2 bedrooms,Average asking rent,Dollars,81,units,0,v1675425063,20.3.1,2190,,,,0
Jan-25,"Kitchener - Cambridge - Waterloo, Census metropolitan area (CMA)",2021S0503541,Apartment - 2 bedrooms,Average asking rent,Dollars,81,units,0,v1675425063,20.3.1,2150,,,,0
Jan-20,"Kitchener - Cambridge - Waterloo, Census metropolitan area (CMA)",2021S0503541,Room,Average asking rent,Dollars,81,units,0,v1675425065,20.5.1,570,,,,0
Apr-20,"Kitchener - Cambridge - Waterloo, Census metropolitan area (CMA)",2021S0503541,Room,Average asking rent,Dollars,81,units,0,v1675425065,20.5.1,550,,,,0
Jul-20,"Kitchener - Cambridge - Waterloo, Census metropolitan area (CMA)",2021S0503541,Room,Average asking rent,Dollars,81,units,0,v1675425065,20.5.1,570,,,,0
Oct-20,"Kitchener - Cambridge - Waterloo, Census metropolitan area (CMA)",2021S0503541,Room,Average asking rent,Dollars,81,units,0,v1675425065,20.5.1,570,,,,0
Jan-21,"Kitchener - Cambridge - Waterloo, Census metropolitan area (CMA)",2021S0503541,Room,Average asking rent,Dollars,81,units,0,v1675425065,20.5.1,580,,,,0
Apr-21,"Kitchener - Cambridge - Waterloo, Census metropolitan area (CMA)",2021S0503541,Room,Average asking rent,Dollars,81,units,0,v1675425065,20.5.1,580,,,,0
Jul-21,"Kitchener - Cambridge - Waterloo, Census metropolitan area (CMA)",2021S0503541,Room,Average asking rent,Dollars,81,units,0,v1675425065,20.5.1,620,,,,0
Oct-21,"Kitchener - Cambridge - Waterloo, Census metropolitan area (CMA)",2021S0503541,Room,Average asking rent,Dollars,81,units,0,v1675425065,20.5.1,640,,,,0
Jan-22,"Kitchener - Cambridge - Waterloo, Census metropolitan area (CMA)",2021S0503541,Room,Average asking rent,Dollars,81,units,0,v1675425065,20.5.1,660,,,,0
Apr-22,"Kitchener - Cambridge - Waterloo, Census metropolitan area (CMA)",2021S0503541,Room,Average asking rent,Dollars,81,units,0,v1675425065,20.5.1,660,,,,0
Jul-22,"Kitchener - Cambridge - Waterloo, Census metropolitan area (CMA)",2021S0503541,Room,Average asking rent,Dollars,81,units,0,v1675425065,20.5.1,720,,,,0
Oct-22,"Kitchener - Cambridge - Waterloo, Census metropolitan area (CMA)",2021S0503541,Room,Average asking rent,Dollars,81,units,0,v1675425065,20.5.1,750,,,,0
Jan-23,"Kitchener - Cambridge - Waterloo, Census metropolitan area (CMA)",2021S0503541,Room,Average asking rent,Dollars,81,units,0,v1675425065,20.5.1,740,,,,0
Apr-23,"Kitchener - Cambridge - Waterloo, Census metropolitan area (CMA)",2021S0503541,Room,Average asking rent,Dollars,81,units,0,v1675425065,20.5.1,720,,,,0
Jul-23,"Kitchener - Cambridge - Waterloo, Census metropolitan area (CMA)",2021S0503541,Room,Average asking rent,Dollars,81,units,0,v1675425065,20.5.1,780,,,,0
Oct-23,"Kitchener - Cambridge - Waterloo, Census metropolitan area (CMA)",2021S0503541,Room,Average asking rent,Dollars,81,units,0,v1675425065,20.5.1,770,,,,0
Jan-24,"Kitchener - Cambridge - Waterloo, Census metropolitan area (CMA)",2021S0503541,Room,Average asking rent,Dollars,81,units,0,v1675425065,20.5.1,740,,,,0
Apr-24,"Kitchener - Cambridge - Waterloo, Census metropolitan area (CMA)",2021S0503541,Room,Average asking rent,Dollars,81,units,0,v1675425065,20.5.1,730,,,,0
Jul-24,"Kitchener - Cambridge - Waterloo, Census metropolitan area (CMA)",2021S0503541,Room,Average asking rent,Dollars,81,units,0,v1675425065,20.5.1,780,,,,0
Oct-24,"Kitchener - Cambridge - Waterloo, Census metropolitan area (CMA)",2021S0503541,Room,Average asking rent,Dollars,81,units,0,v1675425065,20.5.1,770,,,,0
Jan-25,"Kitchener - Cambridge - Waterloo, Census metropolitan area (CMA)",2021S0503541,Room,Average asking rent,Dollars,81,units,0,v1675425065,20.5.1,740,,,,0
Jan-20,"London, Census metropolitan area (CMA)",2021S0503555,Apartment - 1 bedroom,Average asking rent,Dollars,81,units,0,v1675425077,21.2.1,1160,,,,0
Apr-20,"London, Census metropolitan area (CMA)",2021S0503555,Apartment - 1 bedroom,Average asking rent,Dollars,81,units,0,v1675425077,21.2.1,1170,,,,0
Jul-20,"London, Census metropolitan area (CMA)",2021S0503555,Apartment - 1 bedroom,Average asking rent,Dollars,81,units,0,v1675425077,21.2.1,1180,,,,0
Oct-20,"London, Census metropolitan area (CMA)",2021S0503555,Apartment - 1 bedroom,Average asking rent,Dollars,81,units,0,v1675425077,21.2.1,1200,,,,0
Jan-21,"London, Census metropolitan area (CMA)",2021S0503555,Apartment - 1 bedroom,Average asking rent,Dollars,81,units,0,v1675425077,21.2.1,1220,,,,0
Apr-21,"London, Census metropolitan area (CMA)",2021S0503555,Apartment - 1 bedroom,Average asking rent,Dollars,81,units,0,v1675425077,21.2.1,1240,,,,0
Jul-21,"London, Census metropolitan area (CMA)",2021S0503555,Apartment - 1 bedroom,Average asking rent,Dollars,81,units,0,v1675425077,21.2.1,1260,,,,0
Oct-21,"London, Census metropolitan area (CMA)",2021S0503555,Apartment - 1 bedroom,Average asking rent,Dollars,81,units,0,v1675425077,21.2.1,1300,,,,0
Jan-22,"London, Census metropolitan area (CMA)",2021S0503555,Apartment - 1 bedroom,Average asking rent,Dollars,81,units,0,v1675425077,21.2.1,1360,,,,0
Apr-22,"London, Census metropolitan area (CMA)",2021S0503555,Apartment - 1 bedroom,Average asking rent,Dollars,81,units,0,v1675425077,21.2.1,1400,,,,0
Jul-22,"London, Census metropolitan area (CMA)",2021S0503555,Apartment - 1 bedroom,Average asking rent,Dollars,81,units,0,v1675425077,21.2.1,1470,,,,0
Oct-22,"London, Census metropolitan area (CMA)",2021S0503555,Apartment - 1 bedroom,Average asking rent,Dollars,81,units,0,v1675425077,21.2.1,1490,,,,0
Jan-23,"London, Census metropolitan area (CMA)",2021S0503555,Apartment - 1 bedroom,Average asking rent,Dollars,81,units,0,v1675425077,21.2.1,1570,,,,0
Apr-23,"London, Census metropolitan area (CMA)",2021S0503555,Apartment - 1 bedroom,Average asking rent,Dollars,81,units,0,v1675425077,21.2.1,1560,,,,0
Jul-23,"London, Census metropolitan area (CMA)",2021S0503555,Apartment - 1 bedroom,Average asking rent,Dollars,81,units,0,v1675425077,21.2.1,1570,,,,0
Oct-23,"London, Census metropolitan area (CMA)",2021S0503555,Apartment - 1 bedroom,Average asking rent,Dollars,81,units,0,v1675425077,21.2.1,1620,,,,0
Jan-24,"London, Census metropolitan area (CMA)",2021S0503555,Apartment - 1 bedroom,Average asking rent,Dollars,81,units,0,v1675425077,21.2.1,1640,,,,0
Apr-24,"London, Census metropolitan area (CMA)",2021S0503555,Apartment - 1 bedroom,Average asking rent,Dollars,81,units,0,v1675425077,21.2.1,1650,,,,0
Jul-24,"London, Census metropolitan area (CMA)",2021S0503555,Apartment - 1 bedroom,Average asking rent,Dollars,81,units,0,v1675425077,21.2.1,1640,,,,0
Oct-24,"London, Census metropolitan area (CMA)",2021S0503555,Apartment - 1 bedroom,Average asking rent,Dollars,81,units,0,v1675425077,21.2.1,1640,,,,0
Jan-25,"London, Census metropolitan area (CMA)",2021S0503555,Apartment - 1 bedroom,Average asking rent,Dollars,81,units,0,v1675425077,21.2.1,1640,,,,0
Jan-20,"London, Census metropolitan area (CMA)",2021S0503555,Apartment - 2 bedrooms,Average asking rent,Dollars,81,units,0,v1675425078,21.3.1,1470,,,,0
Apr-20,"London, Census metropolitan area (CMA)",2021S0503555,Apartment - 2 bedrooms,Average asking rent,Dollars,81,units,0,v1675425078,21.3.1,1490,,,,0
Jul-20,"London, Census metropolitan area (CMA)",2021S0503555,Apartment - 2 bedrooms,Average asking rent,Dollars,81,units,0,v1675425078,21.3.1,1500,,,,0
Oct-20,"London, Census metropolitan area (CMA)",2021S0503555,Apartment - 2 bedrooms,Average asking rent,Dollars,81,units,0,v1675425078,21.3.1,1490,,,,0
Jan-21,"London, Census metropolitan area (CMA)",2021S0503555,Apartment - 2 bedrooms,Average asking rent,Dollars,81,units,0,v1675425078,21.3.1,1520,,,,0
Apr-21,"London, Census metropolitan area (CMA)",2021S0503555,Apartment - 2 bedrooms,Average asking rent,Dollars,81,units,0,v1675425078,21.3.1,1550,,,,0
Jul-21,"London, Census metropolitan area (CMA)",2021S0503555,Apartment - 2 bedrooms,Average asking rent,Dollars,81,units,0,v1675425078,21.3.1,1560,,,,0
Oct-21,"London, Census metropolitan area (CMA)",2021S0503555,Apartment - 2 bedrooms,Average asking rent,Dollars,81,units,0,v1675425078,21.3.1,1590,,,,0
Jan-22,"London, Census metropolitan area (CMA)",2021S0503555,Apartment - 2 bedrooms,Average asking rent,Dollars,81,units,0,v1675425078,21.3.1,1690,,,,0
Apr-22,"London, Census metropolitan area (CMA)",2021S0503555,Apartment - 2 bedrooms,Average asking rent,Dollars,81,units,0,v1675425078,21.3.1,1740,,,,0
Jul-22,"London, Census metropolitan area (CMA)",2021S0503555,Apartment - 2 bedrooms,Average asking rent,Dollars,81,units,0,v1675425078,21.3.1,1860,,,,0
Oct-22,"London, Census metropolitan area (CMA)",2021S0503555,Apartment - 2 bedrooms,Average asking rent,Dollars,81,units,0,v1675425078,21.3.1,1850,,,,0
Jan-23,"London, Census metropolitan area (CMA)",2021S0503555,Apartment - 2 bedrooms,Average asking rent,Dollars,81,units,0,v1675425078,21.3.1,1880,,,,0
Apr-23,"London, Census metropolitan area (CMA)",2021S0503555,Apartment - 2 bedrooms,Average asking rent,Dollars,81,units,0,v1675425078,21.3.1,1910,,,,0
Jul-23,"London, Census metropolitan area (CMA)",2021S0503555,Apartment - 2 bedrooms,Average asking rent,Dollars,81,units,0,v1675425078,21.3.1,1940,,,,0
Oct-23,"London, Census metropolitan area (CMA)",2021S0503555,Apartment - 2 bedrooms,Average asking rent,Dollars,81,units,0,v1675425078,21.3.1,1980,,,,0
Jan-24,"London, Census metropolitan area (CMA)",2021S0503555,Apartment - 2 bedrooms,Average asking rent,Dollars,81,units,0,v1675425078,21.3.1,2010,,,,0
Apr-24,"London, Census metropolitan area (CMA)",2021S0503555,Apartment - 2 bedrooms,Average asking rent,Dollars,81,units,0,v1675425078,21.3.1,2020,,,,0
Jul-24,"London, Census metropolitan area (CMA)",2021S0503555,Apartment - 2 bedrooms,Average asking rent,Dollars,81,units,0,v1675425078,21.3.1,2030,,,,0
Oct-24,"London, Census metropolitan area (CMA)",2021S0503555,Apartment - 2 bedrooms,Average asking rent,Dollars,81,units,0,v1675425078,21.3.1,2010,,,,0
Jan-25,"London, Census metropolitan area (CMA)",2021S0503555,Apartment - 2 bedrooms,Average asking rent,Dollars,81,units,0,v1675425078,21.3.1,2020,,,,0
Jan-20,"London, Census metropolitan area (CMA)",2021S0503555,Room,Average asking rent,Dollars,81,units,0,v1675425080,21.5.1,550,,,,0
Apr-20,"London, Census metropolitan area (CMA)",2021S0503555,Room,Average asking rent,Dollars,81,units,0,v1675425080,21.5.1,540,,,,0
Jul-20,"London, Census metropolitan area (CMA)",2021S0503555,Room,Average asking rent,Dollars,81,units,0,v1675425080,21.5.1,550,,,,0
Oct-20,"London, Census metropolitan area (CMA)",2021S0503555,Room,Average asking rent,Dollars,81,units,0,v1675425080,21.5.1,560,,,,0
Jan-21,"London, Census metropolitan area (CMA)",2021S0503555,Room,Average asking rent,Dollars,81,units,0,v1675425080,21.5.1,560,,,,0
Apr-21,"London, Census metropolitan area (CMA)",2021S0503555,Room,Average asking rent,Dollars,81,units,0,v1675425080,21.5.1,570,,,,0
Jul-21,"London, Census metropolitan area (CMA)",2021S0503555,Room,Average asking rent,Dollars,81,units,0,v1675425080,21.5.1,610,,,,0
Oct-21,"London, Census metropolitan area (CMA)",2021S0503555,Room,Average asking rent,Dollars,81,units,0,v1675425080,21.5.1,610,,,,0
Jan-22,"London, Census metropolitan area (CMA)",2021S0503555,Room,Average asking rent,Dollars,81,units,0,v1675425080,21.5.1,620,,,,0
Apr-22,"London, Census metropolitan area (CMA)",2021S0503555,Room,Average asking rent,Dollars,81,units,0,v1675425080,21.5.1,620,,,,0
Jul-22,"London, Census metropolitan area (CMA)",2021S0503555,Room,Average asking rent,Dollars,81,units,0,v1675425080,21.5.1,670,,,,0
Oct-22,"London, Census metropolitan area (CMA)",2021S0503555,Room,Average asking rent,Dollars,81,units,0,v1675425080,21.5.1,680,,,,0
Jan-23,"London, Census metropolitan area (CMA)",2021S0503555,Room,Average asking rent,Dollars,81,units,0,v1675425080,21.5.1,700,,,,0
Apr-23,"London, Census metropolitan area (CMA)",2021S0503555,Room,Average asking rent,Dollars,81,units,0,v1675425080,21.5.1,690,,,,0
Jul-23,"London, Census metropolitan area (CMA)",2021S0503555,Room,Average asking rent,Dollars,81,units,0,v1675425080,21.5.1,740,,,,0
Oct-23,"London, Census metropolitan area (CMA)",2021S0503555,Room,Average asking rent,Dollars,81,units,0,v1675425080,21.5.1,720,,,,0
Jan-24,"London, Census metropolitan area (CMA)",2021S0503555,Room,Average asking rent,Dollars,81,units,0,v1675425080,21.5.1,740,,,,0
Apr-24,"London, Census metropolitan area (CMA)",2021S0503555,Room,Average asking rent,Dollars,81,units,0,v1675425080,21.5.1,730,,,,0
Jul-24,"London, Census metropolitan area (CMA)",2021S0503555,Room,Average asking rent,Dollars,81,units,0,v1675425080,21.5.1,750,,,,0
Oct-24,"London, Census metropolitan area (CMA)",2021S0503555,Room,Average asking rent,Dollars,81,units,0,v1675425080,21.5.1,750,,,,0
Jan-25,"London, Census metropolitan area (CMA)",2021S0503555,Room,Average asking rent,Dollars,81,units,0,v1675425080,21.5.1,760,,,,0
Jan-20,"Oshawa, Census metropolitan area (CMA)",2021S0503532,Apartment - 1 bedroom,Average asking rent,Dollars,81,units,0,v1675425042,22.2.1,1320,,,,0
Apr-20,"Oshawa, Census metropolitan area (CMA)",2021S0503532,Apartment - 1 bedroom,Average asking rent,Dollars,81,units,0,v1675425042,22.2.1,1330,,,,0
Jul-20,"Oshawa, Census metropolitan area (CMA)",2021S0503532,Apartment - 1 bedroom,Average asking rent,Dollars,81,units,0,v1675425042,22.2.1,1320,,,,0
Oct-20,"Oshawa, Census metropolitan area (CMA)",2021S0503532,Apartment - 1 bedroom,Average asking rent,Dollars,81,units,0,v1675425042,22.2.1,1340,,,,0
Jan-21,"Oshawa, Census metropolitan area (CMA)",2021S0503532,Apartment - 1 bedroom,Average asking rent,Dollars,81,units,0,v1675425042,22.2.1,1340,,,,0
Apr-21,"Oshawa, Census metropolitan area (CMA)",2021S0503532,Apartment - 1 bedroom,Average asking rent,Dollars,81,units,0,v1675425042,22.2.1,1420,,,,0
Jul-21,"Oshawa, Census metropolitan area (CMA)",2021S0503532,Apartment - 1 bedroom,Average asking rent,Dollars,81,units,0,v1675425042,22.2.1,1420,,,,0
Oct-21,"Oshawa, Census metropolitan area (CMA)",2021S0503532,Apartment - 1 bedroom,Average asking rent,Dollars,81,units,0,v1675425042,22.2.1,1460,,,,0
Jan-22,"Oshawa, Census metropolitan area (CMA)",2021S0503532,Apartment - 1 bedroom,Average asking rent,Dollars,81,units,0,v1675425042,22.2.1,1520,,,,0
Apr-22,"Oshawa, Census metropolitan area (CMA)",2021S0503532,Apartment - 1 bedroom,Average asking rent,Dollars,81,units,0,v1675425042,22.2.1,1540,,,,0
Jul-22,"Oshawa, Census metropolitan area (CMA)",2021S0503532,Apartment - 1 bedroom,Average asking rent,Dollars,81,units,0,v1675425042,22.2.1,1610,,,,0
Oct-22,"Oshawa, Census metropolitan area (CMA)",2021S0503532,Apartment - 1 bedroom,Average asking rent,Dollars,81,units,0,v1675425042,22.2.1,1630,,,,0
Jan-23,"Oshawa, Census metropolitan area (CMA)",2021S0503532,Apartment - 1 bedroom,Average asking rent,Dollars,81,units,0,v1675425042,22.2.1,1710,,,,0
Apr-23,"Oshawa, Census metropolitan area (CMA)",2021S0503532,Apartment - 1 bedroom,Average asking rent,Dollars,81,units,0,v1675425042,22.2.1,1750,,,,0
Jul-23,"Oshawa, Census metropolitan area (CMA)",2021S0503532,Apartment - 1 bedroom,Average asking rent,Dollars,81,units,0,v1675425042,22.2.1,1760,,,,0
Oct-23,"Oshawa, Census metropolitan area (CMA)",2021S0503532,Apartment - 1 bedroom,Average asking rent,Dollars,81,units,0,v1675425042,22.2.1,1770,,,,0
Jan-24,"Oshawa, Census metropolitan area (CMA)",2021S0503532,Apartment - 1 bedroom,Average asking rent,Dollars,81,units,0,v1675425042,22.2.1,1740,,,,0
Apr-24,"Oshawa, Census metropolitan area (CMA)",2021S0503532,Apartment - 1 bedroom,Average asking rent,Dollars,81,units,0,v1675425042,22.2.1,1770,,,,0
Jul-24,"Oshawa, Census metropolitan area (CMA)",2021S0503532,Apartment - 1 bedroom,Average asking rent,Dollars,81,units,0,v1675425042,22.2.1,1800,,,,0
Oct-24,"Oshawa, Census metropolitan area (CMA)",2021S0503532,Apartment - 1 bedroom,Average asking rent,Dollars,81,units,0,v1675425042,22.2.1,1750,,,,0
Jan-25,"Oshawa, Census metropolitan area (CMA)",2021S0503532,Apartment - 1 bedroom,Average asking rent,Dollars,81,units,0,v1675425042,22.2.1,1720,,,,0
Jan-20,"Oshawa, Census metropolitan area (CMA)",2021S0503532,Apartment - 2 bedrooms,Average asking rent,Dollars,81,units,0,v1675425043,22.3.1,1530,,,,0
Apr-20,"Oshawa, Census metropolitan area (CMA)",2021S0503532,Apartment - 2 bedrooms,Average asking rent,Dollars,81,units,0,v1675425043,22.3.1,1530,,,,0
Jul-20,"Oshawa, Census metropolitan area (CMA)",2021S0503532,Apartment - 2 bedrooms,Average asking rent,Dollars,81,units,0,v1675425043,22.3.1,1550,,,,0
Oct-20,"Oshawa, Census metropolitan area (CMA)",2021S0503532,Apartment - 2 bedrooms,Average asking rent,Dollars,81,units,0,v1675425043,22.3.1,1540,,,,0
Jan-21,"Oshawa, Census metropolitan area (CMA)",2021S0503532,Apartment - 2 bedrooms,Average asking rent,Dollars,81,units,0,v1675425043,22.3.1,1620,,,,0
Apr-21,"Oshawa, Census metropolitan area (CMA)",2021S0503532,Apartment - 2 bedrooms,Average asking rent,Dollars,81,units,0,v1675425043,22.3.1,1680,,,,0
Jul-21,"Oshawa, Census metropolitan area (CMA)",2021S0503532,Apartment - 2 bedrooms,Average asking rent,Dollars,81,units,0,v1675425043,22.3.1,1690,,,,0
Oct-21,"Oshawa, Census metropolitan area (CMA)",2021S0503532,Apartment - 2 bedrooms,Average asking rent,Dollars,81,units,0,v1675425043,22.3.1,1760,,,,0
Jan-22,"Oshawa, Census metropolitan area (CMA)",2021S0503532,Apartment - 2 bedrooms,Average asking rent,Dollars,81,units,0,v1675425043,22.3.1,1810,,,,0
Apr-22,"Oshawa, Census metropolitan area (CMA)",2021S0503532,Apartment - 2 bedrooms,Average asking rent,Dollars,81,units,0,v1675425043,22.3.1,1830,,,,0
Jul-22,"Oshawa, Census metropolitan area (CMA)",2021S0503532,Apartment - 2 bedrooms,Average asking rent,Dollars,81,units,0,v1675425043,22.3.1,1930,,,,0
Oct-22,"Oshawa, Census metropolitan area (CMA)",2021S0503532,Apartment - 2 bedrooms,Average asking rent,Dollars,81,units,0,v1675425043,22.3.1,1910,,,,0
Jan-23,"Oshawa, Census metropolitan area (CMA)",2021S0503532,Apartment - 2 bedrooms,Average asking rent,Dollars,81,units,0,v1675425043,22.3.1,1960,,,,0
Apr-23,"Oshawa, Census metropolitan area (CMA)",2021S0503532,Apartment - 2 bedrooms,Average asking rent,Dollars,81,units,0,v1675425043,22.3.1,1990,,,,0
Jul-23,"Oshawa, Census metropolitan area (CMA)",2021S0503532,Apartment - 2 bedrooms,Average asking rent,Dollars,81,units,0,v1675425043,22.3.1,2040,,,,0
Oct-23,"Oshawa, Census metropolitan area (CMA)",2021S0503532,Apartment - 2 bedrooms,Average asking rent,Dollars,81,units,0,v1675425043,22.3.1,2090,,,,0
Jan-24,"Oshawa, Census metropolitan area (CMA)",2021S0503532,Apartment - 2 bedrooms,Average asking rent,Dollars,81,units,0,v1675425043,22.3.1,2090,,,,0
Apr-24,"Oshawa, Census metropolitan area (CMA)",2021S0503532,Apartment - 2 bedrooms,Average asking rent,Dollars,81,units,0,v1675425043,22.3.1,2090,,,,0
Jul-24,"Oshawa, Census metropolitan area (CMA)",2021S0503532,Apartment - 2 bedrooms,Average asking rent,Dollars,81,units,0,v1675425043,22.3.1,2090,,,,0
Oct-24,"Oshawa, Census metropolitan area (CMA)",2021S0503532,Apartment - 2 bedrooms,Average asking rent,Dollars,81,units,0,v1675425043,22.3.1,2090,,,,0
Jan-25,"Oshawa, Census metropolitan area (CMA)",2021S0503532,Apartment - 2 bedrooms,Average asking rent,Dollars,81,units,0,v1675425043,22.3.1,2070,,,,0
Jan-20,"Oshawa, Census metropolitan area (CMA)",2021S0503532,Room,Average asking rent,Dollars,81,units,0,v1675425045,22.5.1,590,,,,0
Apr-20,"Oshawa, Census metropolitan area (CMA)",2021S0503532,Room,Average asking rent,Dollars,81,units,0,v1675425045,22.5.1,590,,,,0
Jul-20,"Oshawa, Census metropolitan area (CMA)",2021S0503532,Room,Average asking rent,Dollars,81,units,0,v1675425045,22.5.1,590,,,,0
Oct-20,"Oshawa, Census metropolitan area (CMA)",2021S0503532,Room,Average asking rent,Dollars,81,units,0,v1675425045,22.5.1,630,,,,0
Jan-21,"Oshawa, Census metropolitan area (CMA)",2021S0503532,Room,Average asking rent,Dollars,81,units,0,v1675425045,22.5.1,630,,,,0
Apr-21,"Oshawa, Census metropolitan area (CMA)",2021S0503532,Room,Average asking rent,Dollars,81,units,0,v1675425045,22.5.1,660,,,,0
Jul-21,"Oshawa, Census metropolitan area (CMA)",2021S0503532,Room,Average asking rent,Dollars,81,units,0,v1675425045,22.5.1,670,,,,0
Oct-21,"Oshawa, Census metropolitan area (CMA)",2021S0503532,Room,Average asking rent,Dollars,81,units,0,v1675425045,22.5.1,670,,,,0
Jan-22,"Oshawa, Census metropolitan area (CMA)",2021S0503532,Room,Average asking rent,Dollars,81,units,0,v1675425045,22.5.1,700,,,,0
Apr-22,"Oshawa, Census metropolitan area (CMA)",2021S0503532,Room,Average asking rent,Dollars,81,units,0,v1675425045,22.5.1,700,,,,0
Jul-22,"Oshawa, Census metropolitan area (CMA)",2021S0503532,Room,Average asking rent,Dollars,81,units,0,v1675425045,22.5.1,750,,,,0
Oct-22,"Oshawa, Census metropolitan area (CMA)",2021S0503532,Room,Average asking rent,Dollars,81,units,0,v1675425045,22.5.1,770,,,,0
Jan-23,"Oshawa, Census metropolitan area (CMA)",2021S0503532,Room,Average asking rent,Dollars,81,units,0,v1675425045,22.5.1,740,,,,0
Apr-23,"Oshawa, Census metropolitan area (CMA)",2021S0503532,Room,Average asking rent,Dollars,81,units,0,v1675425045,22.5.1,770,,,,0
Jul-23,"Oshawa, Census metropolitan area (CMA)",2021S0503532,Room,Average asking rent,Dollars,81,units,0,v1675425045,22.5.1,800,,,,0
Oct-23,"Oshawa, Census metropolitan area (CMA)",2021S0503532,Room,Average asking rent,Dollars,81,units,0,v1675425045,22.5.1,780,,,,0
Jan-24,"Oshawa, Census metropolitan area (CMA)",2021S0503532,Room,Average asking rent,Dollars,81,units,0,v1675425045,22.5.1,790,,,,0
Apr-24,"Oshawa, Census metropolitan area (CMA)",2021S0503532,Room,Average asking rent,Dollars,81,units,0,v1675425045,22.5.1,760,,,,0
Jul-24,"Oshawa, Census metropolitan area (CMA)",2021S0503532,Room,Average asking rent,Dollars,81,units,0,v1675425045,22.5.1,750,,,,0
Oct-24,"Oshawa, Census metropolitan area (CMA)",2021S0503532,Room,Average asking rent,Dollars,81,units,0,v1675425045,22.5.1,760,,,,0
Jan-25,"Oshawa, Census metropolitan area (CMA)",2021S0503532,Room,Average asking rent,Dollars,81,units,0,v1675425045,22.5.1,750,,,,0
Jan-20,"Ottawa - Gatineau (Ontario part), Census metropolitan area (CMA)",2021S050535505,Apartment - 1 bedroom,Average asking rent,Dollars,81,units,0,v1675424992,23.2.1,1560,,,,0
Apr-20,"Ottawa - Gatineau (Ontario part), Census metropolitan area (CMA)",2021S050535505,Apartment - 1 bedroom,Average asking rent,Dollars,81,units,0,v1675424992,23.2.1,1550,,,,0
Jul-20,"Ottawa - Gatineau (Ontario part), Census metropolitan area (CMA)",2021S050535505,Apartment - 1 bedroom,Average asking rent,Dollars,81,units,0,v1675424992,23.2.1,1530,,,,0
Oct-20,"Ottawa - Gatineau (Ontario part), Census metropolitan area (CMA)",2021S050535505,Apartment - 1 bedroom,Average asking rent,Dollars,81,units,0,v1675424992,23.2.1,1500,,,,0
Jan-21,"Ottawa - Gatineau (Ontario part), Census metropolitan area (CMA)",2021S050535505,Apartment - 1 bedroom,Average asking rent,Dollars,81,units,0,v1675424992,23.2.1,1510,,,,0
Apr-21,"Ottawa - Gatineau (Ontario part), Census metropolitan area (CMA)",2021S050535505,Apartment - 1 bedroom,Average asking rent,Dollars,81,units,0,v1675424992,23.2.1,1550,,,,0
Jul-21,"Ottawa - Gatineau (Ontario part), Census metropolitan area (CMA)",2021S050535505,Apartment - 1 bedroom,Average asking rent,Dollars,81,units,0,v1675424992,23.2.1,1560,,,,0
Oct-21,"Ottawa - Gatineau (Ontario part), Census metropolitan area (CMA)",2021S050535505,Apartment - 1 bedroom,Average asking rent,Dollars,81,units,0,v1675424992,23.2.1,1570,,,,0
Jan-22,"Ottawa - Gatineau (Ontario part), Census metropolitan area (CMA)",2021S050535505,Apartment - 1 bedroom,Average asking rent,Dollars,81,units,0,v1675424992,23.2.1,1610,,,,0
Apr-22,"Ottawa - Gatineau (Ontario part), Census metropolitan area (CMA)",2021S050535505,Apartment - 1 bedroom,Average asking rent,Dollars,81,units,0,v1675424992,23.2.1,1640,,,,0
Jul-22,"Ottawa - Gatineau (Ontario part), Census metropolitan area (CMA)",2021S050535505,Apartment - 1 bedroom,Average asking rent,Dollars,81,units,0,v1675424992,23.2.1,1740,,,,0
Oct-22,"Ottawa - Gatineau (Ontario part), Census metropolitan area (CMA)",2021S050535505,Apartment - 1 bedroom,Average asking rent,Dollars,81,units,0,v1675424992,23.2.1,1760,,,,0
Jan-23,"Ottawa - Gatineau (Ontario part), Census metropolitan area (CMA)",2021S050535505,Apartment - 1 bedroom,Average asking rent,Dollars,81,units,0,v1675424992,23.2.1,1770,,,,0
Apr-23,"Ottawa - Gatineau (Ontario part), Census metropolitan area (CMA)",2021S050535505,Apartment - 1 bedroom,Average asking rent,Dollars,81,units,0,v1675424992,23.2.1,1810,,,,0
Jul-23,"Ottawa - Gatineau (Ontario part), Census metropolitan area (CMA)",2021S050535505,Apartment - 1 bedroom,Average asking rent,Dollars,81,units,0,v1675424992,23.2.1,1800,,,,0
Oct-23,"Ottawa - Gatineau (Ontario part), Census metropolitan area (CMA)",2021S050535505,Apartment - 1 bedroom,Average asking rent,Dollars,81,units,0,v1675424992,23.2.1,1870,,,,0
Jan-24,"Ottawa - Gatineau (Ontario part), Census metropolitan area (CMA)",2021S050535505,Apartment - 1 bedroom,Average asking rent,Dollars,81,units,0,v1675424992,23.2.1,1890,,,,0
Apr-24,"Ottawa - Gatineau (Ontario part), Census metropolitan area (CMA)",2021S050535505,Apartment - 1 bedroom,Average asking rent,Dollars,81,units,0,v1675424992,23.2.1,1960,,,,0
Jul-24,"Ottawa - Gatineau (Ontario part), Census metropolitan area (CMA)",2021S050535505,Apartment - 1 bedroom,Average asking rent,Dollars,81,units,0,v1675424992,23.2.1,1960,,,,0
Oct-24,"Ottawa - Gatineau (Ontario part), Census metropolitan area (CMA)",2021S050535505,Apartment - 1 bedroom,Average asking rent,Dollars,81,units,0,v1675424992,23.2.1,1970,,,,0
Jan-25,"Ottawa - Gatineau (Ontario part), Census metropolitan area (CMA)",2021S050535505,Apartment - 1 bedroom,Average asking rent,Dollars,81,units,0,v1675424992,23.2.1,2010,,,,0
Jan-20,"Ottawa - Gatineau (Ontario part), Census metropolitan area (CMA)",2021S050535505,Apartment - 2 bedrooms,Average asking rent,Dollars,81,units,0,v1675424993,23.3.1,1850,,,,0
Apr-20,"Ottawa - Gatineau (Ontario part), Census metropolitan area (CMA)",2021S050535505,Apartment - 2 bedrooms,Average asking rent,Dollars,81,units,0,v1675424993,23.3.1,1840,,,,0
Jul-20,"Ottawa - Gatineau (Ontario part), Census metropolitan area (CMA)",2021S050535505,Apartment - 2 bedrooms,Average asking rent,Dollars,81,units,0,v1675424993,23.3.1,1830,,,,0
Oct-20,"Ottawa - Gatineau (Ontario part), Census metropolitan area (CMA)",2021S050535505,Apartment - 2 bedrooms,Average asking rent,Dollars,81,units,0,v1675424993,23.3.1,1780,,,,0
Jan-21,"Ottawa - Gatineau (Ontario part), Census metropolitan area (CMA)",2021S050535505,Apartment - 2 bedrooms,Average asking rent,Dollars,81,units,0,v1675424993,23.3.1,1770,,,,0
Apr-21,"Ottawa - Gatineau (Ontario part), Census metropolitan area (CMA)",2021S050535505,Apartment - 2 bedrooms,Average asking rent,Dollars,81,units,0,v1675424993,23.3.1,1860,,,,0
Jul-21,"Ottawa - Gatineau (Ontario part), Census metropolitan area (CMA)",2021S050535505,Apartment - 2 bedrooms,Average asking rent,Dollars,81,units,0,v1675424993,23.3.1,1900,,,,0
Oct-21,"Ottawa - Gatineau (Ontario part), Census metropolitan area (CMA)",2021S050535505,Apartment - 2 bedrooms,Average asking rent,Dollars,81,units,0,v1675424993,23.3.1,1900,,,,0
Jan-22,"Ottawa - Gatineau (Ontario part), Census metropolitan area (CMA)",2021S050535505,Apartment - 2 bedrooms,Average asking rent,Dollars,81,units,0,v1675424993,23.3.1,1950,,,,0
Apr-22,"Ottawa - Gatineau (Ontario part), Census metropolitan area (CMA)",2021S050535505,Apartment - 2 bedrooms,Average asking rent,Dollars,81,units,0,v1675424993,23.3.1,2010,,,,0
Jul-22,"Ottawa - Gatineau (Ontario part), Census metropolitan area (CMA)",2021S050535505,Apartment - 2 bedrooms,Average asking rent,Dollars,81,units,0,v1675424993,23.3.1,2080,,,,0
Oct-22,"Ottawa - Gatineau (Ontario part), Census metropolitan area (CMA)",2021S050535505,Apartment - 2 bedrooms,Average asking rent,Dollars,81,units,0,v1675424993,23.3.1,2110,,,,0
Jan-23,"Ottawa - Gatineau (Ontario part), Census metropolitan area (CMA)",2021S050535505,Apartment - 2 bedrooms,Average asking rent,Dollars,81,units,0,v1675424993,23.3.1,2110,,,,0
Apr-23,"Ottawa - Gatineau (Ontario part), Census metropolitan area (CMA)",2021S050535505,Apartment - 2 bedrooms,Average asking rent,Dollars,81,units,0,v1675424993,23.3.1,2200,,,,0
Jul-23,"Ottawa - Gatineau (Ontario part), Census metropolitan area (CMA)",2021S050535505,Apartment - 2 bedrooms,Average asking rent,Dollars,81,units,0,v1675424993,23.3.1,2200,,,,0
Oct-23,"Ottawa - Gatineau (Ontario part), Census metropolitan area (CMA)",2021S050535505,Apartment - 2 bedrooms,Average asking rent,Dollars,81,units,0,v1675424993,23.3.1,2260,,,,0
Jan-24,"Ottawa - Gatineau (Ontario part), Census metropolitan area (CMA)",2021S050535505,Apartment - 2 bedrooms,Average asking rent,Dollars,81,units,0,v1675424993,23.3.1,2290,,,,0
Apr-24,"Ottawa - Gatineau (Ontario part), Census metropolitan area (CMA)",2021S050535505,Apartment - 2 bedrooms,Average asking rent,Dollars,81,units,0,v1675424993,23.3.1,2400,,,,0
Jul-24,"Ottawa - Gatineau (Ontario part), Census metropolitan area (CMA)",2021S050535505,Apartment - 2 bedrooms,Average asking rent,Dollars,81,units,0,v1675424993,23.3.1,2440,,,,0
Oct-24,"Ottawa - Gatineau (Ontario part), Census metropolitan area (CMA)",2021S050535505,Apartment - 2 bedrooms,Average asking rent,Dollars,81,units,0,v1675424993,23.3.1,2470,,,,0
Jan-25,"Ottawa - Gatineau (Ontario part), Census metropolitan area (CMA)",2021S050535505,Apartment - 2 bedrooms,Average asking rent,Dollars,81,units,0,v1675424993,23.3.1,2490,,,,0
Jan-20,"Ottawa - Gatineau (Ontario part), Census metropolitan area (CMA)",2021S050535505,Room,Average asking rent,Dollars,81,units,0,v1675424995,23.5.1,650,,,,0
Apr-20,"Ottawa - Gatineau (Ontario part), Census metropolitan area (CMA)",2021S050535505,Room,Average asking rent,Dollars,81,units,0,v1675424995,23.5.1,640,,,,0
Jul-20,"Ottawa - Gatineau (Ontario part), Census metropolitan area (CMA)",2021S050535505,Room,Average asking rent,Dollars,81,units,0,v1675424995,23.5.1,660,,,,0
Oct-20,"Ottawa - Gatineau (Ontario part), Census metropolitan area (CMA)",2021S050535505,Room,Average asking rent,Dollars,81,units,0,v1675424995,23.5.1,660,,,,0
Jan-21,"Ottawa - Gatineau (Ontario part), Census metropolitan area (CMA)",2021S050535505,Room,Average asking rent,Dollars,81,units,0,v1675424995,23.5.1,660,,,,0
Apr-21,"Ottawa - Gatineau (Ontario part), Census metropolitan area (CMA)",2021S050535505,Room,Average asking rent,Dollars,81,units,0,v1675424995,23.5.1,660,,,,0
Jul-21,"Ottawa - Gatineau (Ontario part), Census metropolitan area (CMA)",2021S050535505,Room,Average asking rent,Dollars,81,units,0,v1675424995,23.5.1,680,,,,0
Oct-21,"Ottawa - Gatineau (Ontario part), Census metropolitan area (CMA)",2021S050535505,Room,Average asking rent,Dollars,81,units,0,v1675424995,23.5.1,700,,,,0
Jan-22,"Ottawa - Gatineau (Ontario part), Census metropolitan area (CMA)",2021S050535505,Room,Average asking rent,Dollars,81,units,0,v1675424995,23.5.1,710,,,,0
Apr-22,"Ottawa - Gatineau (Ontario part), Census metropolitan area (CMA)",2021S050535505,Room,Average asking rent,Dollars,81,units,0,v1675424995,23.5.1,720,,,,0
Jul-22,"Ottawa - Gatineau (Ontario part), Census metropolitan area (CMA)",2021S050535505,Room,Average asking rent,Dollars,81,units,0,v1675424995,23.5.1,750,,,,0
Oct-22,"Ottawa - Gatineau (Ontario part), Census metropolitan area (CMA)",2021S050535505,Room,Average asking rent,Dollars,81,units,0,v1675424995,23.5.1,770,,,,0
Jan-23,"Ottawa - Gatineau (Ontario part), Census metropolitan area (CMA)",2021S050535505,Room,Average asking rent,Dollars,81,units,0,v1675424995,23.5.1,780,,,,0
Apr-23,"Ottawa - Gatineau (Ontario part), Census metropolitan area (CMA)",2021S050535505,Room,Average asking rent,Dollars,81,units,0,v1675424995,23.5.1,780,,,,0
Jul-23,"Ottawa - Gatineau (Ontario part), Census metropolitan area (CMA)",2021S050535505,Room,Average asking rent,Dollars,81,units,0,v1675424995,23.5.1,810,,,,0
Oct-23,"Ottawa - Gatineau (Ontario part), Census metropolitan area (CMA)",2021S050535505,Room,Average asking rent,Dollars,81,units,0,v1675424995,23.5.1,830,,,,0
Jan-24,"Ottawa - Gatineau (Ontario part), Census metropolitan area (CMA)",2021S050535505,Room,Average asking rent,Dollars,81,units,0,v1675424995,23.5.1,830,,,,0
Apr-24,"Ottawa - Gatineau (Ontario part), Census metropolitan area (CMA)",2021S050535505,Room,Average asking rent,Dollars,81,units,0,v1675424995,23.5.1,810,,,,0
Jul-24,"Ottawa - Gatineau (Ontario part), Census metropolitan area (CMA)",2021S050535505,Room,Average asking rent,Dollars,81,units,0,v1675424995,23.5.1,840,,,,0
Oct-24,"Ottawa - Gatineau (Ontario part), Census metropolitan area (CMA)",2021S050535505,Room,Average asking rent,Dollars,81,units,0,v1675424995,23.5.1,850,,,,0
Jan-25,"Ottawa - Gatineau (Ontario part), Census metropolitan area (CMA)",2021S050535505,Room,Average asking rent,Dollars,81,units,0,v1675424995,23.5.1,840,,,,0
Jan-20,"Peterborough, Census metropolitan area (CMA)",2021S0503529,Apartment - 1 bedroom,Average asking rent,Dollars,81,units,0,v1675425037,24.2.1,1150,,,,0
Apr-20,"Peterborough, Census metropolitan area (CMA)",2021S0503529,Apartment - 1 bedroom,Average asking rent,Dollars,81,units,0,v1675425037,24.2.1,1180,,,,0
Jul-20,"Peterborough, Census metropolitan area (CMA)",2021S0503529,Apartment - 1 bedroom,Average asking rent,Dollars,81,units,0,v1675425037,24.2.1,1180,,,,0
Oct-20,"Peterborough, Census metropolitan area (CMA)",2021S0503529,Apartment - 1 bedroom,Average asking rent,Dollars,81,units,0,v1675425037,24.2.1,1180,,,,0
Jan-21,"Peterborough, Census metropolitan area (CMA)",2021S0503529,Apartment - 1 bedroom,Average asking rent,Dollars,81,units,0,v1675425037,24.2.1,1300,,,,0
Apr-21,"Peterborough, Census metropolitan area (CMA)",2021S0503529,Apartment - 1 bedroom,Average asking rent,Dollars,81,units,0,v1675425037,24.2.1,1310,,,,0
Jul-21,"Peterborough, Census metropolitan area (CMA)",2021S0503529,Apartment - 1 bedroom,Average asking rent,Dollars,81,units,0,v1675425037,24.2.1,1330,,,,0
Oct-21,"Peterborough, Census metropolitan area (CMA)",2021S0503529,Apartment - 1 bedroom,Average asking rent,Dollars,81,units,0,v1675425037,24.2.1,1340,,,,0
Jan-22,"Peterborough, Census metropolitan area (CMA)",2021S0503529,Apartment - 1 bedroom,Average asking rent,Dollars,81,units,0,v1675425037,24.2.1,1350,,,,0
Apr-22,"Peterborough, Census metropolitan area (CMA)",2021S0503529,Apartment - 1 bedroom,Average asking rent,Dollars,81,units,0,v1675425037,24.2.1,1460,,,,0
Jul-22,"Peterborough, Census metropolitan area (CMA)",2021S0503529,Apartment - 1 bedroom,Average asking rent,Dollars,81,units,0,v1675425037,24.2.1,1510,,,,0
Oct-22,"Peterborough, Census metropolitan area (CMA)",2021S0503529,Apartment - 1 bedroom,Average asking rent,Dollars,81,units,0,v1675425037,24.2.1,1510,,,,0
Jan-23,"Peterborough, Census metropolitan area (CMA)",2021S0503529,Apartment - 1 bedroom,Average asking rent,Dollars,81,units,0,v1675425037,24.2.1,1540,,,,0
Apr-23,"Peterborough, Census metropolitan area (CMA)",2021S0503529,Apartment - 1 bedroom,Average asking rent,Dollars,81,units,0,v1675425037,24.2.1,1570,,,,0
Jul-23,"Peterborough, Census metropolitan area (CMA)",2021S0503529,Apartment - 1 bedroom,Average asking rent,Dollars,81,units,0,v1675425037,24.2.1,1550,,,,0
Oct-23,"Peterborough, Census metropolitan area (CMA)",2021S0503529,Apartment - 1 bedroom,Average asking rent,Dollars,81,units,0,v1675425037,24.2.1,1590,,,,0
Jan-24,"Peterborough, Census metropolitan area (CMA)",2021S0503529,Apartment - 1 bedroom,Average asking rent,Dollars,81,units,0,v1675425037,24.2.1,1610,,,,0
Apr-24,"Peterborough, Census metropolitan area (CMA)",2021S0503529,Apartment - 1 bedroom,Average asking rent,Dollars,81,units,0,v1675425037,24.2.1,1630,,,,0
Jul-24,"Peterborough, Census metropolitan area (CMA)",2021S0503529,Apartment - 1 bedroom,Average asking rent,Dollars,81,units,0,v1675425037,24.2.1,1630,,,,0
Oct-24,"Peterborough, Census metropolitan area (CMA)",2021S0503529,Apartment - 1 bedroom,Average asking rent,Dollars,81,units,0,v1675425037,24.2.1,1590,,,,0
Jan-25,"Peterborough, Census metropolitan area (CMA)",2021S0503529,Apartment - 1 bedroom,Average asking rent,Dollars,81,units,0,v1675425037,24.2.1,1600,,,,0
Jan-20,"Peterborough, Census metropolitan area (CMA)",2021S0503529,Apartment - 2 bedrooms,Average asking rent,Dollars,81,units,0,v1675425038,24.3.1,1420,,,,0
Apr-20,"Peterborough, Census metropolitan area (CMA)",2021S0503529,Apartment - 2 bedrooms,Average asking rent,Dollars,81,units,0,v1675425038,24.3.1,1440,,,,0
Jul-20,"Peterborough, Census metropolitan area (CMA)",2021S0503529,Apartment - 2 bedrooms,Average asking rent,Dollars,81,units,0,v1675425038,24.3.1,1440,,,,0
Oct-20,"Peterborough, Census metropolitan area (CMA)",2021S0503529,Apartment - 2 bedrooms,Average asking rent,Dollars,81,units,0,v1675425038,24.3.1,1490,,,,0
Jan-21,"Peterborough, Census metropolitan area (CMA)",2021S0503529,Apartment - 2 bedrooms,Average asking rent,Dollars,81,units,0,v1675425038,24.3.1,1570,,,,0
Apr-21,"Peterborough, Census metropolitan area (CMA)",2021S0503529,Apartment - 2 bedrooms,Average asking rent,Dollars,81,units,0,v1675425038,24.3.1,1580,,,,0
Jul-21,"Peterborough, Census metropolitan area (CMA)",2021S0503529,Apartment - 2 bedrooms,Average asking rent,Dollars,81,units,0,v1675425038,24.3.1,1680,,,,0
Oct-21,"Peterborough, Census metropolitan area (CMA)",2021S0503529,Apartment - 2 bedrooms,Average asking rent,Dollars,81,units,0,v1675425038,24.3.1,1640,,,,0
Jan-22,"Peterborough, Census metropolitan area (CMA)",2021S0503529,Apartment - 2 bedrooms,Average asking rent,Dollars,81,units,0,v1675425038,24.3.1,1710,,,,0
Apr-22,"Peterborough, Census metropolitan area (CMA)",2021S0503529,Apartment - 2 bedrooms,Average asking rent,Dollars,81,units,0,v1675425038,24.3.1,1770,,,,0
Jul-22,"Peterborough, Census metropolitan area (CMA)",2021S0503529,Apartment - 2 bedrooms,Average asking rent,Dollars,81,units,0,v1675425038,24.3.1,1880,,,,0
Oct-22,"Peterborough, Census metropolitan area (CMA)",2021S0503529,Apartment - 2 bedrooms,Average asking rent,Dollars,81,units,0,v1675425038,24.3.1,1870,,,,0
Jan-23,"Peterborough, Census metropolitan area (CMA)",2021S0503529,Apartment - 2 bedrooms,Average asking rent,Dollars,81,units,0,v1675425038,24.3.1,1880,,,,0
Apr-23,"Peterborough, Census metropolitan area (CMA)",2021S0503529,Apartment - 2 bedrooms,Average asking rent,Dollars,81,units,0,v1675425038,24.3.1,1920,,,,0
Jul-23,"Peterborough, Census metropolitan area (CMA)",2021S0503529,Apartment - 2 bedrooms,Average asking rent,Dollars,81,units,0,v1675425038,24.3.1,1910,,,,0
Oct-23,"Peterborough, Census metropolitan area (CMA)",2021S0503529,Apartment - 2 bedrooms,Average asking rent,Dollars,81,units,0,v1675425038,24.3.1,1920,,,,0
Jan-24,"Peterborough, Census metropolitan area (CMA)",2021S0503529,Apartment - 2 bedrooms,Average asking rent,Dollars,81,units,0,v1675425038,24.3.1,1970,,,,0
Apr-24,"Peterborough, Census metropolitan area (CMA)",2021S0503529,Apartment - 2 bedrooms,Average asking rent,Dollars,81,units,0,v1675425038,24.3.1,1960,,,,0
Jul-24,"Peterborough, Census metropolitan area (CMA)",2021S0503529,Apartment - 2 bedrooms,Average asking rent,Dollars,81,units,0,v1675425038,24.3.1,2000,,,,0
Oct-24,"Peterborough, Census metropolitan area (CMA)",2021S0503529,Apartment - 2 bedrooms,Average asking rent,Dollars,81,units,0,v1675425038,24.3.1,1950,,,,0
Jan-25,"Peterborough, Census metropolitan area (CMA)",2021S0503529,Apartment - 2 bedrooms,Average asking rent,Dollars,81,units,0,v1675425038,24.3.1,1940,,,,0
Jan-20,"Peterborough, Census metropolitan area (CMA)",2021S0503529,Room,Average asking rent,Dollars,81,units,0,v1675425040,24.5.1,560,,,,0
Apr-20,"Peterborough, Census metropolitan area (CMA)",2021S0503529,Room,Average asking rent,Dollars,81,units,0,v1675425040,24.5.1,570,,,,0
Jul-20,"Peterborough, Census metropolitan area (CMA)",2021S0503529,Room,Average asking rent,Dollars,81,units,0,v1675425040,24.5.1,580,,,,0
Oct-20,"Peterborough, Census metropolitan area (CMA)",2021S0503529,Room,Average asking rent,Dollars,81,units,0,v1675425040,24.5.1,580,,,,0
Jan-21,"Peterborough, Census metropolitan area (CMA)",2021S0503529,Room,Average asking rent,Dollars,81,units,0,v1675425040,24.5.1,590,,,,0
Apr-21,"Peterborough, Census metropolitan area (CMA)",2021S0503529,Room,Average asking rent,Dollars,81,units,0,v1675425040,24.5.1,590,,,,0
Jul-21,"Peterborough, Census metropolitan area (CMA)",2021S0503529,Room,Average asking rent,Dollars,81,units,0,v1675425040,24.5.1,630,,,,0
Oct-21,"Peterborough, Census metropolitan area (CMA)",2021S0503529,Room,Average asking rent,Dollars,81,units,0,v1675425040,24.5.1,650,,,,0
Jan-22,"Peterborough, Census metropolitan area (CMA)",2021S0503529,Room,Average asking rent,Dollars,81,units,0,v1675425040,24.5.1,650,,,,0
Apr-22,"Peterborough, Census metropolitan area (CMA)",2021S0503529,Room,Average asking rent,Dollars,81,units,0,v1675425040,24.5.1,640,,,,0
Jul-22,"Peterborough, Census metropolitan area (CMA)",2021S0503529,Room,Average asking rent,Dollars,81,units,0,v1675425040,24.5.1,700,,,,0
Oct-22,"Peterborough, Census metropolitan area (CMA)",2021S0503529,Room,Average asking rent,Dollars,81,units,0,v1675425040,24.5.1,710,,,,0
Jan-23,"Peterborough, Census metropolitan area (CMA)",2021S0503529,Room,Average asking rent,Dollars,81,units,0,v1675425040,24.5.1,700,,,,0
Apr-23,"Peterborough, Census metropolitan area (CMA)",2021S0503529,Room,Average asking rent,Dollars,81,units,0,v1675425040,24.5.1,720,,,,0
Jul-23,"Peterborough, Census metropolitan area (CMA)",2021S0503529,Room,Average asking rent,Dollars,81,units,0,v1675425040,24.5.1,740,,,,0
Oct-23,"Peterborough, Census metropolitan area (CMA)",2021S0503529,Room,Average asking rent,Dollars,81,units,0,v1675425040,24.5.1,740,,,,0
Jan-24,"Peterborough, Census metropolitan area (CMA)",2021S0503529,Room,Average asking rent,Dollars,81,units,0,v1675425040,24.5.1,730,,,,0
Apr-24,"Peterborough, Census metropolitan area (CMA)",2021S0503529,Room,Average asking rent,Dollars,81,units,0,v1675425040,24.5.1,730,,,,0
Jul-24,"Peterborough, Census metropolitan area (CMA)",2021S0503529,Room,Average asking rent,Dollars,81,units,0,v1675425040,24.5.1,740,,,,0
Oct-24,"Peterborough, Census metropolitan area (CMA)",2021S0503529,Room,Average asking rent,Dollars,81,units,0,v1675425040,24.5.1,730,,,,0
Jan-25,"Peterborough, Census metropolitan area (CMA)",2021S0503529,Room,Average asking rent,Dollars,81,units,0,v1675425040,24.5.1,750,,,,0
Jan-20,"St. Catharines - Niagara, Census metropolitan area (CMA)",2021S0503539,Apartment - 1 bedroom,Average asking rent,Dollars,81,units,0,v1675425057,25.2.1,1130,,,,0
Apr-20,"St. Catharines - Niagara, Census metropolitan area (CMA)",2021S0503539,Apartment - 1 bedroom,Average asking rent,Dollars,81,units,0,v1675425057,25.2.1,1160,,,,0
Jul-20,"St. Catharines - Niagara, Census metropolitan area (CMA)",2021S0503539,Apartment - 1 bedroom,Average asking rent,Dollars,81,units,0,v1675425057,25.2.1,1180,,,,0
Oct-20,"St. Catharines - Niagara, Census metropolitan area (CMA)",2021S0503539,Apartment - 1 bedroom,Average asking rent,Dollars,81,units,0,v1675425057,25.2.1,1190,,,,0
Jan-21,"St. Catharines - Niagara, Census metropolitan area (CMA)",2021S0503539,Apartment - 1 bedroom,Average asking rent,Dollars,81,units,0,v1675425057,25.2.1,1230,,,,0
Apr-21,"St. Catharines - Niagara, Census metropolitan area (CMA)",2021S0503539,Apartment - 1 bedroom,Average asking rent,Dollars,81,units,0,v1675425057,25.2.1,1290,,,,0
Jul-21,"St. Catharines - Niagara, Census metropolitan area (CMA)",2021S0503539,Apartment - 1 bedroom,Average asking rent,Dollars,81,units,0,v1675425057,25.2.1,1340,,,,0
Oct-21,"St. Catharines - Niagara, Census metropolitan area (CMA)",2021S0503539,Apartment - 1 bedroom,Average asking rent,Dollars,81,units,0,v1675425057,25.2.1,1400,,,,0
Jan-22,"St. Catharines - Niagara, Census metropolitan area (CMA)",2021S0503539,Apartment - 1 bedroom,Average asking rent,Dollars,81,units,0,v1675425057,25.2.1,1440,,,,0
Apr-22,"St. Catharines - Niagara, Census metropolitan area (CMA)",2021S0503539,Apartment - 1 bedroom,Average asking rent,Dollars,81,units,0,v1675425057,25.2.1,1440,,,,0
Jul-22,"St. Catharines - Niagara, Census metropolitan area (CMA)",2021S0503539,Apartment - 1 bedroom,Average asking rent,Dollars,81,units,0,v1675425057,25.2.1,1490,,,,0
Oct-22,"St. Catharines - Niagara, Census metropolitan area (CMA)",2021S0503539,Apartment - 1 bedroom,Average asking rent,Dollars,81,units,0,v1675425057,25.2.1,1460,,,,0
Jan-23,"St. Catharines - Niagara, Census metropolitan area (CMA)",2021S0503539,Apartment - 1 bedroom,Average asking rent,Dollars,81,units,0,v1675425057,25.2.1,1490,,,,0
Apr-23,"St. Catharines - Niagara, Census metropolitan area (CMA)",2021S0503539,Apartment - 1 bedroom,Average asking rent,Dollars,81,units,0,v1675425057,25.2.1,1520,,,,0
Jul-23,"St. Catharines - Niagara, Census metropolitan area (CMA)",2021S0503539,Apartment - 1 bedroom,Average asking rent,Dollars,81,units,0,v1675425057,25.2.1,1520,,,,0
Oct-23,"St. Catharines - Niagara, Census metropolitan area (CMA)",2021S0503539,Apartment - 1 bedroom,Average asking rent,Dollars,81,units,0,v1675425057,25.2.1,1560,,,,0
Jan-24,"St. Catharines - Niagara, Census metropolitan area (CMA)",2021S0503539,Apartment - 1 bedroom,Average asking rent,Dollars,81,units,0,v1675425057,25.2.1,1580,,,,0
Apr-24,"St. Catharines - Niagara, Census metropolitan area (CMA)",2021S0503539,Apartment - 1 bedroom,Average asking rent,Dollars,81,units,0,v1675425057,25.2.1,1580,,,,0
Jul-24,"St. Catharines - Niagara, Census metropolitan area (CMA)",2021S0503539,Apartment - 1 bedroom,Average asking rent,Dollars,81,units,0,v1675425057,25.2.1,1580,,,,0
Oct-24,"St. Catharines - Niagara, Census metropolitan area (CMA)",2021S0503539,Apartment - 1 bedroom,Average asking rent,Dollars,81,units,0,v1675425057,25.2.1,1610,,,,0
Jan-25,"St. Catharines - Niagara, Census metropolitan area (CMA)",2021S0503539,Apartment - 1 bedroom,Average asking rent,Dollars,81,units,0,v1675425057,25.2.1,1580,,,,0
Jan-20,"St. Catharines - Niagara, Census metropolitan area (CMA)",2021S0503539,Apartment - 2 bedrooms,Average asking rent,Dollars,81,units,0,v1675425058,25.3.1,1390,,,,0
Apr-20,"St. Catharines - Niagara, Census metropolitan area (CMA)",2021S0503539,Apartment - 2 bedrooms,Average asking rent,Dollars,81,units,0,v1675425058,25.3.1,1390,,,,0
Jul-20,"St. Catharines - Niagara, Census metropolitan area (CMA)",2021S0503539,Apartment - 2 bedrooms,Average asking rent,Dollars,81,units,0,v1675425058,25.3.1,1420,,,,0
Oct-20,"St. Catharines - Niagara, Census metropolitan area (CMA)",2021S0503539,Apartment - 2 bedrooms,Average asking rent,Dollars,81,units,0,v1675425058,25.3.1,1430,,,,0
Jan-21,"St. Catharines - Niagara, Census metropolitan area (CMA)",2021S0503539,Apartment - 2 bedrooms,Average asking rent,Dollars,81,units,0,v1675425058,25.3.1,1470,,,,0
Apr-21,"St. Catharines - Niagara, Census metropolitan area (CMA)",2021S0503539,Apartment - 2 bedrooms,Average asking rent,Dollars,81,units,0,v1675425058,25.3.1,1580,,,,0
Jul-21,"St. Catharines - Niagara, Census metropolitan area (CMA)",2021S0503539,Apartment - 2 bedrooms,Average asking rent,Dollars,81,units,0,v1675425058,25.3.1,1580,,,,0
Oct-21,"St. Catharines - Niagara, Census metropolitan area (CMA)",2021S0503539,Apartment - 2 bedrooms,Average asking rent,Dollars,81,units,0,v1675425058,25.3.1,1640,,,,0
Jan-22,"St. Catharines - Niagara, Census metropolitan area (CMA)",2021S0503539,Apartment - 2 bedrooms,Average asking rent,Dollars,81,units,0,v1675425058,25.3.1,1670,,,,0
Apr-22,"St. Catharines - Niagara, Census metropolitan area (CMA)",2021S0503539,Apartment - 2 bedrooms,Average asking rent,Dollars,81,units,0,v1675425058,25.3.1,1700,,,,0
Jul-22,"St. Catharines - Niagara, Census metropolitan area (CMA)",2021S0503539,Apartment - 2 bedrooms,Average asking rent,Dollars,81,units,0,v1675425058,25.3.1,1790,,,,0
Oct-22,"St. Catharines - Niagara, Census metropolitan area (CMA)",2021S0503539,Apartment - 2 bedrooms,Average asking rent,Dollars,81,units,0,v1675425058,25.3.1,1740,,,,0
Jan-23,"St. Catharines - Niagara, Census metropolitan area (CMA)",2021S0503539,Apartment - 2 bedrooms,Average asking rent,Dollars,81,units,0,v1675425058,25.3.1,1770,,,,0
Apr-23,"St. Catharines - Niagara, Census metropolitan area (CMA)",2021S0503539,Apartment - 2 bedrooms,Average asking rent,Dollars,81,units,0,v1675425058,25.3.1,1760,,,,0
Jul-23,"St. Catharines - Niagara, Census metropolitan area (CMA)",2021S0503539,Apartment - 2 bedrooms,Average asking rent,Dollars,81,units,0,v1675425058,25.3.1,1790,,,,0
Oct-23,"St. Catharines - Niagara, Census metropolitan area (CMA)",2021S0503539,Apartment - 2 bedrooms,Average asking rent,Dollars,81,units,0,v1675425058,25.3.1,1850,,,,0
Jan-24,"St. Catharines - Niagara, Census metropolitan area (CMA)",2021S0503539,Apartment - 2 bedrooms,Average asking rent,Dollars,81,units,0,v1675425058,25.3.1,1850,,,,0
Apr-24,"St. Catharines - Niagara, Census metropolitan area (CMA)",2021S0503539,Apartment - 2 bedrooms,Average asking rent,Dollars,81,units,0,v1675425058,25.3.1,1840,,,,0
Jul-24,"St. Catharines - Niagara, Census metropolitan area (CMA)",2021S0503539,Apartment - 2 bedrooms,Average asking rent,Dollars,81,units,0,v1675425058,25.3.1,1870,,,,0
Oct-24,"St. Catharines - Niagara, Census metropolitan area (CMA)",2021S0503539,Apartment - 2 bedrooms,Average asking rent,Dollars,81,units,0,v1675425058,25.3.1,1870,,,,0
Jan-25,"St. Catharines - Niagara, Census metropolitan area (CMA)",2021S0503539,Apartment - 2 bedrooms,Average asking rent,Dollars,81,units,0,v1675425058,25.3.1,1890,,,,0
Jan-20,"St. Catharines - Niagara, Census metropolitan area (CMA)",2021S0503539,Room,Average asking rent,Dollars,81,units,0,v1675425060,25.5.1,520,,,,0
Apr-20,"St. Catharines - Niagara, Census metropolitan area (CMA)",2021S0503539,Room,Average asking rent,Dollars,81,units,0,v1675425060,25.5.1,520,,,,0
Jul-20,"St. Catharines - Niagara, Census metropolitan area (CMA)",2021S0503539,Room,Average asking rent,Dollars,81,units,0,v1675425060,25.5.1,510,,,,0
Oct-20,"St. Catharines - Niagara, Census metropolitan area (CMA)",2021S0503539,Room,Average asking rent,Dollars,81,units,0,v1675425060,25.5.1,510,,,,0
Jan-21,"St. Catharines - Niagara, Census metropolitan area (CMA)",2021S0503539,Room,Average asking rent,Dollars,81,units,0,v1675425060,25.5.1,520,,,,0
Apr-21,"St. Catharines - Niagara, Census metropolitan area (CMA)",2021S0503539,Room,Average asking rent,Dollars,81,units,0,v1675425060,25.5.1,520,,,,0
Jul-21,"St. Catharines - Niagara, Census metropolitan area (CMA)",2021S0503539,Room,Average asking rent,Dollars,81,units,0,v1675425060,25.5.1,560,,,,0
Oct-21,"St. Catharines - Niagara, Census metropolitan area (CMA)",2021S0503539,Room,Average asking rent,Dollars,81,units,0,v1675425060,25.5.1,580,,,,0
Jan-22,"St. Catharines - Niagara, Census metropolitan area (CMA)",2021S0503539,Room,Average asking rent,Dollars,81,units,0,v1675425060,25.5.1,580,,,,0
Apr-22,"St. Catharines - Niagara, Census metropolitan area (CMA)",2021S0503539,Room,Average asking rent,Dollars,81,units,0,v1675425060,25.5.1,610,,,,0
Jul-22,"St. Catharines - Niagara, Census metropolitan area (CMA)",2021S0503539,Room,Average asking rent,Dollars,81,units,0,v1675425060,25.5.1,630,,,,0
Oct-22,"St. Catharines - Niagara, Census metropolitan area (CMA)",2021S0503539,Room,Average asking rent,Dollars,81,units,0,v1675425060,25.5.1,660,,,,0
Jan-23,"St. Catharines - Niagara, Census metropolitan area (CMA)",2021S0503539,Room,Average asking rent,Dollars,81,units,0,v1675425060,25.5.1,660,,,,0
Apr-23,"St. Catharines - Niagara, Census metropolitan area (CMA)",2021S0503539,Room,Average asking rent,Dollars,81,units,0,v1675425060,25.5.1,660,,,,0
Jul-23,"St. Catharines - Niagara, Census metropolitan area (CMA)",2021S0503539,Room,Average asking rent,Dollars,81,units,0,v1675425060,25.5.1,690,,,,0
Oct-23,"St. Catharines - Niagara, Census metropolitan area (CMA)",2021S0503539,Room,Average asking rent,Dollars,81,units,0,v1675425060,25.5.1,680,,,,0
Jan-24,"St. Catharines - Niagara, Census metropolitan area (CMA)",2021S0503539,Room,Average asking rent,Dollars,81,units,0,v1675425060,25.5.1,690,,,,0
Apr-24,"St. Catharines - Niagara, Census metropolitan area (CMA)",2021S0503539,Room,Average asking rent,Dollars,81,units,0,v1675425060,25.5.1,680,,,,0
Jul-24,"St. Catharines - Niagara, Census metropolitan area (CMA)",2021S0503539,Room,Average asking rent,Dollars,81,units,0,v1675425060,25.5.1,700,,,,0
Oct-24,"St. Catharines - Niagara, Census metropolitan area (CMA)",2021S0503539,Room,Average asking rent,Dollars,81,units,0,v1675425060,25.5.1,690,,,,0
Jan-25,"St. Catharines - Niagara, Census metropolitan area (CMA)",2021S0503539,Room,Average asking rent,Dollars,81,units,0,v1675425060,25.5.1,690,,,,0
Jan-20,"Thunder Bay, Census metropolitan area (CMA)",2021S0503595,Apartment - 1 bedroom,Average asking rent,Dollars,81,units,0,v1675425097,26.2.1,930,,,,0
Apr-20,"Thunder Bay, Census metropolitan area (CMA)",2021S0503595,Apartment - 1 bedroom,Average asking rent,Dollars,81,units,0,v1675425097,26.2.1,960,,,,0
Jul-20,"Thunder Bay, Census metropolitan area (CMA)",2021S0503595,Apartment - 1 bedroom,Average asking rent,Dollars,81,units,0,v1675425097,26.2.1,930,,,,0
Oct-20,"Thunder Bay, Census metropolitan area (CMA)",2021S0503595,Apartment - 1 bedroom,Average asking rent,Dollars,81,units,0,v1675425097,26.2.1,960,,,,0
Jan-21,"Thunder Bay, Census metropolitan area (CMA)",2021S0503595,Apartment - 1 bedroom,Average asking rent,Dollars,81,units,0,v1675425097,26.2.1,950,,,,0
Apr-21,"Thunder Bay, Census metropolitan area (CMA)",2021S0503595,Apartment - 1 bedroom,Average asking rent,Dollars,81,units,0,v1675425097,26.2.1,1070,E,,,0
Jul-21,"Thunder Bay, Census metropolitan area (CMA)",2021S0503595,Apartment - 1 bedroom,Average asking rent,Dollars,81,units,0,v1675425097,26.2.1,980,,,,0
Oct-21,"Thunder Bay, Census metropolitan area (CMA)",2021S0503595,Apartment - 1 bedroom,Average asking rent,Dollars,81,units,0,v1675425097,26.2.1,1000,,,,0
Jan-22,"Thunder Bay, Census metropolitan area (CMA)",2021S0503595,Apartment - 1 bedroom,Average asking rent,Dollars,81,units,0,v1675425097,26.2.1,1090,,,,0
Apr-22,"Thunder Bay, Census metropolitan area (CMA)",2021S0503595,Apartment - 1 bedroom,Average asking rent,Dollars,81,units,0,v1675425097,26.2.1,1100,,,,0
Jul-22,"Thunder Bay, Census metropolitan area (CMA)",2021S0503595,Apartment - 1 bedroom,Average asking rent,Dollars,81,units,0,v1675425097,26.2.1,1110,,,,0
Oct-22,"Thunder Bay, Census metropolitan area (CMA)",2021S0503595,Apartment - 1 bedroom,Average asking rent,Dollars,81,units,0,v1675425097,26.2.1,1190,E,,,0
Jan-23,"Thunder Bay, Census metropolitan area (CMA)",2021S0503595,Apartment - 1 bedroom,Average asking rent,Dollars,81,units,0,v1675425097,26.2.1,1130,,,,0
Apr-23,"Thunder Bay, Census metropolitan area (CMA)",2021S0503595,Apartment - 1 bedroom,Average asking rent,Dollars,81,units,0,v1675425097,26.2.1,1180,,,,0
Jul-23,"Thunder Bay, Census metropolitan area (CMA)",2021S0503595,Apartment - 1 bedroom,Average asking rent,Dollars,81,units,0,v1675425097,26.2.1,1300,E,,,0
Oct-23,"Thunder Bay, Census metropolitan area (CMA)",2021S0503595,Apartment - 1 bedroom,Average asking rent,Dollars,81,units,0,v1675425097,26.2.1,1190,,,,0
Jan-24,"Thunder Bay, Census metropolitan area (CMA)",2021S0503595,Apartment - 1 bedroom,Average asking rent,Dollars,81,units,0,v1675425097,26.2.1,1320,,,,0
Apr-24,"Thunder Bay, Census metropolitan area (CMA)",2021S0503595,Apartment - 1 bedroom,Average asking rent,Dollars,81,units,0,v1675425097,26.2.1,1320,,,,0
Jul-24,"Thunder Bay, Census metropolitan area (CMA)",2021S0503595,Apartment - 1 bedroom,Average asking rent,Dollars,81,units,0,v1675425097,26.2.1,1380,,,,0
Oct-24,"Thunder Bay, Census metropolitan area (CMA)",2021S0503595,Apartment - 1 bedroom,Average asking rent,Dollars,81,units,0,v1675425097,26.2.1,1320,,,,0
Jan-25,"Thunder Bay, Census metropolitan area (CMA)",2021S0503595,Apartment - 1 bedroom,Average asking rent,Dollars,81,units,0,v1675425097,26.2.1,1410,,,,0
Jan-20,"Thunder Bay, Census metropolitan area (CMA)",2021S0503595,Apartment - 2 bedrooms,Average asking rent,Dollars,81,units,0,v1675425098,26.3.1,1310,,,,0
Apr-20,"Thunder Bay, Census metropolitan area (CMA)",2021S0503595,Apartment - 2 bedrooms,Average asking rent,Dollars,81,units,0,v1675425098,26.3.1,1350,,,,0
Jul-20,"Thunder Bay, Census metropolitan area (CMA)",2021S0503595,Apartment - 2 bedrooms,Average asking rent,Dollars,81,units,0,v1675425098,26.3.1,1250,,,,0
Oct-20,"Thunder Bay, Census metropolitan area (CMA)",2021S0503595,Apartment - 2 bedrooms,Average asking rent,Dollars,81,units,0,v1675425098,26.3.1,1240,,,,0
Jan-21,"Thunder Bay, Census metropolitan area (CMA)",2021S0503595,Apartment - 2 bedrooms,Average asking rent,Dollars,81,units,0,v1675425098,26.3.1,1420,,,,0
Apr-21,"Thunder Bay, Census metropolitan area (CMA)",2021S0503595,Apartment - 2 bedrooms,Average asking rent,Dollars,81,units,0,v1675425098,26.3.1,1370,,,,0
Jul-21,"Thunder Bay, Census metropolitan area (CMA)",2021S0503595,Apartment - 2 bedrooms,Average asking rent,Dollars,81,units,0,v1675425098,26.3.1,1410,,,,0
Oct-21,"Thunder Bay, Census metropolitan area (CMA)",2021S0503595,Apartment - 2 bedrooms,Average asking rent,Dollars,81,units,0,v1675425098,26.3.1,1460,,,,0
Jan-22,"Thunder Bay, Census metropolitan area (CMA)",2021S0503595,Apartment - 2 bedrooms,Average asking rent,Dollars,81,units,0,v1675425098,26.3.1,1460,,,,0
Apr-22,"Thunder Bay, Census metropolitan area (CMA)",2021S0503595,Apartment - 2 bedrooms,Average asking rent,Dollars,81,units,0,v1675425098,26.3.1,1530,,,,0
Jul-22,"Thunder Bay, Census metropolitan area (CMA)",2021S0503595,Apartment - 2 bedrooms,Average asking rent,Dollars,81,units,0,v1675425098,26.3.1,1460,,,,0
Oct-22,"Thunder Bay, Census metropolitan area (CMA)",2021S0503595,Apartment - 2 bedrooms,Average asking rent,Dollars,81,units,0,v1675425098,26.3.1,1490,,,,0
Jan-23,"Thunder Bay, Census metropolitan area (CMA)",2021S0503595,Apartment - 2 bedrooms,Average asking rent,Dollars,81,units,0,v1675425098,26.3.1,1580,,,,0
Apr-23,"Thunder Bay, Census metropolitan area (CMA)",2021S0503595,Apartment - 2 bedrooms,Average asking rent,Dollars,81,units,0,v1675425098,26.3.1,1590,,,,0
Jul-23,"Thunder Bay, Census metropolitan area (CMA)",2021S0503595,Apartment - 2 bedrooms,Average asking rent,Dollars,81,units,0,v1675425098,26.3.1,1660,,,,0
Oct-23,"Thunder Bay, Census metropolitan area (CMA)",2021S0503595,Apartment - 2 bedrooms,Average asking rent,Dollars,81,units,0,v1675425098,26.3.1,1650,,,,0
Jan-24,"Thunder Bay, Census metropolitan area (CMA)",2021S0503595,Apartment - 2 bedrooms,Average asking rent,Dollars,81,units,0,v1675425098,26.3.1,1740,,,,0
Apr-24,"Thunder Bay, Census metropolitan area (CMA)",2021S0503595,Apartment - 2 bedrooms,Average asking rent,Dollars,81,units,0,v1675425098,26.3.1,1710,,,,0
Jul-24,"Thunder Bay, Census metropolitan area (CMA)",2021S0503595,Apartment - 2 bedrooms,Average asking rent,Dollars,81,units,0,v1675425098,26.3.1,2000,E,,,0
Oct-24,"Thunder Bay, Census metropolitan area (CMA)",2021S0503595,Apartment - 2 bedrooms,Average asking rent,Dollars,81,units,0,v1675425098,26.3.1,1810,,,,0
Jan-25,"Thunder Bay, Census metropolitan area (CMA)",2021S0503595,Apartment - 2 bedrooms,Average asking rent,Dollars,81,units,0,v1675425098,26.3.1,1800,,,,0
Jan-20,"Thunder Bay, Census metropolitan area (CMA)",2021S0503595,Room,Average asking rent,Dollars,81,units,0,v1675425100,26.5.1,520,,,,0
Apr-20,"Thunder Bay, Census metropolitan area (CMA)",2021S0503595,Room,Average asking rent,Dollars,81,units,0,v1675425100,26.5.1,490,,,,0
Jul-20,"Thunder Bay, Census metropolitan area (CMA)",2021S0503595,Room,Average asking rent,Dollars,81,units,0,v1675425100,26.5.1,500,,,,0
Oct-20,"Thunder Bay, Census metropolitan area (CMA)",2021S0503595,Room,Average asking rent,Dollars,81,units,0,v1675425100,26.5.1,500,,,,0
Jan-21,"Thunder Bay, Census metropolitan area (CMA)",2021S0503595,Room,Average asking rent,Dollars,81,units,0,v1675425100,26.5.1,500,,,,0
Apr-21,"Thunder Bay, Census metropolitan area (CMA)",2021S0503595,Room,Average asking rent,Dollars,81,units,0,v1675425100,26.5.1,500,,,,0
Jul-21,"Thunder Bay, Census metropolitan area (CMA)",2021S0503595,Room,Average asking rent,Dollars,81,units,0,v1675425100,26.5.1,520,,,,0
Oct-21,"Thunder Bay, Census metropolitan area (CMA)",2021S0503595,Room,Average asking rent,Dollars,81,units,0,v1675425100,26.5.1,520,,,,0
Jan-22,"Thunder Bay, Census metropolitan area (CMA)",2021S0503595,Room,Average asking rent,Dollars,81,units,0,v1675425100,26.5.1,540,,,,0
Apr-22,"Thunder Bay, Census metropolitan area (CMA)",2021S0503595,Room,Average asking rent,Dollars,81,units,0,v1675425100,26.5.1,560,,,,0
Jul-22,"Thunder Bay, Census metropolitan area (CMA)",2021S0503595,Room,Average asking rent,Dollars,81,units,0,v1675425100,26.5.1,570,,,,0
Oct-22,"Thunder Bay, Census metropolitan area (CMA)",2021S0503595,Room,Average asking rent,Dollars,81,units,0,v1675425100,26.5.1,590,,,,0
Jan-23,"Thunder Bay, Census metropolitan area (CMA)",2021S0503595,Room,Average asking rent,Dollars,81,units,0,v1675425100,26.5.1,600,,,,0
Apr-23,"Thunder Bay, Census metropolitan area (CMA)",2021S0503595,Room,Average asking rent,Dollars,81,units,0,v1675425100,26.5.1,600,,,,0
Jul-23,"Thunder Bay, Census metropolitan area (CMA)",2021S0503595,Room,Average asking rent,Dollars,81,units,0,v1675425100,26.5.1,670,E,,,0
Oct-23,"Thunder Bay, Census metropolitan area (CMA)",2021S0503595,Room,Average asking rent,Dollars,81,units,0,v1675425100,26.5.1,630,,,,0
Jan-24,"Thunder Bay, Census metropolitan area (CMA)",2021S0503595,Room,Average asking rent,Dollars,81,units,0,v1675425100,26.5.1,650,,,,0
Apr-24,"Thunder Bay, Census metropolitan area (CMA)",2021S0503595,Room,Average asking rent,Dollars,81,units,0,v1675425100,26.5.1,640,,,,0
Jul-24,"Thunder Bay, Census metropolitan area (CMA)",2021S0503595,Room,Average asking rent,Dollars,81,units,0,v1675425100,26.5.1,700,,,,0
Oct-24,"Thunder Bay, Census metropolitan area (CMA)",2021S0503595,Room,Average asking rent,Dollars,81,units,0,v1675425100,26.5.1,690,,,,0
Jan-25,"Thunder Bay, Census metropolitan area (CMA)",2021S0503595,Room,Average asking rent,Dollars,81,units,0,v1675425100,26.5.1,710,,,,0
Jan-20,"Toronto, Census metropolitan area (CMA)",2021S0503535,Apartment - 1 bedroom,Average asking rent,Dollars,81,units,0,v1675425047,27.2.1,2000,,,,0
Apr-20,"Toronto, Census metropolitan area (CMA)",2021S0503535,Apartment - 1 bedroom,Average asking rent,Dollars,81,units,0,v1675425047,27.2.1,1930,,,,0
Jul-20,"Toronto, Census metropolitan area (CMA)",2021S0503535,Apartment - 1 bedroom,Average asking rent,Dollars,81,units,0,v1675425047,27.2.1,1860,,,,0
Oct-20,"Toronto, Census metropolitan area (CMA)",2021S0503535,Apartment - 1 bedroom,Average asking rent,Dollars,81,units,0,v1675425047,27.2.1,1750,,,,0
Jan-21,"Toronto, Census metropolitan area (CMA)",2021S0503535,Apartment - 1 bedroom,Average asking rent,Dollars,81,units,0,v1675425047,27.2.1,1720,,,,0
Apr-21,"Toronto, Census metropolitan area (CMA)",2021S0503535,Apartment - 1 bedroom,Average asking rent,Dollars,81,units,0,v1675425047,27.2.1,1740,,,,0
Jul-21,"Toronto, Census metropolitan area (CMA)",2021S0503535,Apartment - 1 bedroom,Average asking rent,Dollars,81,units,0,v1675425047,27.2.1,1780,,,,0
Oct-21,"Toronto, Census metropolitan area (CMA)",2021S0503535,Apartment - 1 bedroom,Average asking rent,Dollars,81,units,0,v1675425047,27.2.1,1830,,,,0
Jan-22,"Toronto, Census metropolitan area (CMA)",2021S0503535,Apartment - 1 bedroom,Average asking rent,Dollars,81,units,0,v1675425047,27.2.1,1870,,,,0
Apr-22,"Toronto, Census metropolitan area (CMA)",2021S0503535,Apartment - 1 bedroom,Average asking rent,Dollars,81,units,0,v1675425047,27.2.1,1950,,,,0
Jul-22,"Toronto, Census metropolitan area (CMA)",2021S0503535,Apartment - 1 bedroom,Average asking rent,Dollars,81,units,0,v1675425047,27.2.1,2100,,,,0
Oct-22,"Toronto, Census metropolitan area (CMA)",2021S0503535,Apartment - 1 bedroom,Average asking rent,Dollars,81,units,0,v1675425047,27.2.1,2180,,,,0
Jan-23,"Toronto, Census metropolitan area (CMA)",2021S0503535,Apartment - 1 bedroom,Average asking rent,Dollars,81,units,0,v1675425047,27.2.1,2210,,,,0
Apr-23,"Toronto, Census metropolitan area (CMA)",2021S0503535,Apartment - 1 bedroom,Average asking rent,Dollars,81,units,0,v1675425047,27.2.1,2280,,,,0
Jul-23,"Toronto, Census metropolitan area (CMA)",2021S0503535,Apartment - 1 bedroom,Average asking rent,Dollars,81,units,0,v1675425047,27.2.1,2320,,,,0
Oct-23,"Toronto, Census metropolitan area (CMA)",2021S0503535,Apartment - 1 bedroom,Average asking rent,Dollars,81,units,0,v1675425047,27.2.1,2340,,,,0
Jan-24,"Toronto, Census metropolitan area (CMA)",2021S0503535,Apartment - 1 bedroom,Average asking rent,Dollars,81,units,0,v1675425047,27.2.1,2290,,,,0
Apr-24,"Toronto, Census metropolitan area (CMA)",2021S0503535,Apartment - 1 bedroom,Average asking rent,Dollars,81,units,0,v1675425047,27.2.1,2280,,,,0
Jul-24,"Toronto, Census metropolitan area (CMA)",2021S0503535,Apartment - 1 bedroom,Average asking rent,Dollars,81,units,0,v1675425047,27.2.1,2270,,,,0
Oct-24,"Toronto, Census metropolitan area (CMA)",2021S0503535,Apartment - 1 bedroom,Average asking rent,Dollars,81,units,0,v1675425047,27.2.1,2210,,,,0
Jan-25,"Toronto, Census metropolitan area (CMA)",2021S0503535,Apartment - 1 bedroom,Average asking rent,Dollars,81,units,0,v1675425047,27.2.1,2170,,,,0
Jan-20,"Toronto, Census metropolitan area (CMA)",2021S0503535,Apartment - 2 bedrooms,Average asking rent,Dollars,81,units,0,v1675425048,27.3.1,2490,,,,0
Apr-20,"Toronto, Census metropolitan area (CMA)",2021S0503535,Apartment - 2 bedrooms,Average asking rent,Dollars,81,units,0,v1675425048,27.3.1,2370,,,,0
Jul-20,"Toronto, Census metropolitan area (CMA)",2021S0503535,Apartment - 2 bedrooms,Average asking rent,Dollars,81,units,0,v1675425048,27.3.1,2310,,,,0
Oct-20,"Toronto, Census metropolitan area (CMA)",2021S0503535,Apartment - 2 bedrooms,Average asking rent,Dollars,81,units,0,v1675425048,27.3.1,2190,,,,0
Jan-21,"Toronto, Census metropolitan area (CMA)",2021S0503535,Apartment - 2 bedrooms,Average asking rent,Dollars,81,units,0,v1675425048,27.3.1,2140,,,,0
Apr-21,"Toronto, Census metropolitan area (CMA)",2021S0503535,Apartment - 2 bedrooms,Average asking rent,Dollars,81,units,0,v1675425048,27.3.1,2190,,,,0
Jul-21,"Toronto, Census metropolitan area (CMA)",2021S0503535,Apartment - 2 bedrooms,Average asking rent,Dollars,81,units,0,v1675425048,27.3.1,2210,,,,0
Oct-21,"Toronto, Census metropolitan area (CMA)",2021S0503535,Apartment - 2 bedrooms,Average asking rent,Dollars,81,units,0,v1675425048,27.3.1,2280,,,,0
Jan-22,"Toronto, Census metropolitan area (CMA)",2021S0503535,Apartment - 2 bedrooms,Average asking rent,Dollars,81,units,0,v1675425048,27.3.1,2320,,,,0
Apr-22,"Toronto, Census metropolitan area (CMA)",2021S0503535,Apartment - 2 bedrooms,Average asking rent,Dollars,81,units,0,v1675425048,27.3.1,2460,,,,0
Jul-22,"Toronto, Census metropolitan area (CMA)",2021S0503535,Apartment - 2 bedrooms,Average asking rent,Dollars,81,units,0,v1675425048,27.3.1,2640,,,,0
Oct-22,"Toronto, Census metropolitan area (CMA)",2021S0503535,Apartment - 2 bedrooms,Average asking rent,Dollars,81,units,0,v1675425048,27.3.1,2710,,,,0
Jan-23,"Toronto, Census metropolitan area (CMA)",2021S0503535,Apartment - 2 bedrooms,Average asking rent,Dollars,81,units,0,v1675425048,27.3.1,2730,,,,0
Apr-23,"Toronto, Census metropolitan area (CMA)",2021S0503535,Apartment - 2 bedrooms,Average asking rent,Dollars,81,units,0,v1675425048,27.3.1,2880,,,,0
Jul-23,"Toronto, Census metropolitan area (CMA)",2021S0503535,Apartment - 2 bedrooms,Average asking rent,Dollars,81,units,0,v1675425048,27.3.1,2920,,,,0
Oct-23,"Toronto, Census metropolitan area (CMA)",2021S0503535,Apartment - 2 bedrooms,Average asking rent,Dollars,81,units,0,v1675425048,27.3.1,2920,,,,0
Jan-24,"Toronto, Census metropolitan area (CMA)",2021S0503535,Apartment - 2 bedrooms,Average asking rent,Dollars,81,units,0,v1675425048,27.3.1,2850,,,,0
Apr-24,"Toronto, Census metropolitan area (CMA)",2021S0503535,Apartment - 2 bedrooms,Average asking rent,Dollars,81,units,0,v1675425048,27.3.1,2830,,,,0
Jul-24,"Toronto, Census metropolitan area (CMA)",2021S0503535,Apartment - 2 bedrooms,Average asking rent,Dollars,81,units,0,v1675425048,27.3.1,2830,,,,0
Oct-24,"Toronto, Census metropolitan area (CMA)",2021S0503535,Apartment - 2 bedrooms,Average asking rent,Dollars,81,units,0,v1675425048,27.3.1,2740,,,,0
Jan-25,"Toronto, Census metropolitan area (CMA)",2021S0503535,Apartment - 2 bedrooms,Average asking rent,Dollars,81,units,0,v1675425048,27.3.1,2690,,,,0
Jan-20,"Toronto, Census metropolitan area (CMA)",2021S0503535,Room,Average asking rent,Dollars,81,units,0,v1675425050,27.5.1,720,,,,0
Apr-20,"Toronto, Census metropolitan area (CMA)",2021S0503535,Room,Average asking rent,Dollars,81,units,0,v1675425050,27.5.1,720,,,,0
Jul-20,"Toronto, Census metropolitan area (CMA)",2021S0503535,Room,Average asking rent,Dollars,81,units,0,v1675425050,27.5.1,700,,,,0
Oct-20,"Toronto, Census metropolitan area (CMA)",2021S0503535,Room,Average asking rent,Dollars,81,units,0,v1675425050,27.5.1,680,,,,0
Jan-21,"Toronto, Census metropolitan area (CMA)",2021S0503535,Room,Average asking rent,Dollars,81,units,0,v1675425050,27.5.1,670,,,,0
Apr-21,"Toronto, Census metropolitan area (CMA)",2021S0503535,Room,Average asking rent,Dollars,81,units,0,v1675425050,27.5.1,680,,,,0
Jul-21,"Toronto, Census metropolitan area (CMA)",2021S0503535,Room,Average asking rent,Dollars,81,units,0,v1675425050,27.5.1,690,,,,0
Oct-21,"Toronto, Census metropolitan area (CMA)",2021S0503535,Room,Average asking rent,Dollars,81,units,0,v1675425050,27.5.1,690,,,,0
Jan-22,"Toronto, Census metropolitan area (CMA)",2021S0503535,Room,Average asking rent,Dollars,81,units,0,v1675425050,27.5.1,700,,,,0
Apr-22,"Toronto, Census metropolitan area (CMA)",2021S0503535,Room,Average asking rent,Dollars,81,units,0,v1675425050,27.5.1,730,,,,0
Jul-22,"Toronto, Census metropolitan area (CMA)",2021S0503535,Room,Average asking rent,Dollars,81,units,0,v1675425050,27.5.1,760,,,,0
Oct-22,"Toronto, Census metropolitan area (CMA)",2021S0503535,Room,Average asking rent,Dollars,81,units,0,v1675425050,27.5.1,770,,,,0
Jan-23,"Toronto, Census metropolitan area (CMA)",2021S0503535,Room,Average asking rent,Dollars,81,units,0,v1675425050,27.5.1,790,,,,0
Apr-23,"Toronto, Census metropolitan area (CMA)",2021S0503535,Room,Average asking rent,Dollars,81,units,0,v1675425050,27.5.1,850,,,,0
Jul-23,"Toronto, Census metropolitan area (CMA)",2021S0503535,Room,Average asking rent,Dollars,81,units,0,v1675425050,27.5.1,880,,,,0
Oct-23,"Toronto, Census metropolitan area (CMA)",2021S0503535,Room,Average asking rent,Dollars,81,units,0,v1675425050,27.5.1,850,,,,0
Jan-24,"Toronto, Census metropolitan area (CMA)",2021S0503535,Room,Average asking rent,Dollars,81,units,0,v1675425050,27.5.1,860,,,,0
Apr-24,"Toronto, Census metropolitan area (CMA)",2021S0503535,Room,Average asking rent,Dollars,81,units,0,v1675425050,27.5.1,890,,,,0
Jul-24,"Toronto, Census metropolitan area (CMA)",2021S0503535,Room,Average asking rent,Dollars,81,units,0,v1675425050,27.5.1,860,,,,0
Oct-24,"Toronto, Census metropolitan area (CMA)",2021S0503535,Room,Average asking rent,Dollars,81,units,0,v1675425050,27.5.1,830,,,,0
Jan-25,"Toronto, Census metropolitan area (CMA)",2021S0503535,Room,Average asking rent,Dollars,81,units,0,v1675425050,27.5.1,840,,,,0
Jan-20,"Windsor, Census metropolitan area (CMA)",2021S0503559,Apartment - 1 bedroom,Average asking rent,Dollars,81,units,0,v1675425082,28.2.1,1030,,,,0
Apr-20,"Windsor, Census metropolitan area (CMA)",2021S0503559,Apartment - 1 bedroom,Average asking rent,Dollars,81,units,0,v1675425082,28.2.1,1100,,,,0
Jul-20,"Windsor, Census metropolitan area (CMA)",2021S0503559,Apartment - 1 bedroom,Average asking rent,Dollars,81,units,0,v1675425082,28.2.1,1110,,,,0
Oct-20,"Windsor, Census metropolitan area (CMA)",2021S0503559,Apartment - 1 bedroom,Average asking rent,Dollars,81,units,0,v1675425082,28.2.1,1120,,,,0
Jan-21,"Windsor, Census metropolitan area (CMA)",2021S0503559,Apartment - 1 bedroom,Average asking rent,Dollars,81,units,0,v1675425082,28.2.1,1160,,,,0
Apr-21,"Windsor, Census metropolitan area (CMA)",2021S0503559,Apartment - 1 bedroom,Average asking rent,Dollars,81,units,0,v1675425082,28.2.1,1170,,,,0
Jul-21,"Windsor, Census metropolitan area (CMA)",2021S0503559,Apartment - 1 bedroom,Average asking rent,Dollars,81,units,0,v1675425082,28.2.1,1230,,,,0
Oct-21,"Windsor, Census metropolitan area (CMA)",2021S0503559,Apartment - 1 bedroom,Average asking rent,Dollars,81,units,0,v1675425082,28.2.1,1220,,,,0
Jan-22,"Windsor, Census metropolitan area (CMA)",2021S0503559,Apartment - 1 bedroom,Average asking rent,Dollars,81,units,0,v1675425082,28.2.1,1230,,,,0
Apr-22,"Windsor, Census metropolitan area (CMA)",2021S0503559,Apartment - 1 bedroom,Average asking rent,Dollars,81,units,0,v1675425082,28.2.1,1290,,,,0
Jul-22,"Windsor, Census metropolitan area (CMA)",2021S0503559,Apartment - 1 bedroom,Average asking rent,Dollars,81,units,0,v1675425082,28.2.1,1320,,,,0
Oct-22,"Windsor, Census metropolitan area (CMA)",2021S0503559,Apartment - 1 bedroom,Average asking rent,Dollars,81,units,0,v1675425082,28.2.1,1320,,,,0
Jan-23,"Windsor, Census metropolitan area (CMA)",2021S0503559,Apartment - 1 bedroom,Average asking rent,Dollars,81,units,0,v1675425082,28.2.1,1420,,,,0
Apr-23,"Windsor, Census metropolitan area (CMA)",2021S0503559,Apartment - 1 bedroom,Average asking rent,Dollars,81,units,0,v1675425082,28.2.1,1410,,,,0
Jul-23,"Windsor, Census metropolitan area (CMA)",2021S0503559,Apartment - 1 bedroom,Average asking rent,Dollars,81,units,0,v1675425082,28.2.1,1400,,,,0
Oct-23,"Windsor, Census metropolitan area (CMA)",2021S0503559,Apartment - 1 bedroom,Average asking rent,Dollars,81,units,0,v1675425082,28.2.1,1470,,,,0
Jan-24,"Windsor, Census metropolitan area (CMA)",2021S0503559,Apartment - 1 bedroom,Average asking rent,Dollars,81,units,0,v1675425082,28.2.1,1490,,,,0
Apr-24,"Windsor, Census metropolitan area (CMA)",2021S0503559,Apartment - 1 bedroom,Average asking rent,Dollars,81,units,0,v1675425082,28.2.1,1510,,,,0
Jul-24,"Windsor, Census metropolitan area (CMA)",2021S0503559,Apartment - 1 bedroom,Average asking rent,Dollars,81,units,0,v1675425082,28.2.1,1520,,,,0
Oct-24,"Windsor, Census metropolitan area (CMA)",2021S0503559,Apartment - 1 bedroom,Average asking rent,Dollars,81,units,0,v1675425082,28.2.1,1520,,,,0
Jan-25,"Windsor, Census metropolitan area (CMA)",2021S0503559,Apartment - 1 bedroom,Average asking rent,Dollars,81,units,0,v1675425082,28.2.1,1490,,,,0
Jan-20,"Windsor, Census metropolitan area (CMA)",2021S0503559,Apartment - 2 bedrooms,Average asking rent,Dollars,81,units,0,v1675425083,28.3.1,1370,,,,0
Apr-20,"Windsor, Census metropolitan area (CMA)",2021S0503559,Apartment - 2 bedrooms,Average asking rent,Dollars,81,units,0,v1675425083,28.3.1,1360,,,,0
Jul-20,"Windsor, Census metropolitan area (CMA)",2021S0503559,Apartment - 2 bedrooms,Average asking rent,Dollars,81,units,0,v1675425083,28.3.1,1420,,,,0
Oct-20,"Windsor, Census metropolitan area (CMA)",2021S0503559,Apartment - 2 bedrooms,Average asking rent,Dollars,81,units,0,v1675425083,28.3.1,1440,,,,0
Jan-21,"Windsor, Census metropolitan area (CMA)",2021S0503559,Apartment - 2 bedrooms,Average asking rent,Dollars,81,units,0,v1675425083,28.3.1,1440,,,,0
Apr-21,"Windsor, Census metropolitan area (CMA)",2021S0503559,Apartment - 2 bedrooms,Average asking rent,Dollars,81,units,0,v1675425083,28.3.1,1500,,,,0
Jul-21,"Windsor, Census metropolitan area (CMA)",2021S0503559,Apartment - 2 bedrooms,Average asking rent,Dollars,81,units,0,v1675425083,28.3.1,1460,,,,0
Oct-21,"Windsor, Census metropolitan area (CMA)",2021S0503559,Apartment - 2 bedrooms,Average asking rent,Dollars,81,units,0,v1675425083,28.3.1,1500,,,,0
Jan-22,"Windsor, Census metropolitan area (CMA)",2021S0503559,Apartment - 2 bedrooms,Average asking rent,Dollars,81,units,0,v1675425083,28.3.1,1450,E,,,0
Apr-22,"Windsor, Census metropolitan area (CMA)",2021S0503559,Apartment - 2 bedrooms,Average asking rent,Dollars,81,units,0,v1675425083,28.3.1,1570,,,,0
Jul-22,"Windsor, Census metropolitan area (CMA)",2021S0503559,Apartment - 2 bedrooms,Average asking rent,Dollars,81,units,0,v1675425083,28.3.1,1640,,,,0
Oct-22,"Windsor, Census metropolitan area (CMA)",2021S0503559,Apartment - 2 bedrooms,Average asking rent,Dollars,81,units,0,v1675425083,28.3.1,1670,,,,0
Jan-23,"Windsor, Census metropolitan area (CMA)",2021S0503559,Apartment - 2 bedrooms,Average asking rent,Dollars,81,units,0,v1675425083,28.3.1,1720,,,,0
Apr-23,"Windsor, Census metropolitan area (CMA)",2021S0503559,Apartment - 2 bedrooms,Average asking rent,Dollars,81,units,0,v1675425083,28.3.1,1680,,,,0
Jul-23,"Windsor, Census metropolitan area (CMA)",2021S0503559,Apartment - 2 bedrooms,Average asking rent,Dollars,81,units,0,v1675425083,28.3.1,1680,E,,,0
Oct-23,"Windsor, Census metropolitan area (CMA)",2021S0503559,Apartment - 2 bedrooms,Average asking rent,Dollars,81,units,0,v1675425083,28.3.1,1840,,,,0
Jan-24,"Windsor, Census metropolitan area (CMA)",2021S0503559,Apartment - 2 bedrooms,Average asking rent,Dollars,81,units,0,v1675425083,28.3.1,1880,,,,0
Apr-24,"Windsor, Census metropolitan area (CMA)",2021S0503559,Apartment - 2 bedrooms,Average asking rent,Dollars,81,units,0,v1675425083,28.3.1,1840,,,,0
Jul-24,"Windsor, Census metropolitan area (CMA)",2021S0503559,Apartment - 2 bedrooms,Average asking rent,Dollars,81,units,0,v1675425083,28.3.1,1900,,,,0
Oct-24,"Windsor, Census metropolitan area (CMA)",2021S0503559,Apartment - 2 bedrooms,Average asking rent,Dollars,81,units,0,v1675425083,28.3.1,1870,,,,0
Jan-25,"Windsor, Census metropolitan area (CMA)",2021S0503559,Apartment - 2 bedrooms,Average asking rent,Dollars,81,units,0,v1675425083,28.3.1,1880,,,,0
Jan-20,"Windsor, Census metropolitan area (CMA)",2021S0503559,Room,Average asking rent,Dollars,81,units,0,v1675425085,28.5.1,460,,,,0
Apr-20,"Windsor, Census metropolitan area (CMA)",2021S0503559,Room,Average asking rent,Dollars,81,units,0,v1675425085,28.5.1,420,,,,0
Jul-20,"Windsor, Census metropolitan area (CMA)",2021S0503559,Room,Average asking rent,Dollars,81,units,0,v1675425085,28.5.1,450,,,,0
Oct-20,"Windsor, Census metropolitan area (CMA)",2021S0503559,Room,Average asking rent,Dollars,81,units,0,v1675425085,28.5.1,450,,,,0
Jan-21,"Windsor, Census metropolitan area (CMA)",2021S0503559,Room,Average asking rent,Dollars,81,units,0,v1675425085,28.5.1,460,,,,0
Apr-21,"Windsor, Census metropolitan area (CMA)",2021S0503559,Room,Average asking rent,Dollars,81,units,0,v1675425085,28.5.1,490,,,,0
Jul-21,"Windsor, Census metropolitan area (CMA)",2021S0503559,Room,Average asking rent,Dollars,81,units,0,v1675425085,28.5.1,510,,,,0
Oct-21,"Windsor, Census metropolitan area (CMA)",2021S0503559,Room,Average asking rent,Dollars,81,units,0,v1675425085,28.5.1,520,,,,0
Jan-22,"Windsor, Census metropolitan area (CMA)",2021S0503559,Room,Average asking rent,Dollars,81,units,0,v1675425085,28.5.1,550,,,,0
Apr-22,"Windsor, Census metropolitan area (CMA)",2021S0503559,Room,Average asking rent,Dollars,81,units,0,v1675425085,28.5.1,530,,,,0
Jul-22,"Windsor, Census metropolitan area (CMA)",2021S0503559,Room,Average asking rent,Dollars,81,units,0,v1675425085,28.5.1,560,,,,0
Oct-22,"Windsor, Census metropolitan area (CMA)",2021S0503559,Room,Average asking rent,Dollars,81,units,0,v1675425085,28.5.1,560,,,,0
Jan-23,"Windsor, Census metropolitan area (CMA)",2021S0503559,Room,Average asking rent,Dollars,81,units,0,v1675425085,28.5.1,570,,,,0
Apr-23,"Windsor, Census metropolitan area (CMA)",2021S0503559,Room,Average asking rent,Dollars,81,units,0,v1675425085,28.5.1,560,,,,0
Jul-23,"Windsor, Census metropolitan area (CMA)",2021S0503559,Room,Average asking rent,Dollars,81,units,0,v1675425085,28.5.1,600,,,,0
Oct-23,"Windsor, Census metropolitan area (CMA)",2021S0503559,Room,Average asking rent,Dollars,81,units,0,v1675425085,28.5.1,580,,,,0
Jan-24,"Windsor, Census metropolitan area (CMA)",2021S0503559,Room,Average asking rent,Dollars,81,units,0,v1675425085,28.5.1,600,,,,0
Apr-24,"Windsor, Census metropolitan area (CMA)",2021S0503559,Room,Average asking rent,Dollars,81,units,0,v1675425085,28.5.1,600,,,,0
Jul-24,"Windsor, Census metropolitan area (CMA)",2021S0503559,Room,Average asking rent,Dollars,81,units,0,v1675425085,28.5.1,620,,,,0
Oct-24,"Windsor, Census metropolitan area (CMA)",2021S0503559,Room,Average asking rent,Dollars,81,units,0,v1675425085,28.5.1,600,,,,0
Jan-25,"Windsor, Census metropolitan area (CMA)",2021S0503559,Room,Average asking rent,Dollars,81,units,0,v1675425085,28.5.1,620,,,,0
Jan-20,"Winnipeg, Census metropolitan area (CMA)",2021S0503602,Apartment - 1 bedroom,Average asking rent,Dollars,81,units,0,v1675425102,29.2.1,1000,,,,0
Apr-20,"Winnipeg, Census metropolitan area (CMA)",2021S0503602,Apartment - 1 bedroom,Average asking rent,Dollars,81,units,0,v1675425102,29.2.1,1030,,,,0
Jul-20,"Winnipeg, Census metropolitan area (CMA)",2021S0503602,Apartment - 1 bedroom,Average asking rent,Dollars,81,units,0,v1675425102,29.2.1,1030,,,,0
Oct-20,"Winnipeg, Census metropolitan area (CMA)",2021S0503602,Apartment - 1 bedroom,Average asking rent,Dollars,81,units,0,v1675425102,29.2.1,1020,,,,0
Jan-21,"Winnipeg, Census metropolitan area (CMA)",2021S0503602,Apartment - 1 bedroom,Average asking rent,Dollars,81,units,0,v1675425102,29.2.1,1060,,,,0
Apr-21,"Winnipeg, Census metropolitan area (CMA)",2021S0503602,Apartment - 1 bedroom,Average asking rent,Dollars,81,units,0,v1675425102,29.2.1,1060,,,,0
Jul-21,"Winnipeg, Census metropolitan area (CMA)",2021S0503602,Apartment - 1 bedroom,Average asking rent,Dollars,81,units,0,v1675425102,29.2.1,1050,,,,0
Oct-21,"Winnipeg, Census metropolitan area (CMA)",2021S0503602,Apartment - 1 bedroom,Average asking rent,Dollars,81,units,0,v1675425102,29.2.1,1040,,,,0
Jan-22,"Winnipeg, Census metropolitan area (CMA)",2021S0503602,Apartment - 1 bedroom,Average asking rent,Dollars,81,units,0,v1675425102,29.2.1,1050,,,,0
Apr-22,"Winnipeg, Census metropolitan area (CMA)",2021S0503602,Apartment - 1 bedroom,Average asking rent,Dollars,81,units,0,v1675425102,29.2.1,1090,,,,0
Jul-22,"Winnipeg, Census metropolitan area (CMA)",2021S0503602,Apartment - 1 bedroom,Average asking rent,Dollars,81,units,0,v1675425102,29.2.1,1080,,,,0
Oct-22,"Winnipeg, Census metropolitan area (CMA)",2021S0503602,Apartment - 1 bedroom,Average asking rent,Dollars,81,units,0,v1675425102,29.2.1,1090,,,,0
Jan-23,"Winnipeg, Census metropolitan area (CMA)",2021S0503602,Apartment - 1 bedroom,Average asking rent,Dollars,81,units,0,v1675425102,29.2.1,1140,,,,0
Apr-23,"Winnipeg, Census metropolitan area (CMA)",2021S0503602,Apartment - 1 bedroom,Average asking rent,Dollars,81,units,0,v1675425102,29.2.1,1140,,,,0
Jul-23,"Winnipeg, Census metropolitan area (CMA)",2021S0503602,Apartment - 1 bedroom,Average asking rent,Dollars,81,units,0,v1675425102,29.2.1,1130,,,,0
Oct-23,"Winnipeg, Census metropolitan area (CMA)",2021S0503602,Apartment - 1 bedroom,Average asking rent,Dollars,81,units,0,v1675425102,29.2.1,1170,,,,0
Jan-24,"Winnipeg, Census metropolitan area (CMA)",2021S0503602,Apartment - 1 bedroom,Average asking rent,Dollars,81,units,0,v1675425102,29.2.1,1210,,,,0
Apr-24,"Winnipeg, Census metropolitan area (CMA)",2021S0503602,Apartment - 1 bedroom,Average asking rent,Dollars,81,units,0,v1675425102,29.2.1,1220,,,,0
Jul-24,"Winnipeg, Census metropolitan area (CMA)",2021S0503602,Apartment - 1 bedroom,Average asking rent,Dollars,81,units,0,v1675425102,29.2.1,1220,,,,0
Oct-24,"Winnipeg, Census metropolitan area (CMA)",2021S0503602,Apartment - 1 bedroom,Average asking rent,Dollars,81,units,0,v1675425102,29.2.1,1220,,,,0
Jan-25,"Winnipeg, Census metropolitan area (CMA)",2021S0503602,Apartment - 1 bedroom,Average asking rent,Dollars,81,units,0,v1675425102,29.2.1,1270,,,,0
Jan-20,"Winnipeg, Census metropolitan area (CMA)",2021S0503602,Apartment - 2 bedrooms,Average asking rent,Dollars,81,units,0,v1675425103,29.3.1,1260,,,,0
Apr-20,"Winnipeg, Census metropolitan area (CMA)",2021S0503602,Apartment - 2 bedrooms,Average asking rent,Dollars,81,units,0,v1675425103,29.3.1,1270,,,,0
Jul-20,"Winnipeg, Census metropolitan area (CMA)",2021S0503602,Apartment - 2 bedrooms,Average asking rent,Dollars,81,units,0,v1675425103,29.3.1,1300,,,,0
Oct-20,"Winnipeg, Census metropolitan area (CMA)",2021S0503602,Apartment - 2 bedrooms,Average asking rent,Dollars,81,units,0,v1675425103,29.3.1,1290,,,,0
Jan-21,"Winnipeg, Census metropolitan area (CMA)",2021S0503602,Apartment - 2 bedrooms,Average asking rent,Dollars,81,units,0,v1675425103,29.3.1,1320,,,,0
Apr-21,"Winnipeg, Census metropolitan area (CMA)",2021S0503602,Apartment - 2 bedrooms,Average asking rent,Dollars,81,units,0,v1675425103,29.3.1,1360,,,,0
Jul-21,"Winnipeg, Census metropolitan area (CMA)",2021S0503602,Apartment - 2 bedrooms,Average asking rent,Dollars,81,units,0,v1675425103,29.3.1,1340,,,,0
Oct-21,"Winnipeg, Census metropolitan area (CMA)",2021S0503602,Apartment - 2 bedrooms,Average asking rent,Dollars,81,units,0,v1675425103,29.3.1,1320,,,,0
Jan-22,"Winnipeg, Census metropolitan area (CMA)",2021S0503602,Apartment - 2 bedrooms,Average asking rent,Dollars,81,units,0,v1675425103,29.3.1,1320,,,,0
Apr-22,"Winnipeg, Census metropolitan area (CMA)",2021S0503602,Apartment - 2 bedrooms,Average asking rent,Dollars,81,units,0,v1675425103,29.3.1,1340,,,,0
Jul-22,"Winnipeg, Census metropolitan area (CMA)",2021S0503602,Apartment - 2 bedrooms,Average asking rent,Dollars,81,units,0,v1675425103,29.3.1,1370,,,,0
Oct-22,"Winnipeg, Census metropolitan area (CMA)",2021S0503602,Apartment - 2 bedrooms,Average asking rent,Dollars,81,units,0,v1675425103,29.3.1,1390,,,,0
Jan-23,"Winnipeg, Census metropolitan area (CMA)",2021S0503602,Apartment - 2 bedrooms,Average asking rent,Dollars,81,units,0,v1675425103,29.3.1,1430,,,,0
Apr-23,"Winnipeg, Census metropolitan area (CMA)",2021S0503602,Apartment - 2 bedrooms,Average asking rent,Dollars,81,units,0,v1675425103,29.3.1,1440,,,,0
Jul-23,"Winnipeg, Census metropolitan area (CMA)",2021S0503602,Apartment - 2 bedrooms,Average asking rent,Dollars,81,units,0,v1675425103,29.3.1,1430,,,,0
Oct-23,"Winnipeg, Census metropolitan area (CMA)",2021S0503602,Apartment - 2 bedrooms,Average asking rent,Dollars,81,units,0,v1675425103,29.3.1,1490,,,,0
Jan-24,"Winnipeg, Census metropolitan area (CMA)",2021S0503602,Apartment - 2 bedrooms,Average asking rent,Dollars,81,units,0,v1675425103,29.3.1,1540,,,,0
Apr-24,"Winnipeg, Census metropolitan area (CMA)",2021S0503602,Apartment - 2 bedrooms,Average asking rent,Dollars,81,units,0,v1675425103,29.3.1,1560,,,,0
Jul-24,"Winnipeg, Census metropolitan area (CMA)",2021S0503602,Apartment - 2 bedrooms,Average asking rent,Dollars,81,units,0,v1675425103,29.3.1,1570,,,,0
Oct-24,"Winnipeg, Census metropolitan area (CMA)",2021S0503602,Apartment - 2 bedrooms,Average asking rent,Dollars,81,units,0,v1675425103,29.3.1,1580,,,,0
Jan-25,"Winnipeg, Census metropolitan area (CMA)",2021S0503602,Apartment - 2 bedrooms,Average asking rent,Dollars,81,units,0,v1675425103,29.3.1,1600,,,,0
Jan-20,"Winnipeg, Census metropolitan area (CMA)",2021S0503602,Room,Average asking rent,Dollars,81,units,0,v1675425105,29.5.1,500,,,,0
Apr-20,"Winnipeg, Census metropolitan area (CMA)",2021S0503602,Room,Average asking rent,Dollars,81,units,0,v1675425105,29.5.1,500,,,,0
Jul-20,"Winnipeg, Census metropolitan area (CMA)",2021S0503602,Room,Average asking rent,Dollars,81,units,0,v1675425105,29.5.1,550,E,,,0
Oct-20,"Winnipeg, Census metropolitan area (CMA)",2021S0503602,Room,Average asking rent,Dollars,81,units,0,v1675425105,29.5.1,530,,,,0
Jan-21,"Winnipeg, Census metropolitan area (CMA)",2021S0503602,Room,Average asking rent,Dollars,81,units,0,v1675425105,29.5.1,540,E,,,0
Apr-21,"Winnipeg, Census metropolitan area (CMA)",2021S0503602,Room,Average asking rent,Dollars,81,units,0,v1675425105,29.5.1,500,,,,0
Jul-21,"Winnipeg, Census metropolitan area (CMA)",2021S0503602,Room,Average asking rent,Dollars,81,units,0,v1675425105,29.5.1,520,,,,0
Oct-21,"Winnipeg, Census metropolitan area (CMA)",2021S0503602,Room,Average asking rent,Dollars,81,units,0,v1675425105,29.5.1,500,,,,0
Jan-22,"Winnipeg, Census metropolitan area (CMA)",2021S0503602,Room,Average asking rent,Dollars,81,units,0,v1675425105,29.5.1,510,,,,0
Apr-22,"Winnipeg, Census metropolitan area (CMA)",2021S0503602,Room,Average asking rent,Dollars,81,units,0,v1675425105,29.5.1,510,,,,0
Jul-22,"Winnipeg, Census metropolitan area (CMA)",2021S0503602,Room,Average asking rent,Dollars,81,units,0,v1675425105,29.5.1,540,,,,0
Oct-22,"Winnipeg, Census metropolitan area (CMA)",2021S0503602,Room,Average asking rent,Dollars,81,units,0,v1675425105,29.5.1,510,,,,0
Jan-23,"Winnipeg, Census metropolitan area (CMA)",2021S0503602,Room,Average asking rent,Dollars,81,units,0,v1675425105,29.5.1,540,,,,0
Apr-23,"Winnipeg, Census metropolitan area (CMA)",2021S0503602,Room,Average asking rent,Dollars,81,units,0,v1675425105,29.5.1,550,,,,0
Jul-23,"Winnipeg, Census metropolitan area (CMA)",2021S0503602,Room,Average asking rent,Dollars,81,units,0,v1675425105,29.5.1,570,,,,0
Oct-23,"Winnipeg, Census metropolitan area (CMA)",2021S0503602,Room,Average asking rent,Dollars,81,units,0,v1675425105,29.5.1,560,,,,0
Jan-24,"Winnipeg, Census metropolitan area (CMA)",2021S0503602,Room,Average asking rent,Dollars,81,units,0,v1675425105,29.5.1,560,,,,0
Apr-24,"Winnipeg, Census metropolitan area (CMA)",2021S0503602,Room,Average asking rent,Dollars,81,units,0,v1675425105,29.5.1,580,,,,0
Jul-24,"Winnipeg, Census metropolitan area (CMA)",2021S0503602,Room,Average asking rent,Dollars,81,units,0,v1675425105,29.5.1,580,,,,0
Oct-24,"Winnipeg, Census metropolitan area (CMA)",2021S0503602,Room,Average asking rent,Dollars,81,units,0,v1675425105,29.5.1,580,,,,0
Jan-25,"Winnipeg, Census metropolitan area (CMA)",2021S0503602,Room,Average asking rent,Dollars,81,units,0,v1675425105,29.5.1,580,,,,0
Jan-20,"Regina, Census metropolitan area (CMA)",2021S0503705,Apartment - 1 bedroom,Average asking rent,Dollars,81,units,0,v1675425107,30.2.1,930,,,,0
Apr-20,"Regina, Census metropolitan area (CMA)",2021S0503705,Apartment - 1 bedroom,Average asking rent,Dollars,81,units,0,v1675425107,30.2.1,920,,,,0
Jul-20,"Regina, Census metropolitan area (CMA)",2021S0503705,Apartment - 1 bedroom,Average asking rent,Dollars,81,units,0,v1675425107,30.2.1,930,,,,0
Oct-20,"Regina, Census metropolitan area (CMA)",2021S0503705,Apartment - 1 bedroom,Average asking rent,Dollars,81,units,0,v1675425107,30.2.1,910,,,,0
Jan-21,"Regina, Census metropolitan area (CMA)",2021S0503705,Apartment - 1 bedroom,Average asking rent,Dollars,81,units,0,v1675425107,30.2.1,930,,,,0
Apr-21,"Regina, Census metropolitan area (CMA)",2021S0503705,Apartment - 1 bedroom,Average asking rent,Dollars,81,units,0,v1675425107,30.2.1,930,,,,0
Jul-21,"Regina, Census metropolitan area (CMA)",2021S0503705,Apartment - 1 bedroom,Average asking rent,Dollars,81,units,0,v1675425107,30.2.1,930,,,,0
Oct-21,"Regina, Census metropolitan area (CMA)",2021S0503705,Apartment - 1 bedroom,Average asking rent,Dollars,81,units,0,v1675425107,30.2.1,920,,,,0
Jan-22,"Regina, Census metropolitan area (CMA)",2021S0503705,Apartment - 1 bedroom,Average asking rent,Dollars,81,units,0,v1675425107,30.2.1,940,,,,0
Apr-22,"Regina, Census metropolitan area (CMA)",2021S0503705,Apartment - 1 bedroom,Average asking rent,Dollars,81,units,0,v1675425107,30.2.1,950,,,,0
Jul-22,"Regina, Census metropolitan area (CMA)",2021S0503705,Apartment - 1 bedroom,Average asking rent,Dollars,81,units,0,v1675425107,30.2.1,970,,,,0
Oct-22,"Regina, Census metropolitan area (CMA)",2021S0503705,Apartment - 1 bedroom,Average asking rent,Dollars,81,units,0,v1675425107,30.2.1,1000,,,,0
Jan-23,"Regina, Census metropolitan area (CMA)",2021S0503705,Apartment - 1 bedroom,Average asking rent,Dollars,81,units,0,v1675425107,30.2.1,1060,,,,0
Apr-23,"Regina, Census metropolitan area (CMA)",2021S0503705,Apartment - 1 bedroom,Average asking rent,Dollars,81,units,0,v1675425107,30.2.1,1080,,,,0
Jul-23,"Regina, Census metropolitan area (CMA)",2021S0503705,Apartment - 1 bedroom,Average asking rent,Dollars,81,units,0,v1675425107,30.2.1,1080,,,,0
Oct-23,"Regina, Census metropolitan area (CMA)",2021S0503705,Apartment - 1 bedroom,Average asking rent,Dollars,81,units,0,v1675425107,30.2.1,1140,,,,0
Jan-24,"Regina, Census metropolitan area (CMA)",2021S0503705,Apartment - 1 bedroom,Average asking rent,Dollars,81,units,0,v1675425107,30.2.1,1120,,,,0
Apr-24,"Regina, Census metropolitan area (CMA)",2021S0503705,Apartment - 1 bedroom,Average asking rent,Dollars,81,units,0,v1675425107,30.2.1,1170,,,,0
Jul-24,"Regina, Census metropolitan area (CMA)",2021S0503705,Apartment - 1 bedroom,Average asking rent,Dollars,81,units,0,v1675425107,30.2.1,1220,,,,0
Oct-24,"Regina, Census metropolitan area (CMA)",2021S0503705,Apartment - 1 bedroom,Average asking rent,Dollars,81,units,0,v1675425107,30.2.1,1230,,,,0
Jan-25,"Regina, Census metropolitan area (CMA)",2021S0503705,Apartment - 1 bedroom,Average asking rent,Dollars,81,units,0,v1675425107,30.2.1,1230,,,,0
Jan-20,"Regina, Census metropolitan area (CMA)",2021S0503705,Apartment - 2 bedrooms,Average asking rent,Dollars,81,units,0,v1675425108,30.3.1,1120,,,,0
Apr-20,"Regina, Census metropolitan area (CMA)",2021S0503705,Apartment - 2 bedrooms,Average asking rent,Dollars,81,units,0,v1675425108,30.3.1,1100,,,,0
Jul-20,"Regina, Census metropolitan area (CMA)",2021S0503705,Apartment - 2 bedrooms,Average asking rent,Dollars,81,units,0,v1675425108,30.3.1,1140,,,,0
Oct-20,"Regina, Census metropolitan area (CMA)",2021S0503705,Apartment - 2 bedrooms,Average asking rent,Dollars,81,units,0,v1675425108,30.3.1,1110,,,,0
Jan-21,"Regina, Census metropolitan area (CMA)",2021S0503705,Apartment - 2 bedrooms,Average asking rent,Dollars,81,units,0,v1675425108,30.3.1,1120,,,,0
Apr-21,"Regina, Census metropolitan area (CMA)",2021S0503705,Apartment - 2 bedrooms,Average asking rent,Dollars,81,units,0,v1675425108,30.3.1,1150,,,,0
Jul-21,"Regina, Census metropolitan area (CMA)",2021S0503705,Apartment - 2 bedrooms,Average asking rent,Dollars,81,units,0,v1675425108,30.3.1,1170,,,,0
Oct-21,"Regina, Census metropolitan area (CMA)",2021S0503705,Apartment - 2 bedrooms,Average asking rent,Dollars,81,units,0,v1675425108,30.3.1,1100,,,,0
Jan-22,"Regina, Census metropolitan area (CMA)",2021S0503705,Apartment - 2 bedrooms,Average asking rent,Dollars,81,units,0,v1675425108,30.3.1,1130,,,,0
Apr-22,"Regina, Census metropolitan area (CMA)",2021S0503705,Apartment - 2 bedrooms,Average asking rent,Dollars,81,units,0,v1675425108,30.3.1,1170,,,,0
Jul-22,"Regina, Census metropolitan area (CMA)",2021S0503705,Apartment - 2 bedrooms,Average asking rent,Dollars,81,units,0,v1675425108,30.3.1,1200,,,,0
Oct-22,"Regina, Census metropolitan area (CMA)",2021S0503705,Apartment - 2 bedrooms,Average asking rent,Dollars,81,units,0,v1675425108,30.3.1,1170,,,,0
Jan-23,"Regina, Census metropolitan area (CMA)",2021S0503705,Apartment - 2 bedrooms,Average asking rent,Dollars,81,units,0,v1675425108,30.3.1,1250,,,,0
Apr-23,"Regina, Census metropolitan area (CMA)",2021S0503705,Apartment - 2 bedrooms,Average asking rent,Dollars,81,units,0,v1675425108,30.3.1,1380,E,,,0
Jul-23,"Regina, Census metropolitan area (CMA)",2021S0503705,Apartment - 2 bedrooms,Average asking rent,Dollars,81,units,0,v1675425108,30.3.1,1360,,,,0
Oct-23,"Regina, Census metropolitan area (CMA)",2021S0503705,Apartment - 2 bedrooms,Average asking rent,Dollars,81,units,0,v1675425108,30.3.1,1340,,,,0
Jan-24,"Regina, Census metropolitan area (CMA)",2021S0503705,Apartment - 2 bedrooms,Average asking rent,Dollars,81,units,0,v1675425108,30.3.1,1370,,,,0
Apr-24,"Regina, Census metropolitan area (CMA)",2021S0503705,Apartment - 2 bedrooms,Average asking rent,Dollars,81,units,0,v1675425108,30.3.1,1410,,,,0
Jul-24,"Regina, Census metropolitan area (CMA)",2021S0503705,Apartment - 2 bedrooms,Average asking rent,Dollars,81,units,0,v1675425108,30.3.1,1440,,,,0
Oct-24,"Regina, Census metropolitan area (CMA)",2021S0503705,Apartment - 2 bedrooms,Average asking rent,Dollars,81,units,0,v1675425108,30.3.1,1440,,,,0
Jan-25,"Regina, Census metropolitan area (CMA)",2021S0503705,Apartment - 2 bedrooms,Average asking rent,Dollars,81,units,0,v1675425108,30.3.1,1410,,,,0
Jan-20,"Regina, Census metropolitan area (CMA)",2021S0503705,Room,Average asking rent,Dollars,81,units,0,v1675425110,30.5.1,500,,,,0
Apr-20,"Regina, Census metropolitan area (CMA)",2021S0503705,Room,Average asking rent,Dollars,81,units,0,v1675425110,30.5.1,490,,,,0
Jul-20,"Regina, Census metropolitan area (CMA)",2021S0503705,Room,Average asking rent,Dollars,81,units,0,v1675425110,30.5.1,500,,,,0
Oct-20,"Regina, Census metropolitan area (CMA)",2021S0503705,Room,Average asking rent,Dollars,81,units,0,v1675425110,30.5.1,490,,,,0
Jan-21,"Regina, Census metropolitan area (CMA)",2021S0503705,Room,Average asking rent,Dollars,81,units,0,v1675425110,30.5.1,490,,,,0
Apr-21,"Regina, Census metropolitan area (CMA)",2021S0503705,Room,Average asking rent,Dollars,81,units,0,v1675425110,30.5.1,500,,,,0
Jul-21,"Regina, Census metropolitan area (CMA)",2021S0503705,Room,Average asking rent,Dollars,81,units,0,v1675425110,30.5.1,520,,,,0
Oct-21,"Regina, Census metropolitan area (CMA)",2021S0503705,Room,Average asking rent,Dollars,81,units,0,v1675425110,30.5.1,520,,,,0
Jan-22,"Regina, Census metropolitan area (CMA)",2021S0503705,Room,Average asking rent,Dollars,81,units,0,v1675425110,30.5.1,540,,,,0
Apr-22,"Regina, Census metropolitan area (CMA)",2021S0503705,Room,Average asking rent,Dollars,81,units,0,v1675425110,30.5.1,540,,,,0
Jul-22,"Regina, Census metropolitan area (CMA)",2021S0503705,Room,Average asking rent,Dollars,81,units,0,v1675425110,30.5.1,540,,,,0
Oct-22,"Regina, Census metropolitan area (CMA)",2021S0503705,Room,Average asking rent,Dollars,81,units,0,v1675425110,30.5.1,550,,,,0
Jan-23,"Regina, Census metropolitan area (CMA)",2021S0503705,Room,Average asking rent,Dollars,81,units,0,v1675425110,30.5.1,550,,,,0
Apr-23,"Regina, Census metropolitan area (CMA)",2021S0503705,Room,Average asking rent,Dollars,81,units,0,v1675425110,30.5.1,550,,,,0
Jul-23,"Regina, Census metropolitan area (CMA)",2021S0503705,Room,Average asking rent,Dollars,81,units,0,v1675425110,30.5.1,590,,,,0
Oct-23,"Regina, Census metropolitan area (CMA)",2021S0503705,Room,Average asking rent,Dollars,81,units,0,v1675425110,30.5.1,580,,,,0
Jan-24,"Regina, Census metropolitan area (CMA)",2021S0503705,Room,Average asking rent,Dollars,81,units,0,v1675425110,30.5.1,570,,,,0
Apr-24,"Regina, Census metropolitan area (CMA)",2021S0503705,Room,Average asking rent,Dollars,81,units,0,v1675425110,30.5.1,610,,,,0
Jul-24,"Regina, Census metropolitan area (CMA)",2021S0503705,Room,Average asking rent,Dollars,81,units,0,v1675425110,30.5.1,600,,,,0
Oct-24,"Regina, Census metropolitan area (CMA)",2021S0503705,Room,Average asking rent,Dollars,81,units,0,v1675425110,30.5.1,610,,,,0
Jan-25,"Regina, Census metropolitan area (CMA)",2021S0503705,Room,Average asking rent,Dollars,81,units,0,v1675425110,30.5.1,630,,,,0
Jan-20,"Saskatoon, Census metropolitan area (CMA)",2021S0503725,Apartment - 1 bedroom,Average asking rent,Dollars,81,units,0,v1675425112,31.2.1,950,,,,0
Apr-20,"Saskatoon, Census metropolitan area (CMA)",2021S0503725,Apartment - 1 bedroom,Average asking rent,Dollars,81,units,0,v1675425112,31.2.1,970,,,,0
Jul-20,"Saskatoon, Census metropolitan area (CMA)",2021S0503725,Apartment - 1 bedroom,Average asking rent,Dollars,81,units,0,v1675425112,31.2.1,950,,,,0
Oct-20,"Saskatoon, Census metropolitan area (CMA)",2021S0503725,Apartment - 1 bedroom,Average asking rent,Dollars,81,units,0,v1675425112,31.2.1,970,,,,0
Jan-21,"Saskatoon, Census metropolitan area (CMA)",2021S0503725,Apartment - 1 bedroom,Average asking rent,Dollars,81,units,0,v1675425112,31.2.1,1010,,,,0
Apr-21,"Saskatoon, Census metropolitan area (CMA)",2021S0503725,Apartment - 1 bedroom,Average asking rent,Dollars,81,units,0,v1675425112,31.2.1,990,,,,0
Jul-21,"Saskatoon, Census metropolitan area (CMA)",2021S0503725,Apartment - 1 bedroom,Average asking rent,Dollars,81,units,0,v1675425112,31.2.1,990,,,,0
Oct-21,"Saskatoon, Census metropolitan area (CMA)",2021S0503725,Apartment - 1 bedroom,Average asking rent,Dollars,81,units,0,v1675425112,31.2.1,990,,,,0
Jan-22,"Saskatoon, Census metropolitan area (CMA)",2021S0503725,Apartment - 1 bedroom,Average asking rent,Dollars,81,units,0,v1675425112,31.2.1,1020,,,,0
Apr-22,"Saskatoon, Census metropolitan area (CMA)",2021S0503725,Apartment - 1 bedroom,Average asking rent,Dollars,81,units,0,v1675425112,31.2.1,1000,,,,0
Jul-22,"Saskatoon, Census metropolitan area (CMA)",2021S0503725,Apartment - 1 bedroom,Average asking rent,Dollars,81,units,0,v1675425112,31.2.1,1050,,,,0
Oct-22,"Saskatoon, Census metropolitan area (CMA)",2021S0503725,Apartment - 1 bedroom,Average asking rent,Dollars,81,units,0,v1675425112,31.2.1,1070,,,,0
Jan-23,"Saskatoon, Census metropolitan area (CMA)",2021S0503725,Apartment - 1 bedroom,Average asking rent,Dollars,81,units,0,v1675425112,31.2.1,1160,,,,0
Apr-23,"Saskatoon, Census metropolitan area (CMA)",2021S0503725,Apartment - 1 bedroom,Average asking rent,Dollars,81,units,0,v1675425112,31.2.1,1150,,,,0
Jul-23,"Saskatoon, Census metropolitan area (CMA)",2021S0503725,Apartment - 1 bedroom,Average asking rent,Dollars,81,units,0,v1675425112,31.2.1,1120,,,,0
Oct-23,"Saskatoon, Census metropolitan area (CMA)",2021S0503725,Apartment - 1 bedroom,Average asking rent,Dollars,81,units,0,v1675425112,31.2.1,1150,,,,0
Jan-24,"Saskatoon, Census metropolitan area (CMA)",2021S0503725,Apartment - 1 bedroom,Average asking rent,Dollars,81,units,0,v1675425112,31.2.1,1210,,,,0
Apr-24,"Saskatoon, Census metropolitan area (CMA)",2021S0503725,Apartment - 1 bedroom,Average asking rent,Dollars,81,units,0,v1675425112,31.2.1,1230,,,,0
Jul-24,"Saskatoon, Census metropolitan area (CMA)",2021S0503725,Apartment - 1 bedroom,Average asking rent,Dollars,81,units,0,v1675425112,31.2.1,1270,,,,0
Oct-24,"Saskatoon, Census metropolitan area (CMA)",2021S0503725,Apartment - 1 bedroom,Average asking rent,Dollars,81,units,0,v1675425112,31.2.1,1280,,,,0
Jan-25,"Saskatoon, Census metropolitan area (CMA)",2021S0503725,Apartment - 1 bedroom,Average asking rent,Dollars,81,units,0,v1675425112,31.2.1,1270,,,,0
Jan-20,"Saskatoon, Census metropolitan area (CMA)",2021S0503725,Apartment - 2 bedrooms,Average asking rent,Dollars,81,units,0,v1675425113,31.3.1,1170,,,,0
Apr-20,"Saskatoon, Census metropolitan area (CMA)",2021S0503725,Apartment - 2 bedrooms,Average asking rent,Dollars,81,units,0,v1675425113,31.3.1,1160,,,,0
Jul-20,"Saskatoon, Census metropolitan area (CMA)",2021S0503725,Apartment - 2 bedrooms,Average asking rent,Dollars,81,units,0,v1675425113,31.3.1,1190,,,,0
Oct-20,"Saskatoon, Census metropolitan area (CMA)",2021S0503725,Apartment - 2 bedrooms,Average asking rent,Dollars,81,units,0,v1675425113,31.3.1,1180,,,,0
Jan-21,"Saskatoon, Census metropolitan area (CMA)",2021S0503725,Apartment - 2 bedrooms,Average asking rent,Dollars,81,units,0,v1675425113,31.3.1,1210,,,,0
Apr-21,"Saskatoon, Census metropolitan area (CMA)",2021S0503725,Apartment - 2 bedrooms,Average asking rent,Dollars,81,units,0,v1675425113,31.3.1,1220,,,,0
Jul-21,"Saskatoon, Census metropolitan area (CMA)",2021S0503725,Apartment - 2 bedrooms,Average asking rent,Dollars,81,units,0,v1675425113,31.3.1,1210,,,,0
Oct-21,"Saskatoon, Census metropolitan area (CMA)",2021S0503725,Apartment - 2 bedrooms,Average asking rent,Dollars,81,units,0,v1675425113,31.3.1,1210,,,,0
Jan-22,"Saskatoon, Census metropolitan area (CMA)",2021S0503725,Apartment - 2 bedrooms,Average asking rent,Dollars,81,units,0,v1675425113,31.3.1,1210,,,,0
Apr-22,"Saskatoon, Census metropolitan area (CMA)",2021S0503725,Apartment - 2 bedrooms,Average asking rent,Dollars,81,units,0,v1675425113,31.3.1,1220,,,,0
Jul-22,"Saskatoon, Census metropolitan area (CMA)",2021S0503725,Apartment - 2 bedrooms,Average asking rent,Dollars,81,units,0,v1675425113,31.3.1,1310,,,,0
Oct-22,"Saskatoon, Census metropolitan area (CMA)",2021S0503725,Apartment - 2 bedrooms,Average asking rent,Dollars,81,units,0,v1675425113,31.3.1,1350,,,,0
Jan-23,"Saskatoon, Census metropolitan area (CMA)",2021S0503725,Apartment - 2 bedrooms,Average asking rent,Dollars,81,units,0,v1675425113,31.3.1,1350,,,,0
Apr-23,"Saskatoon, Census metropolitan area (CMA)",2021S0503725,Apartment - 2 bedrooms,Average asking rent,Dollars,81,units,0,v1675425113,31.3.1,1360,,,,0
Jul-23,"Saskatoon, Census metropolitan area (CMA)",2021S0503725,Apartment - 2 bedrooms,Average asking rent,Dollars,81,units,0,v1675425113,31.3.1,1360,,,,0
Oct-23,"Saskatoon, Census metropolitan area (CMA)",2021S0503725,Apartment - 2 bedrooms,Average asking rent,Dollars,81,units,0,v1675425113,31.3.1,1470,,,,0
Jan-24,"Saskatoon, Census metropolitan area (CMA)",2021S0503725,Apartment - 2 bedrooms,Average asking rent,Dollars,81,units,0,v1675425113,31.3.1,1490,,,,0
Apr-24,"Saskatoon, Census metropolitan area (CMA)",2021S0503725,Apartment - 2 bedrooms,Average asking rent,Dollars,81,units,0,v1675425113,31.3.1,1480,,,,0
Jul-24,"Saskatoon, Census metropolitan area (CMA)",2021S0503725,Apartment - 2 bedrooms,Average asking rent,Dollars,81,units,0,v1675425113,31.3.1,1510,,,,0
Oct-24,"Saskatoon, Census metropolitan area (CMA)",2021S0503725,Apartment - 2 bedrooms,Average asking rent,Dollars,81,units,0,v1675425113,31.3.1,1520,,,,0
Jan-25,"Saskatoon, Census metropolitan area (CMA)",2021S0503725,Apartment - 2 bedrooms,Average asking rent,Dollars,81,units,0,v1675425113,31.3.1,1490,,,,0
Jan-20,"Saskatoon, Census metropolitan area (CMA)",2021S0503725,Room,Average asking rent,Dollars,81,units,0,v1675425115,31.5.1,550,,,,0
Apr-20,"Saskatoon, Census metropolitan area (CMA)",2021S0503725,Room,Average asking rent,Dollars,81,units,0,v1675425115,31.5.1,530,,,,0
Jul-20,"Saskatoon, Census metropolitan area (CMA)",2021S0503725,Room,Average asking rent,Dollars,81,units,0,v1675425115,31.5.1,540,,,,0
Oct-20,"Saskatoon, Census metropolitan area (CMA)",2021S0503725,Room,Average asking rent,Dollars,81,units,0,v1675425115,31.5.1,530,,,,0
Jan-21,"Saskatoon, Census metropolitan area (CMA)",2021S0503725,Room,Average asking rent,Dollars,81,units,0,v1675425115,31.5.1,540,,,,0
Apr-21,"Saskatoon, Census metropolitan area (CMA)",2021S0503725,Room,Average asking rent,Dollars,81,units,0,v1675425115,31.5.1,540,,,,0
Jul-21,"Saskatoon, Census metropolitan area (CMA)",2021S0503725,Room,Average asking rent,Dollars,81,units,0,v1675425115,31.5.1,550,,,,0
Oct-21,"Saskatoon, Census metropolitan area (CMA)",2021S0503725,Room,Average asking rent,Dollars,81,units,0,v1675425115,31.5.1,540,,,,0
Jan-22,"Saskatoon, Census metropolitan area (CMA)",2021S0503725,Room,Average asking rent,Dollars,81,units,0,v1675425115,31.5.1,550,,,,0
Apr-22,"Saskatoon, Census metropolitan area (CMA)",2021S0503725,Room,Average asking rent,Dollars,81,units,0,v1675425115,31.5.1,570,,,,0
Jul-22,"Saskatoon, Census metropolitan area (CMA)",2021S0503725,Room,Average asking rent,Dollars,81,units,0,v1675425115,31.5.1,580,,,,0
Oct-22,"Saskatoon, Census metropolitan area (CMA)",2021S0503725,Room,Average asking rent,Dollars,81,units,0,v1675425115,31.5.1,590,,,,0
Jan-23,"Saskatoon, Census metropolitan area (CMA)",2021S0503725,Room,Average asking rent,Dollars,81,units,0,v1675425115,31.5.1,600,,,,0
Apr-23,"Saskatoon, Census metropolitan area (CMA)",2021S0503725,Room,Average asking rent,Dollars,81,units,0,v1675425115,31.5.1,620,,,,0
Jul-23,"Saskatoon, Census metropolitan area (CMA)",2021S0503725,Room,Average asking rent,Dollars,81,units,0,v1675425115,31.5.1,630,,,,0
Oct-23,"Saskatoon, Census metropolitan area (CMA)",2021S0503725,Room,Average asking rent,Dollars,81,units,0,v1675425115,31.5.1,640,,,,0
Jan-24,"Saskatoon, Census metropolitan area (CMA)",2021S0503725,Room,Average asking rent,Dollars,81,units,0,v1675425115,31.5.1,650,,,,0
Apr-24,"Saskatoon, Census metropolitan area (CMA)",2021S0503725,Room,Average asking rent,Dollars,81,units,0,v1675425115,31.5.1,640,,,,0
Jul-24,"Saskatoon, Census metropolitan area (CMA)",2021S0503725,Room,Average asking rent,Dollars,81,units,0,v1675425115,31.5.1,670,,,,0
Oct-24,"Saskatoon, Census metropolitan area (CMA)",2021S0503725,Room,Average asking rent,Dollars,81,units,0,v1675425115,31.5.1,690,,,,0
Jan-25,"Saskatoon, Census metropolitan area (CMA)",2021S0503725,Room,Average asking rent,Dollars,81,units,0,v1675425115,31.5.1,680,,,,0
Jan-20,"Calgary, Census metropolitan area (CMA)",2021S0503825,Apartment - 1 bedroom,Average asking rent,Dollars,81,units,0,v1675425122,32.2.1,1180,,,,0
Apr-20,"Calgary, Census metropolitan area (CMA)",2021S0503825,Apartment - 1 bedroom,Average asking rent,Dollars,81,units,0,v1675425122,32.2.1,1190,,,,0
Jul-20,"Calgary, Census metropolitan area (CMA)",2021S0503825,Apartment - 1 bedroom,Average asking rent,Dollars,81,units,0,v1675425122,32.2.1,1190,,,,0
Oct-20,"Calgary, Census metropolitan area (CMA)",2021S0503825,Apartment - 1 bedroom,Average asking rent,Dollars,81,units,0,v1675425122,32.2.1,1170,,,,0
Jan-21,"Calgary, Census metropolitan area (CMA)",2021S0503825,Apartment - 1 bedroom,Average asking rent,Dollars,81,units,0,v1675425122,32.2.1,1180,,,,0
Apr-21,"Calgary, Census metropolitan area (CMA)",2021S0503825,Apartment - 1 bedroom,Average asking rent,Dollars,81,units,0,v1675425122,32.2.1,1200,,,,0
Jul-21,"Calgary, Census metropolitan area (CMA)",2021S0503825,Apartment - 1 bedroom,Average asking rent,Dollars,81,units,0,v1675425122,32.2.1,1210,,,,0
Oct-21,"Calgary, Census metropolitan area (CMA)",2021S0503825,Apartment - 1 bedroom,Average asking rent,Dollars,81,units,0,v1675425122,32.2.1,1220,,,,0
Jan-22,"Calgary, Census metropolitan area (CMA)",2021S0503825,Apartment - 1 bedroom,Average asking rent,Dollars,81,units,0,v1675425122,32.2.1,1250,,,,0
Apr-22,"Calgary, Census metropolitan area (CMA)",2021S0503825,Apartment - 1 bedroom,Average asking rent,Dollars,81,units,0,v1675425122,32.2.1,1290,,,,0
Jul-22,"Calgary, Census metropolitan area (CMA)",2021S0503825,Apartment - 1 bedroom,Average asking rent,Dollars,81,units,0,v1675425122,32.2.1,1370,,,,0
Oct-22,"Calgary, Census metropolitan area (CMA)",2021S0503825,Apartment - 1 bedroom,Average asking rent,Dollars,81,units,0,v1675425122,32.2.1,1440,,,,0
Jan-23,"Calgary, Census metropolitan area (CMA)",2021S0503825,Apartment - 1 bedroom,Average asking rent,Dollars,81,units,0,v1675425122,32.2.1,1500,,,,0
Apr-23,"Calgary, Census metropolitan area (CMA)",2021S0503825,Apartment - 1 bedroom,Average asking rent,Dollars,81,units,0,v1675425122,32.2.1,1520,,,,0
Jul-23,"Calgary, Census metropolitan area (CMA)",2021S0503825,Apartment - 1 bedroom,Average asking rent,Dollars,81,units,0,v1675425122,32.2.1,1660,,,,0
Oct-23,"Calgary, Census metropolitan area (CMA)",2021S0503825,Apartment - 1 bedroom,Average asking rent,Dollars,81,units,0,v1675425122,32.2.1,1770,,,,0
Jan-24,"Calgary, Census metropolitan area (CMA)",2021S0503825,Apartment - 1 bedroom,Average asking rent,Dollars,81,units,0,v1675425122,32.2.1,1740,,,,0
Apr-24,"Calgary, Census metropolitan area (CMA)",2021S0503825,Apartment - 1 bedroom,Average asking rent,Dollars,81,units,0,v1675425122,32.2.1,1760,,,,0
Jul-24,"Calgary, Census metropolitan area (CMA)",2021S0503825,Apartment - 1 bedroom,Average asking rent,Dollars,81,units,0,v1675425122,32.2.1,1720,,,,0
Oct-24,"Calgary, Census metropolitan area (CMA)",2021S0503825,Apartment - 1 bedroom,Average asking rent,Dollars,81,units,0,v1675425122,32.2.1,1630,,,,0
Jan-25,"Calgary, Census metropolitan area (CMA)",2021S0503825,Apartment - 1 bedroom,Average asking rent,Dollars,81,units,0,v1675425122,32.2.1,1630,,,,0
Jan-20,"Calgary, Census metropolitan area (CMA)",2021S0503825,Apartment - 2 bedrooms,Average asking rent,Dollars,81,units,0,v1675425123,32.3.1,1410,,,,0
Apr-20,"Calgary, Census metropolitan area (CMA)",2021S0503825,Apartment - 2 bedrooms,Average asking rent,Dollars,81,units,0,v1675425123,32.3.1,1400,,,,0
Jul-20,"Calgary, Census metropolitan area (CMA)",2021S0503825,Apartment - 2 bedrooms,Average asking rent,Dollars,81,units,0,v1675425123,32.3.1,1400,,,,0
Oct-20,"Calgary, Census metropolitan area (CMA)",2021S0503825,Apartment - 2 bedrooms,Average asking rent,Dollars,81,units,0,v1675425123,32.3.1,1380,,,,0
Jan-21,"Calgary, Census metropolitan area (CMA)",2021S0503825,Apartment - 2 bedrooms,Average asking rent,Dollars,81,units,0,v1675425123,32.3.1,1420,,,,0
Apr-21,"Calgary, Census metropolitan area (CMA)",2021S0503825,Apartment - 2 bedrooms,Average asking rent,Dollars,81,units,0,v1675425123,32.3.1,1440,,,,0
Jul-21,"Calgary, Census metropolitan area (CMA)",2021S0503825,Apartment - 2 bedrooms,Average asking rent,Dollars,81,units,0,v1675425123,32.3.1,1450,,,,0
Oct-21,"Calgary, Census metropolitan area (CMA)",2021S0503825,Apartment - 2 bedrooms,Average asking rent,Dollars,81,units,0,v1675425123,32.3.1,1460,,,,0
Jan-22,"Calgary, Census metropolitan area (CMA)",2021S0503825,Apartment - 2 bedrooms,Average asking rent,Dollars,81,units,0,v1675425123,32.3.1,1500,,,,0
Apr-22,"Calgary, Census metropolitan area (CMA)",2021S0503825,Apartment - 2 bedrooms,Average asking rent,Dollars,81,units,0,v1675425123,32.3.1,1560,,,,0
Jul-22,"Calgary, Census metropolitan area (CMA)",2021S0503825,Apartment - 2 bedrooms,Average asking rent,Dollars,81,units,0,v1675425123,32.3.1,1700,,,,0
Oct-22,"Calgary, Census metropolitan area (CMA)",2021S0503825,Apartment - 2 bedrooms,Average asking rent,Dollars,81,units,0,v1675425123,32.3.1,1760,,,,0
Jan-23,"Calgary, Census metropolitan area (CMA)",2021S0503825,Apartment - 2 bedrooms,Average asking rent,Dollars,81,units,0,v1675425123,32.3.1,1790,,,,0
Apr-23,"Calgary, Census metropolitan area (CMA)",2021S0503825,Apartment - 2 bedrooms,Average asking rent,Dollars,81,units,0,v1675425123,32.3.1,1840,,,,0
Jul-23,"Calgary, Census metropolitan area (CMA)",2021S0503825,Apartment - 2 bedrooms,Average asking rent,Dollars,81,units,0,v1675425123,32.3.1,2010,,,,0
Oct-23,"Calgary, Census metropolitan area (CMA)",2021S0503825,Apartment - 2 bedrooms,Average asking rent,Dollars,81,units,0,v1675425123,32.3.1,2130,,,,0
Jan-24,"Calgary, Census metropolitan area (CMA)",2021S0503825,Apartment - 2 bedrooms,Average asking rent,Dollars,81,units,0,v1675425123,32.3.1,2090,,,,0
Apr-24,"Calgary, Census metropolitan area (CMA)",2021S0503825,Apartment - 2 bedrooms,Average asking rent,Dollars,81,units,0,v1675425123,32.3.1,2150,,,,0
Jul-24,"Calgary, Census metropolitan area (CMA)",2021S0503825,Apartment - 2 bedrooms,Average asking rent,Dollars,81,units,0,v1675425123,32.3.1,2050,,,,0
Oct-24,"Calgary, Census metropolitan area (CMA)",2021S0503825,Apartment - 2 bedrooms,Average asking rent,Dollars,81,units,0,v1675425123,32.3.1,1950,,,,0
Jan-25,"Calgary, Census metropolitan area (CMA)",2021S0503825,Apartment - 2 bedrooms,Average asking rent,Dollars,81,units,0,v1675425123,32.3.1,1920,,,,0
Jan-20,"Calgary, Census metropolitan area (CMA)",2021S0503825,Room,Average asking rent,Dollars,81,units,0,v1675425125,32.5.1,550,,,,0
Apr-20,"Calgary, Census metropolitan area (CMA)",2021S0503825,Room,Average asking rent,Dollars,81,units,0,v1675425125,32.5.1,550,,,,0
Jul-20,"Calgary, Census metropolitan area (CMA)",2021S0503825,Room,Average asking rent,Dollars,81,units,0,v1675425125,32.5.1,560,,,,0
Oct-20,"Calgary, Census metropolitan area (CMA)",2021S0503825,Room,Average asking rent,Dollars,81,units,0,v1675425125,32.5.1,560,,,,0
Jan-21,"Calgary, Census metropolitan area (CMA)",2021S0503825,Room,Average asking rent,Dollars,81,units,0,v1675425125,32.5.1,560,,,,0
Apr-21,"Calgary, Census metropolitan area (CMA)",2021S0503825,Room,Average asking rent,Dollars,81,units,0,v1675425125,32.5.1,550,,,,0
Jul-21,"Calgary, Census metropolitan area (CMA)",2021S0503825,Room,Average asking rent,Dollars,81,units,0,v1675425125,32.5.1,570,,,,0
Oct-21,"Calgary, Census metropolitan area (CMA)",2021S0503825,Room,Average asking rent,Dollars,81,units,0,v1675425125,32.5.1,560,,,,0
Jan-22,"Calgary, Census metropolitan area (CMA)",2021S0503825,Room,Average asking rent,Dollars,81,units,0,v1675425125,32.5.1,570,,,,0
Apr-22,"Calgary, Census metropolitan area (CMA)",2021S0503825,Room,Average asking rent,Dollars,81,units,0,v1675425125,32.5.1,600,,,,0
Jul-22,"Calgary, Census metropolitan area (CMA)",2021S0503825,Room,Average asking rent,Dollars,81,units,0,v1675425125,32.5.1,640,,,,0
Oct-22,"Calgary, Census metropolitan area (CMA)",2021S0503825,Room,Average asking rent,Dollars,81,units,0,v1675425125,32.5.1,650,,,,0
Jan-23,"Calgary, Census metropolitan area (CMA)",2021S0503825,Room,Average asking rent,Dollars,81,units,0,v1675425125,32.5.1,670,,,,0
Apr-23,"Calgary, Census metropolitan area (CMA)",2021S0503825,Room,Average asking rent,Dollars,81,units,0,v1675425125,32.5.1,710,,,,0
Jul-23,"Calgary, Census metropolitan area (CMA)",2021S0503825,Room,Average asking rent,Dollars,81,units,0,v1675425125,32.5.1,770,,,,0
Oct-23,"Calgary, Census metropolitan area (CMA)",2021S0503825,Room,Average asking rent,Dollars,81,units,0,v1675425125,32.5.1,780,,,,0
Jan-24,"Calgary, Census metropolitan area (CMA)",2021S0503825,Room,Average asking rent,Dollars,81,units,0,v1675425125,32.5.1,780,,,,0
Apr-24,"Calgary, Census metropolitan area (CMA)",2021S0503825,Room,Average asking rent,Dollars,81,units,0,v1675425125,32.5.1,810,,,,0
Jul-24,"Calgary, Census metropolitan area (CMA)",2021S0503825,Room,Average asking rent,Dollars,81,units,0,v1675425125,32.5.1,780,,,,0
Oct-24,"Calgary, Census metropolitan area (CMA)",2021S0503825,Room,Average asking rent,Dollars,81,units,0,v1675425125,32.5.1,750,,,,0
Jan-25,"Calgary, Census metropolitan area (CMA)",2021S0503825,Room,Average asking rent,Dollars,81,units,0,v1675425125,32.5.1,740,,,,0
Jan-20,"Edmonton, Census metropolitan area (CMA)",2021S0503835,Apartment - 1 bedroom,Average asking rent,Dollars,81,units,0,v1675425132,33.2.1,1050,,,,0
Apr-20,"Edmonton, Census metropolitan area (CMA)",2021S0503835,Apartment - 1 bedroom,Average asking rent,Dollars,81,units,0,v1675425132,33.2.1,1050,,,,0
Jul-20,"Edmonton, Census metropolitan area (CMA)",2021S0503835,Apartment - 1 bedroom,Average asking rent,Dollars,81,units,0,v1675425132,33.2.1,1070,,,,0
Oct-20,"Edmonton, Census metropolitan area (CMA)",2021S0503835,Apartment - 1 bedroom,Average asking rent,Dollars,81,units,0,v1675425132,33.2.1,1040,,,,0
Jan-21,"Edmonton, Census metropolitan area (CMA)",2021S0503835,Apartment - 1 bedroom,Average asking rent,Dollars,81,units,0,v1675425132,33.2.1,1050,,,,0
Apr-21,"Edmonton, Census metropolitan area (CMA)",2021S0503835,Apartment - 1 bedroom,Average asking rent,Dollars,81,units,0,v1675425132,33.2.1,1060,,,,0
Jul-21,"Edmonton, Census metropolitan area (CMA)",2021S0503835,Apartment - 1 bedroom,Average asking rent,Dollars,81,units,0,v1675425132,33.2.1,1060,,,,0
Oct-21,"Edmonton, Census metropolitan area (CMA)",2021S0503835,Apartment - 1 bedroom,Average asking rent,Dollars,81,units,0,v1675425132,33.2.1,1040,,,,0
Jan-22,"Edmonton, Census metropolitan area (CMA)",2021S0503835,Apartment - 1 bedroom,Average asking rent,Dollars,81,units,0,v1675425132,33.2.1,1050,,,,0
Apr-22,"Edmonton, Census metropolitan area (CMA)",2021S0503835,Apartment - 1 bedroom,Average asking rent,Dollars,81,units,0,v1675425132,33.2.1,1060,,,,0
Jul-22,"Edmonton, Census metropolitan area (CMA)",2021S0503835,Apartment - 1 bedroom,Average asking rent,Dollars,81,units,0,v1675425132,33.2.1,1080,,,,0
Oct-22,"Edmonton, Census metropolitan area (CMA)",2021S0503835,Apartment - 1 bedroom,Average asking rent,Dollars,81,units,0,v1675425132,33.2.1,1100,,,,0
Jan-23,"Edmonton, Census metropolitan area (CMA)",2021S0503835,Apartment - 1 bedroom,Average asking rent,Dollars,81,units,0,v1675425132,33.2.1,1110,,,,0
Apr-23,"Edmonton, Census metropolitan area (CMA)",2021S0503835,Apartment - 1 bedroom,Average asking rent,Dollars,81,units,0,v1675425132,33.2.1,1140,,,,0
Jul-23,"Edmonton, Census metropolitan area (CMA)",2021S0503835,Apartment - 1 bedroom,Average asking rent,Dollars,81,units,0,v1675425132,33.2.1,1170,,,,0
Oct-23,"Edmonton, Census metropolitan area (CMA)",2021S0503835,Apartment - 1 bedroom,Average asking rent,Dollars,81,units,0,v1675425132,33.2.1,1240,,,,0
Jan-24,"Edmonton, Census metropolitan area (CMA)",2021S0503835,Apartment - 1 bedroom,Average asking rent,Dollars,81,units,0,v1675425132,33.2.1,1270,,,,0
Apr-24,"Edmonton, Census metropolitan area (CMA)",2021S0503835,Apartment - 1 bedroom,Average asking rent,Dollars,81,units,0,v1675425132,33.2.1,1290,,,,0
Jul-24,"Edmonton, Census metropolitan area (CMA)",2021S0503835,Apartment - 1 bedroom,Average asking rent,Dollars,81,units,0,v1675425132,33.2.1,1320,,,,0
Oct-24,"Edmonton, Census metropolitan area (CMA)",2021S0503835,Apartment - 1 bedroom,Average asking rent,Dollars,81,units,0,v1675425132,33.2.1,1280,,,,0
Jan-25,"Edmonton, Census metropolitan area (CMA)",2021S0503835,Apartment - 1 bedroom,Average asking rent,Dollars,81,units,0,v1675425132,33.2.1,1280,,,,0
Jan-20,"Edmonton, Census metropolitan area (CMA)",2021S0503835,Apartment - 2 bedrooms,Average asking rent,Dollars,81,units,0,v1675425133,33.3.1,1290,,,,0
Apr-20,"Edmonton, Census metropolitan area (CMA)",2021S0503835,Apartment - 2 bedrooms,Average asking rent,Dollars,81,units,0,v1675425133,33.3.1,1310,,,,0
Jul-20,"Edmonton, Census metropolitan area (CMA)",2021S0503835,Apartment - 2 bedrooms,Average asking rent,Dollars,81,units,0,v1675425133,33.3.1,1330,,,,0
Oct-20,"Edmonton, Census metropolitan area (CMA)",2021S0503835,Apartment - 2 bedrooms,Average asking rent,Dollars,81,units,0,v1675425133,33.3.1,1300,,,,0
Jan-21,"Edmonton, Census metropolitan area (CMA)",2021S0503835,Apartment - 2 bedrooms,Average asking rent,Dollars,81,units,0,v1675425133,33.3.1,1320,,,,0
Apr-21,"Edmonton, Census metropolitan area (CMA)",2021S0503835,Apartment - 2 bedrooms,Average asking rent,Dollars,81,units,0,v1675425133,33.3.1,1330,,,,0
Jul-21,"Edmonton, Census metropolitan area (CMA)",2021S0503835,Apartment - 2 bedrooms,Average asking rent,Dollars,81,units,0,v1675425133,33.3.1,1320,,,,0
Oct-21,"Edmonton, Census metropolitan area (CMA)",2021S0503835,Apartment - 2 bedrooms,Average asking rent,Dollars,81,units,0,v1675425133,33.3.1,1310,,,,0
Jan-22,"Edmonton, Census metropolitan area (CMA)",2021S0503835,Apartment - 2 bedrooms,Average asking rent,Dollars,81,units,0,v1675425133,33.3.1,1310,,,,0
Apr-22,"Edmonton, Census metropolitan area (CMA)",2021S0503835,Apartment - 2 bedrooms,Average asking rent,Dollars,81,units,0,v1675425133,33.3.1,1330,,,,0
Jul-22,"Edmonton, Census metropolitan area (CMA)",2021S0503835,Apartment - 2 bedrooms,Average asking rent,Dollars,81,units,0,v1675425133,33.3.1,1380,,,,0
Oct-22,"Edmonton, Census metropolitan area (CMA)",2021S0503835,Apartment - 2 bedrooms,Average asking rent,Dollars,81,units,0,v1675425133,33.3.1,1400,,,,0
Jan-23,"Edmonton, Census metropolitan area (CMA)",2021S0503835,Apartment - 2 bedrooms,Average asking rent,Dollars,81,units,0,v1675425133,33.3.1,1400,,,,0
Apr-23,"Edmonton, Census metropolitan area (CMA)",2021S0503835,Apartment - 2 bedrooms,Average asking rent,Dollars,81,units,0,v1675425133,33.3.1,1450,,,,0
Jul-23,"Edmonton, Census metropolitan area (CMA)",2021S0503835,Apartment - 2 bedrooms,Average asking rent,Dollars,81,units,0,v1675425133,33.3.1,1510,,,,0
Oct-23,"Edmonton, Census metropolitan area (CMA)",2021S0503835,Apartment - 2 bedrooms,Average asking rent,Dollars,81,units,0,v1675425133,33.3.1,1550,,,,0
Jan-24,"Edmonton, Census metropolitan area (CMA)",2021S0503835,Apartment - 2 bedrooms,Average asking rent,Dollars,81,units,0,v1675425133,33.3.1,1610,,,,0
Apr-24,"Edmonton, Census metropolitan area (CMA)",2021S0503835,Apartment - 2 bedrooms,Average asking rent,Dollars,81,units,0,v1675425133,33.3.1,1620,,,,0
Jul-24,"Edmonton, Census metropolitan area (CMA)",2021S0503835,Apartment - 2 bedrooms,Average asking rent,Dollars,81,units,0,v1675425133,33.3.1,1620,,,,0
Oct-24,"Edmonton, Census metropolitan area (CMA)",2021S0503835,Apartment - 2 bedrooms,Average asking rent,Dollars,81,units,0,v1675425133,33.3.1,1590,,,,0
Jan-25,"Edmonton, Census metropolitan area (CMA)",2021S0503835,Apartment - 2 bedrooms,Average asking rent,Dollars,81,units,0,v1675425133,33.3.1,1590,,,,0
Jan-20,"Edmonton, Census metropolitan area (CMA)",2021S0503835,Room,Average asking rent,Dollars,81,units,0,v1675425135,33.5.1,560,,,,0
Apr-20,"Edmonton, Census metropolitan area (CMA)",2021S0503835,Room,Average asking rent,Dollars,81,units,0,v1675425135,33.5.1,560,,,,0
Jul-20,"Edmonton, Census metropolitan area (CMA)",2021S0503835,Room,Average asking rent,Dollars,81,units,0,v1675425135,33.5.1,570,,,,0
Oct-20,"Edmonton, Census metropolitan area (CMA)",2021S0503835,Room,Average asking rent,Dollars,81,units,0,v1675425135,33.5.1,560,,,,0
Jan-21,"Edmonton, Census metropolitan area (CMA)",2021S0503835,Room,Average asking rent,Dollars,81,units,0,v1675425135,33.5.1,560,,,,0
Apr-21,"Edmonton, Census metropolitan area (CMA)",2021S0503835,Room,Average asking rent,Dollars,81,units,0,v1675425135,33.5.1,550,,,,0
Jul-21,"Edmonton, Census metropolitan area (CMA)",2021S0503835,Room,Average asking rent,Dollars,81,units,0,v1675425135,33.5.1,560,,,,0
Oct-21,"Edmonton, Census metropolitan area (CMA)",2021S0503835,Room,Average asking rent,Dollars,81,units,0,v1675425135,33.5.1,550,,,,0
Jan-22,"Edmonton, Census metropolitan area (CMA)",2021S0503835,Room,Average asking rent,Dollars,81,units,0,v1675425135,33.5.1,550,,,,0
Apr-22,"Edmonton, Census metropolitan area (CMA)",2021S0503835,Room,Average asking rent,Dollars,81,units,0,v1675425135,33.5.1,570,,,,0
Jul-22,"Edmonton, Census metropolitan area (CMA)",2021S0503835,Room,Average asking rent,Dollars,81,units,0,v1675425135,33.5.1,590,,,,0
Oct-22,"Edmonton, Census metropolitan area (CMA)",2021S0503835,Room,Average asking rent,Dollars,81,units,0,v1675425135,33.5.1,580,,,,0
Jan-23,"Edmonton, Census metropolitan area (CMA)",2021S0503835,Room,Average asking rent,Dollars,81,units,0,v1675425135,33.5.1,590,,,,0
Apr-23,"Edmonton, Census metropolitan area (CMA)",2021S0503835,Room,Average asking rent,Dollars,81,units,0,v1675425135,33.5.1,610,,,,0
Jul-23,"Edmonton, Census metropolitan area (CMA)",2021S0503835,Room,Average asking rent,Dollars,81,units,0,v1675425135,33.5.1,620,,,,0
Oct-23,"Edmonton, Census metropolitan area (CMA)",2021S0503835,Room,Average asking rent,Dollars,81,units,0,v1675425135,33.5.1,630,,,,0
Jan-24,"Edmonton, Census metropolitan area (CMA)",2021S0503835,Room,Average asking rent,Dollars,81,units,0,v1675425135,33.5.1,660,,,,0
Apr-24,"Edmonton, Census metropolitan area (CMA)",2021S0503835,Room,Average asking rent,Dollars,81,units,0,v1675425135,33.5.1,680,,,,0
Jul-24,"Edmonton, Census metropolitan area (CMA)",2021S0503835,Room,Average asking rent,Dollars,81,units,0,v1675425135,33.5.1,670,,,,0
Oct-24,"Edmonton, Census metropolitan area (CMA)",2021S0503835,Room,Average asking rent,Dollars,81,units,0,v1675425135,33.5.1,660,,,,0
Jan-25,"Edmonton, Census metropolitan area (CMA)",2021S0503835,Room,Average asking rent,Dollars,81,units,0,v1675425135,33.5.1,660,,,,0
Jan-20,"Lethbridge, Census metropolitan area (CMA)",2021S0503810,Apartment - 1 bedroom,Average asking rent,Dollars,81,units,0,v1675425117,34.2.1,890,,,,0
Apr-20,"Lethbridge, Census metropolitan area (CMA)",2021S0503810,Apartment - 1 bedroom,Average asking rent,Dollars,81,units,0,v1675425117,34.2.1,920,,,,0
Jul-20,"Lethbridge, Census metropolitan area (CMA)",2021S0503810,Apartment - 1 bedroom,Average asking rent,Dollars,81,units,0,v1675425117,34.2.1,900,,,,0
Oct-20,"Lethbridge, Census metropolitan area (CMA)",2021S0503810,Apartment - 1 bedroom,Average asking rent,Dollars,81,units,0,v1675425117,34.2.1,910,,,,0
Jan-21,"Lethbridge, Census metropolitan area (CMA)",2021S0503810,Apartment - 1 bedroom,Average asking rent,Dollars,81,units,0,v1675425117,34.2.1,890,,,,0
Apr-21,"Lethbridge, Census metropolitan area (CMA)",2021S0503810,Apartment - 1 bedroom,Average asking rent,Dollars,81,units,0,v1675425117,34.2.1,920,,,,0
Jul-21,"Lethbridge, Census metropolitan area (CMA)",2021S0503810,Apartment - 1 bedroom,Average asking rent,Dollars,81,units,0,v1675425117,34.2.1,930,,,,0
Oct-21,"Lethbridge, Census metropolitan area (CMA)",2021S0503810,Apartment - 1 bedroom,Average asking rent,Dollars,81,units,0,v1675425117,34.2.1,940,,,,0
Jan-22,"Lethbridge, Census metropolitan area (CMA)",2021S0503810,Apartment - 1 bedroom,Average asking rent,Dollars,81,units,0,v1675425117,34.2.1,960,,,,0
Apr-22,"Lethbridge, Census metropolitan area (CMA)",2021S0503810,Apartment - 1 bedroom,Average asking rent,Dollars,81,units,0,v1675425117,34.2.1,980,,,,0
Jul-22,"Lethbridge, Census metropolitan area (CMA)",2021S0503810,Apartment - 1 bedroom,Average asking rent,Dollars,81,units,0,v1675425117,34.2.1,990,,,,0
Oct-22,"Lethbridge, Census metropolitan area (CMA)",2021S0503810,Apartment - 1 bedroom,Average asking rent,Dollars,81,units,0,v1675425117,34.2.1,1070,,,,0
Jan-23,"Lethbridge, Census metropolitan area (CMA)",2021S0503810,Apartment - 1 bedroom,Average asking rent,Dollars,81,units,0,v1675425117,34.2.1,1080,,,,0
Apr-23,"Lethbridge, Census metropolitan area (CMA)",2021S0503810,Apartment - 1 bedroom,Average asking rent,Dollars,81,units,0,v1675425117,34.2.1,1070,,,,0
Jul-23,"Lethbridge, Census metropolitan area (CMA)",2021S0503810,Apartment - 1 bedroom,Average asking rent,Dollars,81,units,0,v1675425117,34.2.1,1120,,,,0
Oct-23,"Lethbridge, Census metropolitan area (CMA)",2021S0503810,Apartment - 1 bedroom,Average asking rent,Dollars,81,units,0,v1675425117,34.2.1,1120,,,,0
Jan-24,"Lethbridge, Census metropolitan area (CMA)",2021S0503810,Apartment - 1 bedroom,Average asking rent,Dollars,81,units,0,v1675425117,34.2.1,1140,,,,0
Apr-24,"Lethbridge, Census metropolitan area (CMA)",2021S0503810,Apartment - 1 bedroom,Average asking rent,Dollars,81,units,0,v1675425117,34.2.1,1170,,,,0
Jul-24,"Lethbridge, Census metropolitan area (CMA)",2021S0503810,Apartment - 1 bedroom,Average asking rent,Dollars,81,units,0,v1675425117,34.2.1,1280,,,,0
Oct-24,"Lethbridge, Census metropolitan area (CMA)",2021S0503810,Apartment - 1 bedroom,Average asking rent,Dollars,81,units,0,v1675425117,34.2.1,1240,,,,0
Jan-25,"Lethbridge, Census metropolitan area (CMA)",2021S0503810,Apartment - 1 bedroom,Average asking rent,Dollars,81,units,0,v1675425117,34.2.1,1260,,,,0
Jan-20,"Lethbridge, Census metropolitan area (CMA)",2021S0503810,Apartment - 2 bedrooms,Average asking rent,Dollars,81,units,0,v1675425118,34.3.1,1070,,,,0
Apr-20,"Lethbridge, Census metropolitan area (CMA)",2021S0503810,Apartment - 2 bedrooms,Average asking rent,Dollars,81,units,0,v1675425118,34.3.1,1090,,,,0
Jul-20,"Lethbridge, Census metropolitan area (CMA)",2021S0503810,Apartment - 2 bedrooms,Average asking rent,Dollars,81,units,0,v1675425118,34.3.1,1050,,,,0
Oct-20,"Lethbridge, Census metropolitan area (CMA)",2021S0503810,Apartment - 2 bedrooms,Average asking rent,Dollars,81,units,0,v1675425118,34.3.1,1050,,,,0
Jan-21,"Lethbridge, Census metropolitan area (CMA)",2021S0503810,Apartment - 2 bedrooms,Average asking rent,Dollars,81,units,0,v1675425118,34.3.1,1060,,,,0
Apr-21,"Lethbridge, Census metropolitan area (CMA)",2021S0503810,Apartment - 2 bedrooms,Average asking rent,Dollars,81,units,0,v1675425118,34.3.1,1090,,,,0
Jul-21,"Lethbridge, Census metropolitan area (CMA)",2021S0503810,Apartment - 2 bedrooms,Average asking rent,Dollars,81,units,0,v1675425118,34.3.1,1110,,,,0
Oct-21,"Lethbridge, Census metropolitan area (CMA)",2021S0503810,Apartment - 2 bedrooms,Average asking rent,Dollars,81,units,0,v1675425118,34.3.1,1140,,,,0
Jan-22,"Lethbridge, Census metropolitan area (CMA)",2021S0503810,Apartment - 2 bedrooms,Average asking rent,Dollars,81,units,0,v1675425118,34.3.1,1160,,,,0
Apr-22,"Lethbridge, Census metropolitan area (CMA)",2021S0503810,Apartment - 2 bedrooms,Average asking rent,Dollars,81,units,0,v1675425118,34.3.1,1180,,,,0
Jul-22,"Lethbridge, Census metropolitan area (CMA)",2021S0503810,Apartment - 2 bedrooms,Average asking rent,Dollars,81,units,0,v1675425118,34.3.1,1210,,,,0
Oct-22,"Lethbridge, Census metropolitan area (CMA)",2021S0503810,Apartment - 2 bedrooms,Average asking rent,Dollars,81,units,0,v1675425118,34.3.1,1230,,,,0
Jan-23,"Lethbridge, Census metropolitan area (CMA)",2021S0503810,Apartment - 2 bedrooms,Average asking rent,Dollars,81,units,0,v1675425118,34.3.1,1250,,,,0
Apr-23,"Lethbridge, Census metropolitan area (CMA)",2021S0503810,Apartment - 2 bedrooms,Average asking rent,Dollars,81,units,0,v1675425118,34.3.1,1260,,,,0
Jul-23,"Lethbridge, Census metropolitan area (CMA)",2021S0503810,Apartment - 2 bedrooms,Average asking rent,Dollars,81,units,0,v1675425118,34.3.1,1300,,,,0
Oct-23,"Lethbridge, Census metropolitan area (CMA)",2021S0503810,Apartment - 2 bedrooms,Average asking rent,Dollars,81,units,0,v1675425118,34.3.1,1320,,,,0
Jan-24,"Lethbridge, Census metropolitan area (CMA)",2021S0503810,Apartment - 2 bedrooms,Average asking rent,Dollars,81,units,0,v1675425118,34.3.1,1360,,,,0
Apr-24,"Lethbridge, Census metropolitan area (CMA)",2021S0503810,Apartment - 2 bedrooms,Average asking rent,Dollars,81,units,0,v1675425118,34.3.1,1410,,,,0
Jul-24,"Lethbridge, Census metropolitan area (CMA)",2021S0503810,Apartment - 2 bedrooms,Average asking rent,Dollars,81,units,0,v1675425118,34.3.1,1470,,,,0
Oct-24,"Lethbridge, Census metropolitan area (CMA)",2021S0503810,Apartment - 2 bedrooms,Average asking rent,Dollars,81,units,0,v1675425118,34.3.1,1490,,,,0
Jan-25,"Lethbridge, Census metropolitan area (CMA)",2021S0503810,Apartment - 2 bedrooms,Average asking rent,Dollars,81,units,0,v1675425118,34.3.1,1530,,,,0
Jan-20,"Lethbridge, Census metropolitan area (CMA)",2021S0503810,Room,Average asking rent,Dollars,81,units,0,v1675425120,34.5.1,540,,,,0
Apr-20,"Lethbridge, Census metropolitan area (CMA)",2021S0503810,Room,Average asking rent,Dollars,81,units,0,v1675425120,34.5.1,540,,,,0
Jul-20,"Lethbridge, Census metropolitan area (CMA)",2021S0503810,Room,Average asking rent,Dollars,81,units,0,v1675425120,34.5.1,540,,,,0
Oct-20,"Lethbridge, Census metropolitan area (CMA)",2021S0503810,Room,Average asking rent,Dollars,81,units,0,v1675425120,34.5.1,540,,,,0
Jan-21,"Lethbridge, Census metropolitan area (CMA)",2021S0503810,Room,Average asking rent,Dollars,81,units,0,v1675425120,34.5.1,530,,,,0
Apr-21,"Lethbridge, Census metropolitan area (CMA)",2021S0503810,Room,Average asking rent,Dollars,81,units,0,v1675425120,34.5.1,550,,,,0
Jul-21,"Lethbridge, Census metropolitan area (CMA)",2021S0503810,Room,Average asking rent,Dollars,81,units,0,v1675425120,34.5.1,560,,,,0
Oct-21,"Lethbridge, Census metropolitan area (CMA)",2021S0503810,Room,Average asking rent,Dollars,81,units,0,v1675425120,34.5.1,560,,,,0
Jan-22,"Lethbridge, Census metropolitan area (CMA)",2021S0503810,Room,Average asking rent,Dollars,81,units,0,v1675425120,34.5.1,550,,,,0
Apr-22,"Lethbridge, Census metropolitan area (CMA)",2021S0503810,Room,Average asking rent,Dollars,81,units,0,v1675425120,34.5.1,560,,,,0
Jul-22,"Lethbridge, Census metropolitan area (CMA)",2021S0503810,Room,Average asking rent,Dollars,81,units,0,v1675425120,34.5.1,590,,,,0
Oct-22,"Lethbridge, Census metropolitan area (CMA)",2021S0503810,Room,Average asking rent,Dollars,81,units,0,v1675425120,34.5.1,610,,,,0
Jan-23,"Lethbridge, Census metropolitan area (CMA)",2021S0503810,Room,Average asking rent,Dollars,81,units,0,v1675425120,34.5.1,600,,,,0
Apr-23,"Lethbridge, Census metropolitan area (CMA)",2021S0503810,Room,Average asking rent,Dollars,81,units,0,v1675425120,34.5.1,580,,,,0
Jul-23,"Lethbridge, Census metropolitan area (CMA)",2021S0503810,Room,Average asking rent,Dollars,81,units,0,v1675425120,34.5.1,640,,,,0
Oct-23,"Lethbridge, Census metropolitan area (CMA)",2021S0503810,Room,Average asking rent,Dollars,81,units,0,v1675425120,34.5.1,630,,,,0
Jan-24,"Lethbridge, Census metropolitan area (CMA)",2021S0503810,Room,Average asking rent,Dollars,81,units,0,v1675425120,34.5.1,630,,,,0
Apr-24,"Lethbridge, Census metropolitan area (CMA)",2021S0503810,Room,Average asking rent,Dollars,81,units,0,v1675425120,34.5.1,640,,,,0
Jul-24,"Lethbridge, Census metropolitan area (CMA)",2021S0503810,Room,Average asking rent,Dollars,81,units,0,v1675425120,34.5.1,690,,,,0
Oct-24,"Lethbridge, Census metropolitan area (CMA)",2021S0503810,Room,Average asking rent,Dollars,81,units,0,v1675425120,34.5.1,700,,,,0
Jan-25,"Lethbridge, Census metropolitan area (CMA)",2021S0503810,Room,Average asking rent,Dollars,81,units,0,v1675425120,34.5.1,680,,,,0
Jan-20,"Red Deer, Census metropolitan area (CMA)",2021S0503830,Apartment - 1 bedroom,Average asking rent,Dollars,81,units,0,v1675425127,35.2.1,820,,,,0
Apr-20,"Red Deer, Census metropolitan area (CMA)",2021S0503830,Apartment - 1 bedroom,Average asking rent,Dollars,81,units,0,v1675425127,35.2.1,830,,,,0
Jul-20,"Red Deer, Census metropolitan area (CMA)",2021S0503830,Apartment - 1 bedroom,Average asking rent,Dollars,81,units,0,v1675425127,35.2.1,860,,,,0
Oct-20,"Red Deer, Census metropolitan area (CMA)",2021S0503830,Apartment - 1 bedroom,Average asking rent,Dollars,81,units,0,v1675425127,35.2.1,860,,,,0
Jan-21,"Red Deer, Census metropolitan area (CMA)",2021S0503830,Apartment - 1 bedroom,Average asking rent,Dollars,81,units,0,v1675425127,35.2.1,890,,,,0
Apr-21,"Red Deer, Census metropolitan area (CMA)",2021S0503830,Apartment - 1 bedroom,Average asking rent,Dollars,81,units,0,v1675425127,35.2.1,860,,,,0
Jul-21,"Red Deer, Census metropolitan area (CMA)",2021S0503830,Apartment - 1 bedroom,Average asking rent,Dollars,81,units,0,v1675425127,35.2.1,850,,,,0
Oct-21,"Red Deer, Census metropolitan area (CMA)",2021S0503830,Apartment - 1 bedroom,Average asking rent,Dollars,81,units,0,v1675425127,35.2.1,840,,,,0
Jan-22,"Red Deer, Census metropolitan area (CMA)",2021S0503830,Apartment - 1 bedroom,Average asking rent,Dollars,81,units,0,v1675425127,35.2.1,880,,,,0
Apr-22,"Red Deer, Census metropolitan area (CMA)",2021S0503830,Apartment - 1 bedroom,Average asking rent,Dollars,81,units,0,v1675425127,35.2.1,900,,,,0
Jul-22,"Red Deer, Census metropolitan area (CMA)",2021S0503830,Apartment - 1 bedroom,Average asking rent,Dollars,81,units,0,v1675425127,35.2.1,880,,,,0
Oct-22,"Red Deer, Census metropolitan area (CMA)",2021S0503830,Apartment - 1 bedroom,Average asking rent,Dollars,81,units,0,v1675425127,35.2.1,950,,,,0
Jan-23,"Red Deer, Census metropolitan area (CMA)",2021S0503830,Apartment - 1 bedroom,Average asking rent,Dollars,81,units,0,v1675425127,35.2.1,940,,,,0
Apr-23,"Red Deer, Census metropolitan area (CMA)",2021S0503830,Apartment - 1 bedroom,Average asking rent,Dollars,81,units,0,v1675425127,35.2.1,990,,,,0
Jul-23,"Red Deer, Census metropolitan area (CMA)",2021S0503830,Apartment - 1 bedroom,Average asking rent,Dollars,81,units,0,v1675425127,35.2.1,1030,,,,0
Oct-23,"Red Deer, Census metropolitan area (CMA)",2021S0503830,Apartment - 1 bedroom,Average asking rent,Dollars,81,units,0,v1675425127,35.2.1,1200,E,,,0
Jan-24,"Red Deer, Census metropolitan area (CMA)",2021S0503830,Apartment - 1 bedroom,Average asking rent,Dollars,81,units,0,v1675425127,35.2.1,1120,,,,0
Apr-24,"Red Deer, Census metropolitan area (CMA)",2021S0503830,Apartment - 1 bedroom,Average asking rent,Dollars,81,units,0,v1675425127,35.2.1,1230,E,,,0
Jul-24,"Red Deer, Census metropolitan area (CMA)",2021S0503830,Apartment - 1 bedroom,Average asking rent,Dollars,81,units,0,v1675425127,35.2.1,1180,,,,0
Oct-24,"Red Deer, Census metropolitan area (CMA)",2021S0503830,Apartment - 1 bedroom,Average asking rent,Dollars,81,units,0,v1675425127,35.2.1,1210,,,,0
Jan-25,"Red Deer, Census metropolitan area (CMA)",2021S0503830,Apartment - 1 bedroom,Average asking rent,Dollars,81,units,0,v1675425127,35.2.1,1180,,,,0
Jan-20,"Red Deer, Census metropolitan area (CMA)",2021S0503830,Apartment - 2 bedrooms,Average asking rent,Dollars,81,units,0,v1675425128,35.3.1,990,,,,0
Apr-20,"Red Deer, Census metropolitan area (CMA)",2021S0503830,Apartment - 2 bedrooms,Average asking rent,Dollars,81,units,0,v1675425128,35.3.1,990,,,,0
Jul-20,"Red Deer, Census metropolitan area (CMA)",2021S0503830,Apartment - 2 bedrooms,Average asking rent,Dollars,81,units,0,v1675425128,35.3.1,1000,,,,0
Oct-20,"Red Deer, Census metropolitan area (CMA)",2021S0503830,Apartment - 2 bedrooms,Average asking rent,Dollars,81,units,0,v1675425128,35.3.1,990,,,,0
Jan-21,"Red Deer, Census metropolitan area (CMA)",2021S0503830,Apartment - 2 bedrooms,Average asking rent,Dollars,81,units,0,v1675425128,35.3.1,1010,,,,0
Apr-21,"Red Deer, Census metropolitan area (CMA)",2021S0503830,Apartment - 2 bedrooms,Average asking rent,Dollars,81,units,0,v1675425128,35.3.1,1020,,,,0
Jul-21,"Red Deer, Census metropolitan area (CMA)",2021S0503830,Apartment - 2 bedrooms,Average asking rent,Dollars,81,units,0,v1675425128,35.3.1,1050,,,,0
Oct-21,"Red Deer, Census metropolitan area (CMA)",2021S0503830,Apartment - 2 bedrooms,Average asking rent,Dollars,81,units,0,v1675425128,35.3.1,1060,,,,0
Jan-22,"Red Deer, Census metropolitan area (CMA)",2021S0503830,Apartment - 2 bedrooms,Average asking rent,Dollars,81,units,0,v1675425128,35.3.1,1060,,,,0
Apr-22,"Red Deer, Census metropolitan area (CMA)",2021S0503830,Apartment - 2 bedrooms,Average asking rent,Dollars,81,units,0,v1675425128,35.3.1,1120,,,,0
Jul-22,"Red Deer, Census metropolitan area (CMA)",2021S0503830,Apartment - 2 bedrooms,Average asking rent,Dollars,81,units,0,v1675425128,35.3.1,1100,,,,0
Oct-22,"Red Deer, Census metropolitan area (CMA)",2021S0503830,Apartment - 2 bedrooms,Average asking rent,Dollars,81,units,0,v1675425128,35.3.1,1150,,,,0
Jan-23,"Red Deer, Census metropolitan area (CMA)",2021S0503830,Apartment - 2 bedrooms,Average asking rent,Dollars,81,units,0,v1675425128,35.3.1,1160,,,,0
Apr-23,"Red Deer, Census metropolitan area (CMA)",2021S0503830,Apartment - 2 bedrooms,Average asking rent,Dollars,81,units,0,v1675425128,35.3.1,1220,,,,0
Jul-23,"Red Deer, Census metropolitan area (CMA)",2021S0503830,Apartment - 2 bedrooms,Average asking rent,Dollars,81,units,0,v1675425128,35.3.1,1290,,,,0
Oct-23,"Red Deer, Census metropolitan area (CMA)",2021S0503830,Apartment - 2 bedrooms,Average asking rent,Dollars,81,units,0,v1675425128,35.3.1,1420,E,,,0
Jan-24,"Red Deer, Census metropolitan area (CMA)",2021S0503830,Apartment - 2 bedrooms,Average asking rent,Dollars,81,units,0,v1675425128,35.3.1,1440,,,,0
Apr-24,"Red Deer, Census metropolitan area (CMA)",2021S0503830,Apartment - 2 bedrooms,Average asking rent,Dollars,81,units,0,v1675425128,35.3.1,1440,,,,0
Jul-24,"Red Deer, Census metropolitan area (CMA)",2021S0503830,Apartment - 2 bedrooms,Average asking rent,Dollars,81,units,0,v1675425128,35.3.1,1420,,,,0
Oct-24,"Red Deer, Census metropolitan area (CMA)",2021S0503830,Apartment - 2 bedrooms,Average asking rent,Dollars,81,units,0,v1675425128,35.3.1,1430,,,,0
Jan-25,"Red Deer, Census metropolitan area (CMA)",2021S0503830,Apartment - 2 bedrooms,Average asking rent,Dollars,81,units,0,v1675425128,35.3.1,1410,,,,0
Jan-20,"Red Deer, Census metropolitan area (CMA)",2021S0503830,Room,Average asking rent,Dollars,81,units,0,v1675425130,35.5.1,530,,,,0
Apr-20,"Red Deer, Census metropolitan area (CMA)",2021S0503830,Room,Average asking rent,Dollars,81,units,0,v1675425130,35.5.1,520,,,,0
Jul-20,"Red Deer, Census metropolitan area (CMA)",2021S0503830,Room,Average asking rent,Dollars,81,units,0,v1675425130,35.5.1,540,,,,0
Oct-20,"Red Deer, Census metropolitan area (CMA)",2021S0503830,Room,Average asking rent,Dollars,81,units,0,v1675425130,35.5.1,510,,,,0
Jan-21,"Red Deer, Census metropolitan area (CMA)",2021S0503830,Room,Average asking rent,Dollars,81,units,0,v1675425130,35.5.1,520,,,,0
Apr-21,"Red Deer, Census metropolitan area (CMA)",2021S0503830,Room,Average asking rent,Dollars,81,units,0,v1675425130,35.5.1,530,,,,0
Jul-21,"Red Deer, Census metropolitan area (CMA)",2021S0503830,Room,Average asking rent,Dollars,81,units,0,v1675425130,35.5.1,540,,,,0
Oct-21,"Red Deer, Census metropolitan area (CMA)",2021S0503830,Room,Average asking rent,Dollars,81,units,0,v1675425130,35.5.1,540,,,,0
Jan-22,"Red Deer, Census metropolitan area (CMA)",2021S0503830,Room,Average asking rent,Dollars,81,units,0,v1675425130,35.5.1,530,,,,0
Apr-22,"Red Deer, Census metropolitan area (CMA)",2021S0503830,Room,Average asking rent,Dollars,81,units,0,v1675425130,35.5.1,540,,,,0
Jul-22,"Red Deer, Census metropolitan area (CMA)",2021S0503830,Room,Average asking rent,Dollars,81,units,0,v1675425130,35.5.1,580,,,,0
Oct-22,"Red Deer, Census metropolitan area (CMA)",2021S0503830,Room,Average asking rent,Dollars,81,units,0,v1675425130,35.5.1,590,,,,0
Jan-23,"Red Deer, Census metropolitan area (CMA)",2021S0503830,Room,Average asking rent,Dollars,81,units,0,v1675425130,35.5.1,590,,,,0
Apr-23,"Red Deer, Census metropolitan area (CMA)",2021S0503830,Room,Average asking rent,Dollars,81,units,0,v1675425130,35.5.1,620,,,,0
Jul-23,"Red Deer, Census metropolitan area (CMA)",2021S0503830,Room,Average asking rent,Dollars,81,units,0,v1675425130,35.5.1,640,,,,0
Oct-23,"Red Deer, Census metropolitan area (CMA)",2021S0503830,Room,Average asking rent,Dollars,81,units,0,v1675425130,35.5.1,660,,,,0
Jan-24,"Red Deer, Census metropolitan area (CMA)",2021S0503830,Room,Average asking rent,Dollars,81,units,0,v1675425130,35.5.1,660,,,,0
Apr-24,"Red Deer, Census metropolitan area (CMA)",2021S0503830,Room,Average asking rent,Dollars,81,units,0,v1675425130,35.5.1,680,,,,0
Jul-24,"Red Deer, Census metropolitan area (CMA)",2021S0503830,Room,Average asking rent,Dollars,81,units,0,v1675425130,35.5.1,710,,,,0
Oct-24,"Red Deer, Census metropolitan area (CMA)",2021S0503830,Room,Average asking rent,Dollars,81,units,0,v1675425130,35.5.1,670,,,,0
Jan-25,"Red Deer, Census metropolitan area (CMA)",2021S0503830,Room,Average asking rent,Dollars,81,units,0,v1675425130,35.5.1,680,,,,0
Jan-20,"Abbotsford - Mission, Census metropolitan area (CMA)",2021S0503932,Apartment - 1 bedroom,Average asking rent,Dollars,81,units,0,v1675425152,36.2.1,1120,,,,0
Apr-20,"Abbotsford - Mission, Census metropolitan area (CMA)",2021S0503932,Apartment - 1 bedroom,Average asking rent,Dollars,81,units,0,v1675425152,36.2.1,1120,,,,0
Jul-20,"Abbotsford - Mission, Census metropolitan area (CMA)",2021S0503932,Apartment - 1 bedroom,Average asking rent,Dollars,81,units,0,v1675425152,36.2.1,1120,,,,0
Oct-20,"Abbotsford - Mission, Census metropolitan area (CMA)",2021S0503932,Apartment - 1 bedroom,Average asking rent,Dollars,81,units,0,v1675425152,36.2.1,1190,,,,0
Jan-21,"Abbotsford - Mission, Census metropolitan area (CMA)",2021S0503932,Apartment - 1 bedroom,Average asking rent,Dollars,81,units,0,v1675425152,36.2.1,1200,,,,0
Apr-21,"Abbotsford - Mission, Census metropolitan area (CMA)",2021S0503932,Apartment - 1 bedroom,Average asking rent,Dollars,81,units,0,v1675425152,36.2.1,1250,,,,0
Jul-21,"Abbotsford - Mission, Census metropolitan area (CMA)",2021S0503932,Apartment - 1 bedroom,Average asking rent,Dollars,81,units,0,v1675425152,36.2.1,1250,,,,0
Oct-21,"Abbotsford - Mission, Census metropolitan area (CMA)",2021S0503932,Apartment - 1 bedroom,Average asking rent,Dollars,81,units,0,v1675425152,36.2.1,1350,,,,0
Jan-22,"Abbotsford - Mission, Census metropolitan area (CMA)",2021S0503932,Apartment - 1 bedroom,Average asking rent,Dollars,81,units,0,v1675425152,36.2.1,1360,,,,0
Apr-22,"Abbotsford - Mission, Census metropolitan area (CMA)",2021S0503932,Apartment - 1 bedroom,Average asking rent,Dollars,81,units,0,v1675425152,36.2.1,1400,,,,0
Jul-22,"Abbotsford - Mission, Census metropolitan area (CMA)",2021S0503932,Apartment - 1 bedroom,Average asking rent,Dollars,81,units,0,v1675425152,36.2.1,1460,,,,0
Oct-22,"Abbotsford - Mission, Census metropolitan area (CMA)",2021S0503932,Apartment - 1 bedroom,Average asking rent,Dollars,81,units,0,v1675425152,36.2.1,1480,,,,0
Jan-23,"Abbotsford - Mission, Census metropolitan area (CMA)",2021S0503932,Apartment - 1 bedroom,Average asking rent,Dollars,81,units,0,v1675425152,36.2.1,1520,,,,0
Apr-23,"Abbotsford - Mission, Census metropolitan area (CMA)",2021S0503932,Apartment - 1 bedroom,Average asking rent,Dollars,81,units,0,v1675425152,36.2.1,1590,,,,0
Jul-23,"Abbotsford - Mission, Census metropolitan area (CMA)",2021S0503932,Apartment - 1 bedroom,Average asking rent,Dollars,81,units,0,v1675425152,36.2.1,1670,,,,0
Oct-23,"Abbotsford - Mission, Census metropolitan area (CMA)",2021S0503932,Apartment - 1 bedroom,Average asking rent,Dollars,81,units,0,v1675425152,36.2.1,1750,,,,0
Jan-24,"Abbotsford - Mission, Census metropolitan area (CMA)",2021S0503932,Apartment - 1 bedroom,Average asking rent,Dollars,81,units,0,v1675425152,36.2.1,1720,,,,0
Apr-24,"Abbotsford - Mission, Census metropolitan area (CMA)",2021S0503932,Apartment - 1 bedroom,Average asking rent,Dollars,81,units,0,v1675425152,36.2.1,1680,,,,0
Jul-24,"Abbotsford - Mission, Census metropolitan area (CMA)",2021S0503932,Apartment - 1 bedroom,Average asking rent,Dollars,81,units,0,v1675425152,36.2.1,1690,,,,0
Oct-24,"Abbotsford - Mission, Census metropolitan area (CMA)",2021S0503932,Apartment - 1 bedroom,Average asking rent,Dollars,81,units,0,v1675425152,36.2.1,1640,,,,0
Jan-25,"Abbotsford - Mission, Census metropolitan area (CMA)",2021S0503932,Apartment - 1 bedroom,Average asking rent,Dollars,81,units,0,v1675425152,36.2.1,1650,,,,0
Jan-20,"Abbotsford - Mission, Census metropolitan area (CMA)",2021S0503932,Apartment - 2 bedrooms,Average asking rent,Dollars,81,units,0,v1675425153,36.3.1,1330,,,,0
Apr-20,"Abbotsford - Mission, Census metropolitan area (CMA)",2021S0503932,Apartment - 2 bedrooms,Average asking rent,Dollars,81,units,0,v1675425153,36.3.1,1380,,,,0
Jul-20,"Abbotsford - Mission, Census metropolitan area (CMA)",2021S0503932,Apartment - 2 bedrooms,Average asking rent,Dollars,81,units,0,v1675425153,36.3.1,1370,,,,0
Oct-20,"Abbotsford - Mission, Census metropolitan area (CMA)",2021S0503932,Apartment - 2 bedrooms,Average asking rent,Dollars,81,units,0,v1675425153,36.3.1,1340,,,,0
Jan-21,"Abbotsford - Mission, Census metropolitan area (CMA)",2021S0503932,Apartment - 2 bedrooms,Average asking rent,Dollars,81,units,0,v1675425153,36.3.1,1580,E,,,0
Apr-21,"Abbotsford - Mission, Census metropolitan area (CMA)",2021S0503932,Apartment - 2 bedrooms,Average asking rent,Dollars,81,units,0,v1675425153,36.3.1,1580,,,,0
Jul-21,"Abbotsford - Mission, Census metropolitan area (CMA)",2021S0503932,Apartment - 2 bedrooms,Average asking rent,Dollars,81,units,0,v1675425153,36.3.1,1580,,,,0
Oct-21,"Abbotsford - Mission, Census metropolitan area (CMA)",2021S0503932,Apartment - 2 bedrooms,Average asking rent,Dollars,81,units,0,v1675425153,36.3.1,1850,E,,,0
Jan-22,"Abbotsford - Mission, Census metropolitan area (CMA)",2021S0503932,Apartment - 2 bedrooms,Average asking rent,Dollars,81,units,0,v1675425153,36.3.1,1630,,,,0
Apr-22,"Abbotsford - Mission, Census metropolitan area (CMA)",2021S0503932,Apartment - 2 bedrooms,Average asking rent,Dollars,81,units,0,v1675425153,36.3.1,1810,,,,0
Jul-22,"Abbotsford - Mission, Census metropolitan area (CMA)",2021S0503932,Apartment - 2 bedrooms,Average asking rent,Dollars,81,units,0,v1675425153,36.3.1,1760,,,,0
Oct-22,"Abbotsford - Mission, Census metropolitan area (CMA)",2021S0503932,Apartment - 2 bedrooms,Average asking rent,Dollars,81,units,0,v1675425153,36.3.1,1760,,,,0
Jan-23,"Abbotsford - Mission, Census metropolitan area (CMA)",2021S0503932,Apartment - 2 bedrooms,Average asking rent,Dollars,81,units,0,v1675425153,36.3.1,1810,,,,0
Apr-23,"Abbotsford - Mission, Census metropolitan area (CMA)",2021S0503932,Apartment - 2 bedrooms,Average asking rent,Dollars,81,units,0,v1675425153,36.3.1,1990,,,,0
Jul-23,"Abbotsford - Mission, Census metropolitan area (CMA)",2021S0503932,Apartment - 2 bedrooms,Average asking rent,Dollars,81,units,0,v1675425153,36.3.1,2010,,,,0
Oct-23,"Abbotsford - Mission, Census metropolitan area (CMA)",2021S0503932,Apartment - 2 bedrooms,Average asking rent,Dollars,81,units,0,v1675425153,36.3.1,2060,,,,0
Jan-24,"Abbotsford - Mission, Census metropolitan area (CMA)",2021S0503932,Apartment - 2 bedrooms,Average asking rent,Dollars,81,units,0,v1675425153,36.3.1,2040,,,,0
Apr-24,"Abbotsford - Mission, Census metropolitan area (CMA)",2021S0503932,Apartment - 2 bedrooms,Average asking rent,Dollars,81,units,0,v1675425153,36.3.1,2090,,,,0
Jul-24,"Abbotsford - Mission, Census metropolitan area (CMA)",2021S0503932,Apartment - 2 bedrooms,Average asking rent,Dollars,81,units,0,v1675425153,36.3.1,2130,,,,0
Oct-24,"Abbotsford - Mission, Census metropolitan area (CMA)",2021S0503932,Apartment - 2 bedrooms,Average asking rent,Dollars,81,units,0,v1675425153,36.3.1,1990,,,,0
Jan-25,"Abbotsford - Mission, Census metropolitan area (CMA)",2021S0503932,Apartment - 2 bedrooms,Average asking rent,Dollars,81,units,0,v1675425153,36.3.1,2020,,,,0
Jan-20,"Abbotsford - Mission, Census metropolitan area (CMA)",2021S0503932,Room,Average asking rent,Dollars,81,units,0,v1675425155,36.5.1,,..,,,0
Apr-20,"Abbotsford - Mission, Census metropolitan area (CMA)",2021S0503932,Room,Average asking rent,Dollars,81,units,0,v1675425155,36.5.1,,..,,,0
Jul-20,"Abbotsford - Mission, Census metropolitan area (CMA)",2021S0503932,Room,Average asking rent,Dollars,81,units,0,v1675425155,36.5.1,,..,,,0
Oct-20,"Abbotsford - Mission, Census metropolitan area (CMA)",2021S0503932,Room,Average asking rent,Dollars,81,units,0,v1675425155,36.5.1,,..,,,0
Jan-21,"Abbotsford - Mission, Census metropolitan area (CMA)",2021S0503932,Room,Average asking rent,Dollars,81,units,0,v1675425155,36.5.1,,..,,,0
Apr-21,"Abbotsford - Mission, Census metropolitan area (CMA)",2021S0503932,Room,Average asking rent,Dollars,81,units,0,v1675425155,36.5.1,,..,,,0
Jul-21,"Abbotsford - Mission, Census metropolitan area (CMA)",2021S0503932,Room,Average asking rent,Dollars,81,units,0,v1675425155,36.5.1,,..,,,0
Oct-21,"Abbotsford - Mission, Census metropolitan area (CMA)",2021S0503932,Room,Average asking rent,Dollars,81,units,0,v1675425155,36.5.1,,..,,,0
Jan-22,"Abbotsford - Mission, Census metropolitan area (CMA)",2021S0503932,Room,Average asking rent,Dollars,81,units,0,v1675425155,36.5.1,,..,,,0
Apr-22,"Abbotsford - Mission, Census metropolitan area (CMA)",2021S0503932,Room,Average asking rent,Dollars,81,units,0,v1675425155,36.5.1,,..,,,0
Jul-22,"Abbotsford - Mission, Census metropolitan area (CMA)",2021S0503932,Room,Average asking rent,Dollars,81,units,0,v1675425155,36.5.1,,..,,,0
Oct-22,"Abbotsford - Mission, Census metropolitan area (CMA)",2021S0503932,Room,Average asking rent,Dollars,81,units,0,v1675425155,36.5.1,,..,,,0
Jan-23,"Abbotsford - Mission, Census metropolitan area (CMA)",2021S0503932,Room,Average asking rent,Dollars,81,units,0,v1675425155,36.5.1,,..,,,0
Apr-23,"Abbotsford - Mission, Census metropolitan area (CMA)",2021S0503932,Room,Average asking rent,Dollars,81,units,0,v1675425155,36.5.1,,..,,,0
Jul-23,"Abbotsford - Mission, Census metropolitan area (CMA)",2021S0503932,Room,Average asking rent,Dollars,81,units,0,v1675425155,36.5.1,,..,,,0
Oct-23,"Abbotsford - Mission, Census metropolitan area (CMA)",2021S0503932,Room,Average asking rent,Dollars,81,units,0,v1675425155,36.5.1,,..,,,0
Jan-24,"Abbotsford - Mission, Census metropolitan area (CMA)",2021S0503932,Room,Average asking rent,Dollars,81,units,0,v1675425155,36.5.1,,..,,,0
Apr-24,"Abbotsford - Mission, Census metropolitan area (CMA)",2021S0503932,Room,Average asking rent,Dollars,81,units,0,v1675425155,36.5.1,,..,,,0
Jul-24,"Abbotsford - Mission, Census metropolitan area (CMA)",2021S0503932,Room,Average asking rent,Dollars,81,units,0,v1675425155,36.5.1,,..,,,0
Oct-24,"Abbotsford - Mission, Census metropolitan area (CMA)",2021S0503932,Room,Average asking rent,Dollars,81,units,0,v1675425155,36.5.1,,..,,,0
Jan-25,"Abbotsford - Mission, Census metropolitan area (CMA)",2021S0503932,Room,Average asking rent,Dollars,81,units,0,v1675425155,36.5.1,,..,,,0
Jan-20,"Chilliwack, Census metropolitan area (CMA)",2021S0503930,Apartment - 1 bedroom,Average asking rent,Dollars,81,units,0,v1675425147,37.2.1,1000,E,,,0
Apr-20,"Chilliwack, Census metropolitan area (CMA)",2021S0503930,Apartment - 1 bedroom,Average asking rent,Dollars,81,units,0,v1675425147,37.2.1,1090,E,,,0
Jul-20,"Chilliwack, Census metropolitan area (CMA)",2021S0503930,Apartment - 1 bedroom,Average asking rent,Dollars,81,units,0,v1675425147,37.2.1,1090,E,,,0
Oct-20,"Chilliwack, Census metropolitan area (CMA)",2021S0503930,Apartment - 1 bedroom,Average asking rent,Dollars,81,units,0,v1675425147,37.2.1,1130,E,,,0
Jan-21,"Chilliwack, Census metropolitan area (CMA)",2021S0503930,Apartment - 1 bedroom,Average asking rent,Dollars,81,units,0,v1675425147,37.2.1,1160,,,,0
Apr-21,"Chilliwack, Census metropolitan area (CMA)",2021S0503930,Apartment - 1 bedroom,Average asking rent,Dollars,81,units,0,v1675425147,37.2.1,1210,E,,,0
Jul-21,"Chilliwack, Census metropolitan area (CMA)",2021S0503930,Apartment - 1 bedroom,Average asking rent,Dollars,81,units,0,v1675425147,37.2.1,1220,E,,,0
Oct-21,"Chilliwack, Census metropolitan area (CMA)",2021S0503930,Apartment - 1 bedroom,Average asking rent,Dollars,81,units,0,v1675425147,37.2.1,1250,E,,,0
Jan-22,"Chilliwack, Census metropolitan area (CMA)",2021S0503930,Apartment - 1 bedroom,Average asking rent,Dollars,81,units,0,v1675425147,37.2.1,1340,,,,0
Apr-22,"Chilliwack, Census metropolitan area (CMA)",2021S0503930,Apartment - 1 bedroom,Average asking rent,Dollars,81,units,0,v1675425147,37.2.1,1400,,,,0
Jul-22,"Chilliwack, Census metropolitan area (CMA)",2021S0503930,Apartment - 1 bedroom,Average asking rent,Dollars,81,units,0,v1675425147,37.2.1,1390,,,,0
Oct-22,"Chilliwack, Census metropolitan area (CMA)",2021S0503930,Apartment - 1 bedroom,Average asking rent,Dollars,81,units,0,v1675425147,37.2.1,1430,,,,0
Jan-23,"Chilliwack, Census metropolitan area (CMA)",2021S0503930,Apartment - 1 bedroom,Average asking rent,Dollars,81,units,0,v1675425147,37.2.1,1460,,,,0
Apr-23,"Chilliwack, Census metropolitan area (CMA)",2021S0503930,Apartment - 1 bedroom,Average asking rent,Dollars,81,units,0,v1675425147,37.2.1,1490,,,,0
Jul-23,"Chilliwack, Census metropolitan area (CMA)",2021S0503930,Apartment - 1 bedroom,Average asking rent,Dollars,81,units,0,v1675425147,37.2.1,1520,,,,0
Oct-23,"Chilliwack, Census metropolitan area (CMA)",2021S0503930,Apartment - 1 bedroom,Average asking rent,Dollars,81,units,0,v1675425147,37.2.1,1520,,,,0
Jan-24,"Chilliwack, Census metropolitan area (CMA)",2021S0503930,Apartment - 1 bedroom,Average asking rent,Dollars,81,units,0,v1675425147,37.2.1,1460,,,,0
Apr-24,"Chilliwack, Census metropolitan area (CMA)",2021S0503930,Apartment - 1 bedroom,Average asking rent,Dollars,81,units,0,v1675425147,37.2.1,1470,,,,0
Jul-24,"Chilliwack, Census metropolitan area (CMA)",2021S0503930,Apartment - 1 bedroom,Average asking rent,Dollars,81,units,0,v1675425147,37.2.1,1480,,,,0
Oct-24,"Chilliwack, Census metropolitan area (CMA)",2021S0503930,Apartment - 1 bedroom,Average asking rent,Dollars,81,units,0,v1675425147,37.2.1,1450,,,,0
Jan-25,"Chilliwack, Census metropolitan area (CMA)",2021S0503930,Apartment - 1 bedroom,Average asking rent,Dollars,81,units,0,v1675425147,37.2.1,1490,,,,0
Jan-20,"Chilliwack, Census metropolitan area (CMA)",2021S0503930,Apartment - 2 bedrooms,Average asking rent,Dollars,81,units,0,v1675425148,37.3.1,1290,,,,0
Apr-20,"Chilliwack, Census metropolitan area (CMA)",2021S0503930,Apartment - 2 bedrooms,Average asking rent,Dollars,81,units,0,v1675425148,37.3.1,1270,E,,,0
Jul-20,"Chilliwack, Census metropolitan area (CMA)",2021S0503930,Apartment - 2 bedrooms,Average asking rent,Dollars,81,units,0,v1675425148,37.3.1,1310,E,,,0
Oct-20,"Chilliwack, Census metropolitan area (CMA)",2021S0503930,Apartment - 2 bedrooms,Average asking rent,Dollars,81,units,0,v1675425148,37.3.1,1430,E,,,0
Jan-21,"Chilliwack, Census metropolitan area (CMA)",2021S0503930,Apartment - 2 bedrooms,Average asking rent,Dollars,81,units,0,v1675425148,37.3.1,1650,E,,,0
Apr-21,"Chilliwack, Census metropolitan area (CMA)",2021S0503930,Apartment - 2 bedrooms,Average asking rent,Dollars,81,units,0,v1675425148,37.3.1,1590,,,,0
Jul-21,"Chilliwack, Census metropolitan area (CMA)",2021S0503930,Apartment - 2 bedrooms,Average asking rent,Dollars,81,units,0,v1675425148,37.3.1,1680,,,,0
Oct-21,"Chilliwack, Census metropolitan area (CMA)",2021S0503930,Apartment - 2 bedrooms,Average asking rent,Dollars,81,units,0,v1675425148,37.3.1,1610,,,,0
Jan-22,"Chilliwack, Census metropolitan area (CMA)",2021S0503930,Apartment - 2 bedrooms,Average asking rent,Dollars,81,units,0,v1675425148,37.3.1,1550,,,,0
Apr-22,"Chilliwack, Census metropolitan area (CMA)",2021S0503930,Apartment - 2 bedrooms,Average asking rent,Dollars,81,units,0,v1675425148,37.3.1,1720,,,,0
Jul-22,"Chilliwack, Census metropolitan area (CMA)",2021S0503930,Apartment - 2 bedrooms,Average asking rent,Dollars,81,units,0,v1675425148,37.3.1,1710,,,,0
Oct-22,"Chilliwack, Census metropolitan area (CMA)",2021S0503930,Apartment - 2 bedrooms,Average asking rent,Dollars,81,units,0,v1675425148,37.3.1,1680,,,,0
Jan-23,"Chilliwack, Census metropolitan area (CMA)",2021S0503930,Apartment - 2 bedrooms,Average asking rent,Dollars,81,units,0,v1675425148,37.3.1,1660,,,,0
Apr-23,"Chilliwack, Census metropolitan area (CMA)",2021S0503930,Apartment - 2 bedrooms,Average asking rent,Dollars,81,units,0,v1675425148,37.3.1,1800,,,,0
Jul-23,"Chilliwack, Census metropolitan area (CMA)",2021S0503930,Apartment - 2 bedrooms,Average asking rent,Dollars,81,units,0,v1675425148,37.3.1,1820,,,,0
Oct-23,"Chilliwack, Census metropolitan area (CMA)",2021S0503930,Apartment - 2 bedrooms,Average asking rent,Dollars,81,units,0,v1675425148,37.3.1,1820,,,,0
Jan-24,"Chilliwack, Census metropolitan area (CMA)",2021S0503930,Apartment - 2 bedrooms,Average asking rent,Dollars,81,units,0,v1675425148,37.3.1,1840,,,,0
Apr-24,"Chilliwack, Census metropolitan area (CMA)",2021S0503930,Apartment - 2 bedrooms,Average asking rent,Dollars,81,units,0,v1675425148,37.3.1,1820,,,,0
Jul-24,"Chilliwack, Census metropolitan area (CMA)",2021S0503930,Apartment - 2 bedrooms,Average asking rent,Dollars,81,units,0,v1675425148,37.3.1,1790,,,,0
Oct-24,"Chilliwack, Census metropolitan area (CMA)",2021S0503930,Apartment - 2 bedrooms,Average asking rent,Dollars,81,units,0,v1675425148,37.3.1,1830,,,,0
Jan-25,"Chilliwack, Census metropolitan area (CMA)",2021S0503930,Apartment - 2 bedrooms,Average asking rent,Dollars,81,units,0,v1675425148,37.3.1,1710,,,,0
Jan-20,"Chilliwack, Census metropolitan area (CMA)",2021S0503930,Room,Average asking rent,Dollars,81,units,0,v1675425150,37.5.1,,..,,,0
Apr-20,"Chilliwack, Census metropolitan area (CMA)",2021S0503930,Room,Average asking rent,Dollars,81,units,0,v1675425150,37.5.1,,..,,,0
Jul-20,"Chilliwack, Census metropolitan area (CMA)",2021S0503930,Room,Average asking rent,Dollars,81,units,0,v1675425150,37.5.1,,..,,,0
Oct-20,"Chilliwack, Census metropolitan area (CMA)",2021S0503930,Room,Average asking rent,Dollars,81,units,0,v1675425150,37.5.1,,..,,,0
Jan-21,"Chilliwack, Census metropolitan area (CMA)",2021S0503930,Room,Average asking rent,Dollars,81,units,0,v1675425150,37.5.1,,..,,,0
Apr-21,"Chilliwack, Census metropolitan area (CMA)",2021S0503930,Room,Average asking rent,Dollars,81,units,0,v1675425150,37.5.1,,..,,,0
Jul-21,"Chilliwack, Census metropolitan area (CMA)",2021S0503930,Room,Average asking rent,Dollars,81,units,0,v1675425150,37.5.1,,..,,,0
Oct-21,"Chilliwack, Census metropolitan area (CMA)",2021S0503930,Room,Average asking rent,Dollars,81,units,0,v1675425150,37.5.1,,..,,,0
Jan-22,"Chilliwack, Census metropolitan area (CMA)",2021S0503930,Room,Average asking rent,Dollars,81,units,0,v1675425150,37.5.1,,..,,,0
Apr-22,"Chilliwack, Census metropolitan area (CMA)",2021S0503930,Room,Average asking rent,Dollars,81,units,0,v1675425150,37.5.1,,..,,,0
Jul-22,"Chilliwack, Census metropolitan area (CMA)",2021S0503930,Room,Average asking rent,Dollars,81,units,0,v1675425150,37.5.1,,..,,,0
Oct-22,"Chilliwack, Census metropolitan area (CMA)",2021S0503930,Room,Average asking rent,Dollars,81,units,0,v1675425150,37.5.1,,..,,,0
Jan-23,"Chilliwack, Census metropolitan area (CMA)",2021S0503930,Room,Average asking rent,Dollars,81,units,0,v1675425150,37.5.1,,..,,,0
Apr-23,"Chilliwack, Census metropolitan area (CMA)",2021S0503930,Room,Average asking rent,Dollars,81,units,0,v1675425150,37.5.1,,..,,,0
Jul-23,"Chilliwack, Census metropolitan area (CMA)",2021S0503930,Room,Average asking rent,Dollars,81,units,0,v1675425150,37.5.1,,..,,,0
Oct-23,"Chilliwack, Census metropolitan area (CMA)",2021S0503930,Room,Average asking rent,Dollars,81,units,0,v1675425150,37.5.1,,..,,,0
Jan-24,"Chilliwack, Census metropolitan area (CMA)",2021S0503930,Room,Average asking rent,Dollars,81,units,0,v1675425150,37.5.1,,..,,,0
Apr-24,"Chilliwack, Census metropolitan area (CMA)",2021S0503930,Room,Average asking rent,Dollars,81,units,0,v1675425150,37.5.1,,..,,,0
Jul-24,"Chilliwack, Census metropolitan area (CMA)",2021S0503930,Room,Average asking rent,Dollars,81,units,0,v1675425150,37.5.1,,..,,,0
Oct-24,"Chilliwack, Census metropolitan area (CMA)",2021S0503930,Room,Average asking rent,Dollars,81,units,0,v1675425150,37.5.1,,..,,,0
Jan-25,"Chilliwack, Census metropolitan area (CMA)",2021S0503930,Room,Average asking rent,Dollars,81,units,0,v1675425150,37.5.1,,..,,,0
Jan-20,"Kamloops, Census metropolitan area (CMA)",2021S0503925,Apartment - 1 bedroom,Average asking rent,Dollars,81,units,0,v1675425142,38.2.1,1090,,,,0
Apr-20,"Kamloops, Census metropolitan area (CMA)",2021S0503925,Apartment - 1 bedroom,Average asking rent,Dollars,81,units,0,v1675425142,38.2.1,1110,,,,0
Jul-20,"Kamloops, Census metropolitan area (CMA)",2021S0503925,Apartment - 1 bedroom,Average asking rent,Dollars,81,units,0,v1675425142,38.2.1,1110,,,,0
Oct-20,"Kamloops, Census metropolitan area (CMA)",2021S0503925,Apartment - 1 bedroom,Average asking rent,Dollars,81,units,0,v1675425142,38.2.1,1160,,,,0
Jan-21,"Kamloops, Census metropolitan area (CMA)",2021S0503925,Apartment - 1 bedroom,Average asking rent,Dollars,81,units,0,v1675425142,38.2.1,1200,,,,0
Apr-21,"Kamloops, Census metropolitan area (CMA)",2021S0503925,Apartment - 1 bedroom,Average asking rent,Dollars,81,units,0,v1675425142,38.2.1,1250,,,,0
Jul-21,"Kamloops, Census metropolitan area (CMA)",2021S0503925,Apartment - 1 bedroom,Average asking rent,Dollars,81,units,0,v1675425142,38.2.1,1290,,,,0
Oct-21,"Kamloops, Census metropolitan area (CMA)",2021S0503925,Apartment - 1 bedroom,Average asking rent,Dollars,81,units,0,v1675425142,38.2.1,1360,,,,0
Jan-22,"Kamloops, Census metropolitan area (CMA)",2021S0503925,Apartment - 1 bedroom,Average asking rent,Dollars,81,units,0,v1675425142,38.2.1,1340,,,,0
Apr-22,"Kamloops, Census metropolitan area (CMA)",2021S0503925,Apartment - 1 bedroom,Average asking rent,Dollars,81,units,0,v1675425142,38.2.1,1410,,,,0
Jul-22,"Kamloops, Census metropolitan area (CMA)",2021S0503925,Apartment - 1 bedroom,Average asking rent,Dollars,81,units,0,v1675425142,38.2.1,1400,,,,0
Oct-22,"Kamloops, Census metropolitan area (CMA)",2021S0503925,Apartment - 1 bedroom,Average asking rent,Dollars,81,units,0,v1675425142,38.2.1,1420,,,,0
Jan-23,"Kamloops, Census metropolitan area (CMA)",2021S0503925,Apartment - 1 bedroom,Average asking rent,Dollars,81,units,0,v1675425142,38.2.1,1470,,,,0
Apr-23,"Kamloops, Census metropolitan area (CMA)",2021S0503925,Apartment - 1 bedroom,Average asking rent,Dollars,81,units,0,v1675425142,38.2.1,1490,,,,0
Jul-23,"Kamloops, Census metropolitan area (CMA)",2021S0503925,Apartment - 1 bedroom,Average asking rent,Dollars,81,units,0,v1675425142,38.2.1,1540,,,,0
Oct-23,"Kamloops, Census metropolitan area (CMA)",2021S0503925,Apartment - 1 bedroom,Average asking rent,Dollars,81,units,0,v1675425142,38.2.1,1510,,,,0
Jan-24,"Kamloops, Census metropolitan area (CMA)",2021S0503925,Apartment - 1 bedroom,Average asking rent,Dollars,81,units,0,v1675425142,38.2.1,1470,,,,0
Apr-24,"Kamloops, Census metropolitan area (CMA)",2021S0503925,Apartment - 1 bedroom,Average asking rent,Dollars,81,units,0,v1675425142,38.2.1,1540,,,,0
Jul-24,"Kamloops, Census metropolitan area (CMA)",2021S0503925,Apartment - 1 bedroom,Average asking rent,Dollars,81,units,0,v1675425142,38.2.1,1550,,,,0
Oct-24,"Kamloops, Census metropolitan area (CMA)",2021S0503925,Apartment - 1 bedroom,Average asking rent,Dollars,81,units,0,v1675425142,38.2.1,1550,,,,0
Jan-25,"Kamloops, Census metropolitan area (CMA)",2021S0503925,Apartment - 1 bedroom,Average asking rent,Dollars,81,units,0,v1675425142,38.2.1,1550,,,,0
Jan-20,"Kamloops, Census metropolitan area (CMA)",2021S0503925,Apartment - 2 bedrooms,Average asking rent,Dollars,81,units,0,v1675425143,38.3.1,1350,,,,0
Apr-20,"Kamloops, Census metropolitan area (CMA)",2021S0503925,Apartment - 2 bedrooms,Average asking rent,Dollars,81,units,0,v1675425143,38.3.1,1380,,,,0
Jul-20,"Kamloops, Census metropolitan area (CMA)",2021S0503925,Apartment - 2 bedrooms,Average asking rent,Dollars,81,units,0,v1675425143,38.3.1,1410,,,,0
Oct-20,"Kamloops, Census metropolitan area (CMA)",2021S0503925,Apartment - 2 bedrooms,Average asking rent,Dollars,81,units,0,v1675425143,38.3.1,1420,,,,0
Jan-21,"Kamloops, Census metropolitan area (CMA)",2021S0503925,Apartment - 2 bedrooms,Average asking rent,Dollars,81,units,0,v1675425143,38.3.1,1460,,,,0
Apr-21,"Kamloops, Census metropolitan area (CMA)",2021S0503925,Apartment - 2 bedrooms,Average asking rent,Dollars,81,units,0,v1675425143,38.3.1,1590,,,,0
Jul-21,"Kamloops, Census metropolitan area (CMA)",2021S0503925,Apartment - 2 bedrooms,Average asking rent,Dollars,81,units,0,v1675425143,38.3.1,1630,,,,0
Oct-21,"Kamloops, Census metropolitan area (CMA)",2021S0503925,Apartment - 2 bedrooms,Average asking rent,Dollars,81,units,0,v1675425143,38.3.1,1740,,,,0
Jan-22,"Kamloops, Census metropolitan area (CMA)",2021S0503925,Apartment - 2 bedrooms,Average asking rent,Dollars,81,units,0,v1675425143,38.3.1,1810,,,,0
Apr-22,"Kamloops, Census metropolitan area (CMA)",2021S0503925,Apartment - 2 bedrooms,Average asking rent,Dollars,81,units,0,v1675425143,38.3.1,1790,,,,0
Jul-22,"Kamloops, Census metropolitan area (CMA)",2021S0503925,Apartment - 2 bedrooms,Average asking rent,Dollars,81,units,0,v1675425143,38.3.1,1870,,,,0
Oct-22,"Kamloops, Census metropolitan area (CMA)",2021S0503925,Apartment - 2 bedrooms,Average asking rent,Dollars,81,units,0,v1675425143,38.3.1,1850,,,,0
Jan-23,"Kamloops, Census metropolitan area (CMA)",2021S0503925,Apartment - 2 bedrooms,Average asking rent,Dollars,81,units,0,v1675425143,38.3.1,1920,,,,0
Apr-23,"Kamloops, Census metropolitan area (CMA)",2021S0503925,Apartment - 2 bedrooms,Average asking rent,Dollars,81,units,0,v1675425143,38.3.1,1960,,,,0
Jul-23,"Kamloops, Census metropolitan area (CMA)",2021S0503925,Apartment - 2 bedrooms,Average asking rent,Dollars,81,units,0,v1675425143,38.3.1,2010,,,,0
Oct-23,"Kamloops, Census metropolitan area (CMA)",2021S0503925,Apartment - 2 bedrooms,Average asking rent,Dollars,81,units,0,v1675425143,38.3.1,1910,,,,0
Jan-24,"Kamloops, Census metropolitan area (CMA)",2021S0503925,Apartment - 2 bedrooms,Average asking rent,Dollars,81,units,0,v1675425143,38.3.1,1870,,,,0
Apr-24,"Kamloops, Census metropolitan area (CMA)",2021S0503925,Apartment - 2 bedrooms,Average asking rent,Dollars,81,units,0,v1675425143,38.3.1,1870,,,,0
Jul-24,"Kamloops, Census metropolitan area (CMA)",2021S0503925,Apartment - 2 bedrooms,Average asking rent,Dollars,81,units,0,v1675425143,38.3.1,1970,,,,0
Oct-24,"Kamloops, Census metropolitan area (CMA)",2021S0503925,Apartment - 2 bedrooms,Average asking rent,Dollars,81,units,0,v1675425143,38.3.1,1860,,,,0
Jan-25,"Kamloops, Census metropolitan area (CMA)",2021S0503925,Apartment - 2 bedrooms,Average asking rent,Dollars,81,units,0,v1675425143,38.3.1,1840,,,,0
Jan-20,"Kamloops, Census metropolitan area (CMA)",2021S0503925,Room,Average asking rent,Dollars,81,units,0,v1675425145,38.5.1,610,,,,0
Apr-20,"Kamloops, Census metropolitan area (CMA)",2021S0503925,Room,Average asking rent,Dollars,81,units,0,v1675425145,38.5.1,590,,,,0
Jul-20,"Kamloops, Census metropolitan area (CMA)",2021S0503925,Room,Average asking rent,Dollars,81,units,0,v1675425145,38.5.1,590,,,,0
Oct-20,"Kamloops, Census metropolitan area (CMA)",2021S0503925,Room,Average asking rent,Dollars,81,units,0,v1675425145,38.5.1,600,,,,0
Jan-21,"Kamloops, Census metropolitan area (CMA)",2021S0503925,Room,Average asking rent,Dollars,81,units,0,v1675425145,38.5.1,610,,,,0
Apr-21,"Kamloops, Census metropolitan area (CMA)",2021S0503925,Room,Average asking rent,Dollars,81,units,0,v1675425145,38.5.1,630,,,,0
Jul-21,"Kamloops, Census metropolitan area (CMA)",2021S0503925,Room,Average asking rent,Dollars,81,units,0,v1675425145,38.5.1,700,,,,0
Oct-21,"Kamloops, Census metropolitan area (CMA)",2021S0503925,Room,Average asking rent,Dollars,81,units,0,v1675425145,38.5.1,750,,,,0
Jan-22,"Kamloops, Census metropolitan area (CMA)",2021S0503925,Room,Average asking rent,Dollars,81,units,0,v1675425145,38.5.1,740,,,,0
Apr-22,"Kamloops, Census metropolitan area (CMA)",2021S0503925,Room,Average asking rent,Dollars,81,units,0,v1675425145,38.5.1,750,,,,0
Jul-22,"Kamloops, Census metropolitan area (CMA)",2021S0503925,Room,Average asking rent,Dollars,81,units,0,v1675425145,38.5.1,840,,,,0
Oct-22,"Kamloops, Census metropolitan area (CMA)",2021S0503925,Room,Average asking rent,Dollars,81,units,0,v1675425145,38.5.1,830,,,,0
Jan-23,"Kamloops, Census metropolitan area (CMA)",2021S0503925,Room,Average asking rent,Dollars,81,units,0,v1675425145,38.5.1,810,,,,0
Apr-23,"Kamloops, Census metropolitan area (CMA)",2021S0503925,Room,Average asking rent,Dollars,81,units,0,v1675425145,38.5.1,880,E,,,0
Jul-23,"Kamloops, Census metropolitan area (CMA)",2021S0503925,Room,Average asking rent,Dollars,81,units,0,v1675425145,38.5.1,870,,,,0
Oct-23,"Kamloops, Census metropolitan area (CMA)",2021S0503925,Room,Average asking rent,Dollars,81,units,0,v1675425145,38.5.1,890,,,,0
Jan-24,"Kamloops, Census metropolitan area (CMA)",2021S0503925,Room,Average asking rent,Dollars,81,units,0,v1675425145,38.5.1,850,,,,0
Apr-24,"Kamloops, Census metropolitan area (CMA)",2021S0503925,Room,Average asking rent,Dollars,81,units,0,v1675425145,38.5.1,850,,,,0
Jul-24,"Kamloops, Census metropolitan area (CMA)",2021S0503925,Room,Average asking rent,Dollars,81,units,0,v1675425145,38.5.1,890,,,,0
Oct-24,"Kamloops, Census metropolitan area (CMA)",2021S0503925,Room,Average asking rent,Dollars,81,units,0,v1675425145,38.5.1,860,,,,0
Jan-25,"Kamloops, Census metropolitan area (CMA)",2021S0503925,Room,Average asking rent,Dollars,81,units,0,v1675425145,38.5.1,870,,,,0
Jan-20,"Kelowna, Census metropolitan area (CMA)",2021S0503915,Apartment - 1 bedroom,Average asking rent,Dollars,81,units,0,v1675425137,39.2.1,1380,,,,0
Apr-20,"Kelowna, Census metropolitan area (CMA)",2021S0503915,Apartment - 1 bedroom,Average asking rent,Dollars,81,units,0,v1675425137,39.2.1,1430,,,,0
Jul-20,"Kelowna, Census metropolitan area (CMA)",2021S0503915,Apartment - 1 bedroom,Average asking rent,Dollars,81,units,0,v1675425137,39.2.1,1470,,,,0
Oct-20,"Kelowna, Census metropolitan area (CMA)",2021S0503915,Apartment - 1 bedroom,Average asking rent,Dollars,81,units,0,v1675425137,39.2.1,1470,,,,0
Jan-21,"Kelowna, Census metropolitan area (CMA)",2021S0503915,Apartment - 1 bedroom,Average asking rent,Dollars,81,units,0,v1675425137,39.2.1,1560,,,,0
Apr-21,"Kelowna, Census metropolitan area (CMA)",2021S0503915,Apartment - 1 bedroom,Average asking rent,Dollars,81,units,0,v1675425137,39.2.1,1640,,,,0
Jul-21,"Kelowna, Census metropolitan area (CMA)",2021S0503915,Apartment - 1 bedroom,Average asking rent,Dollars,81,units,0,v1675425137,39.2.1,1670,,,,0
Oct-21,"Kelowna, Census metropolitan area (CMA)",2021S0503915,Apartment - 1 bedroom,Average asking rent,Dollars,81,units,0,v1675425137,39.2.1,1700,,,,0
Jan-22,"Kelowna, Census metropolitan area (CMA)",2021S0503915,Apartment - 1 bedroom,Average asking rent,Dollars,81,units,0,v1675425137,39.2.1,1650,,,,0
Apr-22,"Kelowna, Census metropolitan area (CMA)",2021S0503915,Apartment - 1 bedroom,Average asking rent,Dollars,81,units,0,v1675425137,39.2.1,1770,,,,0
Jul-22,"Kelowna, Census metropolitan area (CMA)",2021S0503915,Apartment - 1 bedroom,Average asking rent,Dollars,81,units,0,v1675425137,39.2.1,1900,,,,0
Oct-22,"Kelowna, Census metropolitan area (CMA)",2021S0503915,Apartment - 1 bedroom,Average asking rent,Dollars,81,units,0,v1675425137,39.2.1,1920,,,,0
Jan-23,"Kelowna, Census metropolitan area (CMA)",2021S0503915,Apartment - 1 bedroom,Average asking rent,Dollars,81,units,0,v1675425137,39.2.1,1920,,,,0
Apr-23,"Kelowna, Census metropolitan area (CMA)",2021S0503915,Apartment - 1 bedroom,Average asking rent,Dollars,81,units,0,v1675425137,39.2.1,1730,E,,,0
Jul-23,"Kelowna, Census metropolitan area (CMA)",2021S0503915,Apartment - 1 bedroom,Average asking rent,Dollars,81,units,0,v1675425137,39.2.1,1890,,,,0
Oct-23,"Kelowna, Census metropolitan area (CMA)",2021S0503915,Apartment - 1 bedroom,Average asking rent,Dollars,81,units,0,v1675425137,39.2.1,1960,,,,0
Jan-24,"Kelowna, Census metropolitan area (CMA)",2021S0503915,Apartment - 1 bedroom,Average asking rent,Dollars,81,units,0,v1675425137,39.2.1,1920,,,,0
Apr-24,"Kelowna, Census metropolitan area (CMA)",2021S0503915,Apartment - 1 bedroom,Average asking rent,Dollars,81,units,0,v1675425137,39.2.1,2010,,,,0
Jul-24,"Kelowna, Census metropolitan area (CMA)",2021S0503915,Apartment - 1 bedroom,Average asking rent,Dollars,81,units,0,v1675425137,39.2.1,1910,,,,0
Oct-24,"Kelowna, Census metropolitan area (CMA)",2021S0503915,Apartment - 1 bedroom,Average asking rent,Dollars,81,units,0,v1675425137,39.2.1,1860,,,,0
Jan-25,"Kelowna, Census metropolitan area (CMA)",2021S0503915,Apartment - 1 bedroom,Average asking rent,Dollars,81,units,0,v1675425137,39.2.1,1740,,,,0
Jan-20,"Kelowna, Census metropolitan area (CMA)",2021S0503915,Apartment - 2 bedrooms,Average asking rent,Dollars,81,units,0,v1675425138,39.3.1,1650,,,,0
Apr-20,"Kelowna, Census metropolitan area (CMA)",2021S0503915,Apartment - 2 bedrooms,Average asking rent,Dollars,81,units,0,v1675425138,39.3.1,1700,,,,0
Jul-20,"Kelowna, Census metropolitan area (CMA)",2021S0503915,Apartment - 2 bedrooms,Average asking rent,Dollars,81,units,0,v1675425138,39.3.1,1850,,,,0
Oct-20,"Kelowna, Census metropolitan area (CMA)",2021S0503915,Apartment - 2 bedrooms,Average asking rent,Dollars,81,units,0,v1675425138,39.3.1,1990,,,,0
Jan-21,"Kelowna, Census metropolitan area (CMA)",2021S0503915,Apartment - 2 bedrooms,Average asking rent,Dollars,81,units,0,v1675425138,39.3.1,2160,E,,,0
Apr-21,"Kelowna, Census metropolitan area (CMA)",2021S0503915,Apartment - 2 bedrooms,Average asking rent,Dollars,81,units,0,v1675425138,39.3.1,2170,,,,0
Jul-21,"Kelowna, Census metropolitan area (CMA)",2021S0503915,Apartment - 2 bedrooms,Average asking rent,Dollars,81,units,0,v1675425138,39.3.1,2390,,,,0
Oct-21,"Kelowna, Census metropolitan area (CMA)",2021S0503915,Apartment - 2 bedrooms,Average asking rent,Dollars,81,units,0,v1675425138,39.3.1,2280,,,,0
Jan-22,"Kelowna, Census metropolitan area (CMA)",2021S0503915,Apartment - 2 bedrooms,Average asking rent,Dollars,81,units,0,v1675425138,39.3.1,2310,,,,0
Apr-22,"Kelowna, Census metropolitan area (CMA)",2021S0503915,Apartment - 2 bedrooms,Average asking rent,Dollars,81,units,0,v1675425138,39.3.1,2430,,,,0
Jul-22,"Kelowna, Census metropolitan area (CMA)",2021S0503915,Apartment - 2 bedrooms,Average asking rent,Dollars,81,units,0,v1675425138,39.3.1,2720,E,,,0
Oct-22,"Kelowna, Census metropolitan area (CMA)",2021S0503915,Apartment - 2 bedrooms,Average asking rent,Dollars,81,units,0,v1675425138,39.3.1,2380,,,,0
Jan-23,"Kelowna, Census metropolitan area (CMA)",2021S0503915,Apartment - 2 bedrooms,Average asking rent,Dollars,81,units,0,v1675425138,39.3.1,2380,,,,0
Apr-23,"Kelowna, Census metropolitan area (CMA)",2021S0503915,Apartment - 2 bedrooms,Average asking rent,Dollars,81,units,0,v1675425138,39.3.1,2560,,,,0
Jul-23,"Kelowna, Census metropolitan area (CMA)",2021S0503915,Apartment - 2 bedrooms,Average asking rent,Dollars,81,units,0,v1675425138,39.3.1,2550,,,,0
Oct-23,"Kelowna, Census metropolitan area (CMA)",2021S0503915,Apartment - 2 bedrooms,Average asking rent,Dollars,81,units,0,v1675425138,39.3.1,2640,,,,0
Jan-24,"Kelowna, Census metropolitan area (CMA)",2021S0503915,Apartment - 2 bedrooms,Average asking rent,Dollars,81,units,0,v1675425138,39.3.1,2430,,,,0
Apr-24,"Kelowna, Census metropolitan area (CMA)",2021S0503915,Apartment - 2 bedrooms,Average asking rent,Dollars,81,units,0,v1675425138,39.3.1,2490,,,,0
Jul-24,"Kelowna, Census metropolitan area (CMA)",2021S0503915,Apartment - 2 bedrooms,Average asking rent,Dollars,81,units,0,v1675425138,39.3.1,2530,,,,0
Oct-24,"Kelowna, Census metropolitan area (CMA)",2021S0503915,Apartment - 2 bedrooms,Average asking rent,Dollars,81,units,0,v1675425138,39.3.1,2410,,,,0
Jan-25,"Kelowna, Census metropolitan area (CMA)",2021S0503915,Apartment - 2 bedrooms,Average asking rent,Dollars,81,units,0,v1675425138,39.3.1,2200,,,,0
Jan-20,"Kelowna, Census metropolitan area (CMA)",2021S0503915,Room,Average asking rent,Dollars,81,units,0,v1675425140,39.5.1,710,,,,0
Apr-20,"Kelowna, Census metropolitan area (CMA)",2021S0503915,Room,Average asking rent,Dollars,81,units,0,v1675425140,39.5.1,700,,,,0
Jul-20,"Kelowna, Census metropolitan area (CMA)",2021S0503915,Room,Average asking rent,Dollars,81,units,0,v1675425140,39.5.1,730,,,,0
Oct-20,"Kelowna, Census metropolitan area (CMA)",2021S0503915,Room,Average asking rent,Dollars,81,units,0,v1675425140,39.5.1,710,,,,0
Jan-21,"Kelowna, Census metropolitan area (CMA)",2021S0503915,Room,Average asking rent,Dollars,81,units,0,v1675425140,39.5.1,720,,,,0
Apr-21,"Kelowna, Census metropolitan area (CMA)",2021S0503915,Room,Average asking rent,Dollars,81,units,0,v1675425140,39.5.1,770,,,,0
Jul-21,"Kelowna, Census metropolitan area (CMA)",2021S0503915,Room,Average asking rent,Dollars,81,units,0,v1675425140,39.5.1,850,,,,0
Oct-21,"Kelowna, Census metropolitan area (CMA)",2021S0503915,Room,Average asking rent,Dollars,81,units,0,v1675425140,39.5.1,810,,,,0
Jan-22,"Kelowna, Census metropolitan area (CMA)",2021S0503915,Room,Average asking rent,Dollars,81,units,0,v1675425140,39.5.1,820,,,,0
Apr-22,"Kelowna, Census metropolitan area (CMA)",2021S0503915,Room,Average asking rent,Dollars,81,units,0,v1675425140,39.5.1,900,,,,0
Jul-22,"Kelowna, Census metropolitan area (CMA)",2021S0503915,Room,Average asking rent,Dollars,81,units,0,v1675425140,39.5.1,940,,,,0
Oct-22,"Kelowna, Census metropolitan area (CMA)",2021S0503915,Room,Average asking rent,Dollars,81,units,0,v1675425140,39.5.1,910,,,,0
Jan-23,"Kelowna, Census metropolitan area (CMA)",2021S0503915,Room,Average asking rent,Dollars,81,units,0,v1675425140,39.5.1,930,,,,0
Apr-23,"Kelowna, Census metropolitan area (CMA)",2021S0503915,Room,Average asking rent,Dollars,81,units,0,v1675425140,39.5.1,950,,,,0
Jul-23,"Kelowna, Census metropolitan area (CMA)",2021S0503915,Room,Average asking rent,Dollars,81,units,0,v1675425140,39.5.1,970,,,,0
Oct-23,"Kelowna, Census metropolitan area (CMA)",2021S0503915,Room,Average asking rent,Dollars,81,units,0,v1675425140,39.5.1,920,,,,0
Jan-24,"Kelowna, Census metropolitan area (CMA)",2021S0503915,Room,Average asking rent,Dollars,81,units,0,v1675425140,39.5.1,950,,,,0
Apr-24,"Kelowna, Census metropolitan area (CMA)",2021S0503915,Room,Average asking rent,Dollars,81,units,0,v1675425140,39.5.1,960,,,,0
Jul-24,"Kelowna, Census metropolitan area (CMA)",2021S0503915,Room,Average asking rent,Dollars,81,units,0,v1675425140,39.5.1,980,,,,0
Oct-24,"Kelowna, Census metropolitan area (CMA)",2021S0503915,Room,Average asking rent,Dollars,81,units,0,v1675425140,39.5.1,930,,,,0
Jan-25,"Kelowna, Census metropolitan area (CMA)",2021S0503915,Room,Average asking rent,Dollars,81,units,0,v1675425140,39.5.1,970,,,,0
Jan-20,"Nanaimo, Census metropolitan area (CMA)",2021S0503938,Apartment - 1 bedroom,Average asking rent,Dollars,81,units,0,v1675425167,40.2.1,1150,,,,0
Apr-20,"Nanaimo, Census metropolitan area (CMA)",2021S0503938,Apartment - 1 bedroom,Average asking rent,Dollars,81,units,0,v1675425167,40.2.1,1140,,,,0
Jul-20,"Nanaimo, Census metropolitan area (CMA)",2021S0503938,Apartment - 1 bedroom,Average asking rent,Dollars,81,units,0,v1675425167,40.2.1,1150,,,,0
Oct-20,"Nanaimo, Census metropolitan area (CMA)",2021S0503938,Apartment - 1 bedroom,Average asking rent,Dollars,81,units,0,v1675425167,40.2.1,1190,,,,0
Jan-21,"Nanaimo, Census metropolitan area (CMA)",2021S0503938,Apartment - 1 bedroom,Average asking rent,Dollars,81,units,0,v1675425167,40.2.1,1250,,,,0
Apr-21,"Nanaimo, Census metropolitan area (CMA)",2021S0503938,Apartment - 1 bedroom,Average asking rent,Dollars,81,units,0,v1675425167,40.2.1,1310,,,,0
Jul-21,"Nanaimo, Census metropolitan area (CMA)",2021S0503938,Apartment - 1 bedroom,Average asking rent,Dollars,81,units,0,v1675425167,40.2.1,1340,,,,0
Oct-21,"Nanaimo, Census metropolitan area (CMA)",2021S0503938,Apartment - 1 bedroom,Average asking rent,Dollars,81,units,0,v1675425167,40.2.1,1410,,,,0
Jan-22,"Nanaimo, Census metropolitan area (CMA)",2021S0503938,Apartment - 1 bedroom,Average asking rent,Dollars,81,units,0,v1675425167,40.2.1,1400,,,,0
Apr-22,"Nanaimo, Census metropolitan area (CMA)",2021S0503938,Apartment - 1 bedroom,Average asking rent,Dollars,81,units,0,v1675425167,40.2.1,1530,,,,0
Jul-22,"Nanaimo, Census metropolitan area (CMA)",2021S0503938,Apartment - 1 bedroom,Average asking rent,Dollars,81,units,0,v1675425167,40.2.1,1600,,,,0
Oct-22,"Nanaimo, Census metropolitan area (CMA)",2021S0503938,Apartment - 1 bedroom,Average asking rent,Dollars,81,units,0,v1675425167,40.2.1,1530,,,,0
Jan-23,"Nanaimo, Census metropolitan area (CMA)",2021S0503938,Apartment - 1 bedroom,Average asking rent,Dollars,81,units,0,v1675425167,40.2.1,1610,,,,0
Apr-23,"Nanaimo, Census metropolitan area (CMA)",2021S0503938,Apartment - 1 bedroom,Average asking rent,Dollars,81,units,0,v1675425167,40.2.1,1590,,,,0
Jul-23,"Nanaimo, Census metropolitan area (CMA)",2021S0503938,Apartment - 1 bedroom,Average asking rent,Dollars,81,units,0,v1675425167,40.2.1,1670,,,,0
Oct-23,"Nanaimo, Census metropolitan area (CMA)",2021S0503938,Apartment - 1 bedroom,Average asking rent,Dollars,81,units,0,v1675425167,40.2.1,1710,,,,0
Jan-24,"Nanaimo, Census metropolitan area (CMA)",2021S0503938,Apartment - 1 bedroom,Average asking rent,Dollars,81,units,0,v1675425167,40.2.1,1690,,,,0
Apr-24,"Nanaimo, Census metropolitan area (CMA)",2021S0503938,Apartment - 1 bedroom,Average asking rent,Dollars,81,units,0,v1675425167,40.2.1,1680,,,,0
Jul-24,"Nanaimo, Census metropolitan area (CMA)",2021S0503938,Apartment - 1 bedroom,Average asking rent,Dollars,81,units,0,v1675425167,40.2.1,1680,,,,0
Oct-24,"Nanaimo, Census metropolitan area (CMA)",2021S0503938,Apartment - 1 bedroom,Average asking rent,Dollars,81,units,0,v1675425167,40.2.1,1650,,,,0
Jan-25,"Nanaimo, Census metropolitan area (CMA)",2021S0503938,Apartment - 1 bedroom,Average asking rent,Dollars,81,units,0,v1675425167,40.2.1,1670,,,,0
Jan-20,"Nanaimo, Census metropolitan area (CMA)",2021S0503938,Apartment - 2 bedrooms,Average asking rent,Dollars,81,units,0,v1675425168,40.3.1,1410,,,,0
Apr-20,"Nanaimo, Census metropolitan area (CMA)",2021S0503938,Apartment - 2 bedrooms,Average asking rent,Dollars,81,units,0,v1675425168,40.3.1,1430,E,,,0
Jul-20,"Nanaimo, Census metropolitan area (CMA)",2021S0503938,Apartment - 2 bedrooms,Average asking rent,Dollars,81,units,0,v1675425168,40.3.1,1560,,,,0
Oct-20,"Nanaimo, Census metropolitan area (CMA)",2021S0503938,Apartment - 2 bedrooms,Average asking rent,Dollars,81,units,0,v1675425168,40.3.1,1440,E,,,0
Jan-21,"Nanaimo, Census metropolitan area (CMA)",2021S0503938,Apartment - 2 bedrooms,Average asking rent,Dollars,81,units,0,v1675425168,40.3.1,1620,,,,0
Apr-21,"Nanaimo, Census metropolitan area (CMA)",2021S0503938,Apartment - 2 bedrooms,Average asking rent,Dollars,81,units,0,v1675425168,40.3.1,1740,,,,0
Jul-21,"Nanaimo, Census metropolitan area (CMA)",2021S0503938,Apartment - 2 bedrooms,Average asking rent,Dollars,81,units,0,v1675425168,40.3.1,1730,,,,0
Oct-21,"Nanaimo, Census metropolitan area (CMA)",2021S0503938,Apartment - 2 bedrooms,Average asking rent,Dollars,81,units,0,v1675425168,40.3.1,1720,,,,0
Jan-22,"Nanaimo, Census metropolitan area (CMA)",2021S0503938,Apartment - 2 bedrooms,Average asking rent,Dollars,81,units,0,v1675425168,40.3.1,1730,,,,0
Apr-22,"Nanaimo, Census metropolitan area (CMA)",2021S0503938,Apartment - 2 bedrooms,Average asking rent,Dollars,81,units,0,v1675425168,40.3.1,1900,,,,0
Jul-22,"Nanaimo, Census metropolitan area (CMA)",2021S0503938,Apartment - 2 bedrooms,Average asking rent,Dollars,81,units,0,v1675425168,40.3.1,1990,,,,0
Oct-22,"Nanaimo, Census metropolitan area (CMA)",2021S0503938,Apartment - 2 bedrooms,Average asking rent,Dollars,81,units,0,v1675425168,40.3.1,1920,,,,0
Jan-23,"Nanaimo, Census metropolitan area (CMA)",2021S0503938,Apartment - 2 bedrooms,Average asking rent,Dollars,81,units,0,v1675425168,40.3.1,1920,,,,0
Apr-23,"Nanaimo, Census metropolitan area (CMA)",2021S0503938,Apartment - 2 bedrooms,Average asking rent,Dollars,81,units,0,v1675425168,40.3.1,1860,E,,,0
Jul-23,"Nanaimo, Census metropolitan area (CMA)",2021S0503938,Apartment - 2 bedrooms,Average asking rent,Dollars,81,units,0,v1675425168,40.3.1,2030,,,,0
Oct-23,"Nanaimo, Census metropolitan area (CMA)",2021S0503938,Apartment - 2 bedrooms,Average asking rent,Dollars,81,units,0,v1675425168,40.3.1,2000,,,,0
Jan-24,"Nanaimo, Census metropolitan area (CMA)",2021S0503938,Apartment - 2 bedrooms,Average asking rent,Dollars,81,units,0,v1675425168,40.3.1,2030,,,,0
Apr-24,"Nanaimo, Census metropolitan area (CMA)",2021S0503938,Apartment - 2 bedrooms,Average asking rent,Dollars,81,units,0,v1675425168,40.3.1,2030,,,,0
Jul-24,"Nanaimo, Census metropolitan area (CMA)",2021S0503938,Apartment - 2 bedrooms,Average asking rent,Dollars,81,units,0,v1675425168,40.3.1,1970,,,,0
Oct-24,"Nanaimo, Census metropolitan area (CMA)",2021S0503938,Apartment - 2 bedrooms,Average asking rent,Dollars,81,units,0,v1675425168,40.3.1,1960,,,,0
Jan-25,"Nanaimo, Census metropolitan area (CMA)",2021S0503938,Apartment - 2 bedrooms,Average asking rent,Dollars,81,units,0,v1675425168,40.3.1,2020,,,,0
Jan-20,"Nanaimo, Census metropolitan area (CMA)",2021S0503938,Room,Average asking rent,Dollars,81,units,0,v1675425170,40.5.1,630,,,,0
Apr-20,"Nanaimo, Census metropolitan area (CMA)",2021S0503938,Room,Average asking rent,Dollars,81,units,0,v1675425170,40.5.1,650,,,,0
Jul-20,"Nanaimo, Census metropolitan area (CMA)",2021S0503938,Room,Average asking rent,Dollars,81,units,0,v1675425170,40.5.1,630,,,,0
Oct-20,"Nanaimo, Census metropolitan area (CMA)",2021S0503938,Room,Average asking rent,Dollars,81,units,0,v1675425170,40.5.1,630,,,,0
Jan-21,"Nanaimo, Census metropolitan area (CMA)",2021S0503938,Room,Average asking rent,Dollars,81,units,0,v1675425170,40.5.1,650,,,,0
Apr-21,"Nanaimo, Census metropolitan area (CMA)",2021S0503938,Room,Average asking rent,Dollars,81,units,0,v1675425170,40.5.1,700,,,,0
Jul-21,"Nanaimo, Census metropolitan area (CMA)",2021S0503938,Room,Average asking rent,Dollars,81,units,0,v1675425170,40.5.1,730,,,,0
Oct-21,"Nanaimo, Census metropolitan area (CMA)",2021S0503938,Room,Average asking rent,Dollars,81,units,0,v1675425170,40.5.1,730,,,,0
Jan-22,"Nanaimo, Census metropolitan area (CMA)",2021S0503938,Room,Average asking rent,Dollars,81,units,0,v1675425170,40.5.1,720,,,,0
Apr-22,"Nanaimo, Census metropolitan area (CMA)",2021S0503938,Room,Average asking rent,Dollars,81,units,0,v1675425170,40.5.1,750,,,,0
Jul-22,"Nanaimo, Census metropolitan area (CMA)",2021S0503938,Room,Average asking rent,Dollars,81,units,0,v1675425170,40.5.1,790,,,,0
Oct-22,"Nanaimo, Census metropolitan area (CMA)",2021S0503938,Room,Average asking rent,Dollars,81,units,0,v1675425170,40.5.1,800,,,,0
Jan-23,"Nanaimo, Census metropolitan area (CMA)",2021S0503938,Room,Average asking rent,Dollars,81,units,0,v1675425170,40.5.1,810,,,,0
Apr-23,"Nanaimo, Census metropolitan area (CMA)",2021S0503938,Room,Average asking rent,Dollars,81,units,0,v1675425170,40.5.1,800,,,,0
Jul-23,"Nanaimo, Census metropolitan area (CMA)",2021S0503938,Room,Average asking rent,Dollars,81,units,0,v1675425170,40.5.1,840,,,,0
Oct-23,"Nanaimo, Census metropolitan area (CMA)",2021S0503938,Room,Average asking rent,Dollars,81,units,0,v1675425170,40.5.1,850,,,,0
Jan-24,"Nanaimo, Census metropolitan area (CMA)",2021S0503938,Room,Average asking rent,Dollars,81,units,0,v1675425170,40.5.1,840,,,,0
Apr-24,"Nanaimo, Census metropolitan area (CMA)",2021S0503938,Room,Average asking rent,Dollars,81,units,0,v1675425170,40.5.1,850,,,,0
Jul-24,"Nanaimo, Census metropolitan area (CMA)",2021S0503938,Room,Average asking rent,Dollars,81,units,0,v1675425170,40.5.1,870,,,,0
Oct-24,"Nanaimo, Census metropolitan area (CMA)",2021S0503938,Room,Average asking rent,Dollars,81,units,0,v1675425170,40.5.1,880,,,,0
Jan-25,"Nanaimo, Census metropolitan area (CMA)",2021S0503938,Room,Average asking rent,Dollars,81,units,0,v1675425170,40.5.1,890,,,,0
Jan-20,"Vancouver, Census metropolitan area (CMA)",2021S0503933,Apartment - 1 bedroom,Average asking rent,Dollars,81,units,0,v1675425157,41.2.1,1910,,,,0
Apr-20,"Vancouver, Census metropolitan area (CMA)",2021S0503933,Apartment - 1 bedroom,Average asking rent,Dollars,81,units,0,v1675425157,41.2.1,1870,,,,0
Jul-20,"Vancouver, Census metropolitan area (CMA)",2021S0503933,Apartment - 1 bedroom,Average asking rent,Dollars,81,units,0,v1675425157,41.2.1,1850,,,,0
Oct-20,"Vancouver, Census metropolitan area (CMA)",2021S0503933,Apartment - 1 bedroom,Average asking rent,Dollars,81,units,0,v1675425157,41.2.1,1810,,,,0
Jan-21,"Vancouver, Census metropolitan area (CMA)",2021S0503933,Apartment - 1 bedroom,Average asking rent,Dollars,81,units,0,v1675425157,41.2.1,1840,,,,0
Apr-21,"Vancouver, Census metropolitan area (CMA)",2021S0503933,Apartment - 1 bedroom,Average asking rent,Dollars,81,units,0,v1675425157,41.2.1,1860,,,,0
Jul-21,"Vancouver, Census metropolitan area (CMA)",2021S0503933,Apartment - 1 bedroom,Average asking rent,Dollars,81,units,0,v1675425157,41.2.1,1910,,,,0
Oct-21,"Vancouver, Census metropolitan area (CMA)",2021S0503933,Apartment - 1 bedroom,Average asking rent,Dollars,81,units,0,v1675425157,41.2.1,1970,,,,0
Jan-22,"Vancouver, Census metropolitan area (CMA)",2021S0503933,Apartment - 1 bedroom,Average asking rent,Dollars,81,units,0,v1675425157,41.2.1,2060,,,,0
Apr-22,"Vancouver, Census metropolitan area (CMA)",2021S0503933,Apartment - 1 bedroom,Average asking rent,Dollars,81,units,0,v1675425157,41.2.1,2190,,,,0
Jul-22,"Vancouver, Census metropolitan area (CMA)",2021S0503933,Apartment - 1 bedroom,Average asking rent,Dollars,81,units,0,v1675425157,41.2.1,2400,,,,0
Oct-22,"Vancouver, Census metropolitan area (CMA)",2021S0503933,Apartment - 1 bedroom,Average asking rent,Dollars,81,units,0,v1675425157,41.2.1,2450,,,,0
Jan-23,"Vancouver, Census metropolitan area (CMA)",2021S0503933,Apartment - 1 bedroom,Average asking rent,Dollars,81,units,0,v1675425157,41.2.1,2440,,,,0
Apr-23,"Vancouver, Census metropolitan area (CMA)",2021S0503933,Apartment - 1 bedroom,Average asking rent,Dollars,81,units,0,v1675425157,41.2.1,2520,,,,0
Jul-23,"Vancouver, Census metropolitan area (CMA)",2021S0503933,Apartment - 1 bedroom,Average asking rent,Dollars,81,units,0,v1675425157,41.2.1,2640,,,,0
Oct-23,"Vancouver, Census metropolitan area (CMA)",2021S0503933,Apartment - 1 bedroom,Average asking rent,Dollars,81,units,0,v1675425157,41.2.1,2560,,,,0
Jan-24,"Vancouver, Census metropolitan area (CMA)",2021S0503933,Apartment - 1 bedroom,Average asking rent,Dollars,81,units,0,v1675425157,41.2.1,2530,,,,0
Apr-24,"Vancouver, Census metropolitan area (CMA)",2021S0503933,Apartment - 1 bedroom,Average asking rent,Dollars,81,units,0,v1675425157,41.2.1,2520,,,,0
Jul-24,"Vancouver, Census metropolitan area (CMA)",2021S0503933,Apartment - 1 bedroom,Average asking rent,Dollars,81,units,0,v1675425157,41.2.1,2510,,,,0
Oct-24,"Vancouver, Census metropolitan area (CMA)",2021S0503933,Apartment - 1 bedroom,Average asking rent,Dollars,81,units,0,v1675425157,41.2.1,2450,,,,0
Jan-25,"Vancouver, Census metropolitan area (CMA)",2021S0503933,Apartment - 1 bedroom,Average asking rent,Dollars,81,units,0,v1675425157,41.2.1,2380,,,,0
Jan-20,"Vancouver, Census metropolitan area (CMA)",2021S0503933,Apartment - 2 bedrooms,Average asking rent,Dollars,81,units,0,v1675425158,41.3.1,2530,,,,0
Apr-20,"Vancouver, Census metropolitan area (CMA)",2021S0503933,Apartment - 2 bedrooms,Average asking rent,Dollars,81,units,0,v1675425158,41.3.1,2480,,,,0
Jul-20,"Vancouver, Census metropolitan area (CMA)",2021S0503933,Apartment - 2 bedrooms,Average asking rent,Dollars,81,units,0,v1675425158,41.3.1,2430,,,,0
Oct-20,"Vancouver, Census metropolitan area (CMA)",2021S0503933,Apartment - 2 bedrooms,Average asking rent,Dollars,81,units,0,v1675425158,41.3.1,2380,,,,0
Jan-21,"Vancouver, Census metropolitan area (CMA)",2021S0503933,Apartment - 2 bedrooms,Average asking rent,Dollars,81,units,0,v1675425158,41.3.1,2410,,,,0
Apr-21,"Vancouver, Census metropolitan area (CMA)",2021S0503933,Apartment - 2 bedrooms,Average asking rent,Dollars,81,units,0,v1675425158,41.3.1,2520,,,,0
Jul-21,"Vancouver, Census metropolitan area (CMA)",2021S0503933,Apartment - 2 bedrooms,Average asking rent,Dollars,81,units,0,v1675425158,41.3.1,2610,,,,0
Oct-21,"Vancouver, Census metropolitan area (CMA)",2021S0503933,Apartment - 2 bedrooms,Average asking rent,Dollars,81,units,0,v1675425158,41.3.1,2740,,,,0
Jan-22,"Vancouver, Census metropolitan area (CMA)",2021S0503933,Apartment - 2 bedrooms,Average asking rent,Dollars,81,units,0,v1675425158,41.3.1,2830,,,,0
Apr-22,"Vancouver, Census metropolitan area (CMA)",2021S0503933,Apartment - 2 bedrooms,Average asking rent,Dollars,81,units,0,v1675425158,41.3.1,3020,,,,0
Jul-22,"Vancouver, Census metropolitan area (CMA)",2021S0503933,Apartment - 2 bedrooms,Average asking rent,Dollars,81,units,0,v1675425158,41.3.1,3350,E,,,0
Oct-22,"Vancouver, Census metropolitan area (CMA)",2021S0503933,Apartment - 2 bedrooms,Average asking rent,Dollars,81,units,0,v1675425158,41.3.1,3400,,,,0
Jan-23,"Vancouver, Census metropolitan area (CMA)",2021S0503933,Apartment - 2 bedrooms,Average asking rent,Dollars,81,units,0,v1675425158,41.3.1,3300,,,,0
Apr-23,"Vancouver, Census metropolitan area (CMA)",2021S0503933,Apartment - 2 bedrooms,Average asking rent,Dollars,81,units,0,v1675425158,41.3.1,3470,,,,0
Jul-23,"Vancouver, Census metropolitan area (CMA)",2021S0503933,Apartment - 2 bedrooms,Average asking rent,Dollars,81,units,0,v1675425158,41.3.1,3580,,,,0
Oct-23,"Vancouver, Census metropolitan area (CMA)",2021S0503933,Apartment - 2 bedrooms,Average asking rent,Dollars,81,units,0,v1675425158,41.3.1,3510,,,,0
Jan-24,"Vancouver, Census metropolitan area (CMA)",2021S0503933,Apartment - 2 bedrooms,Average asking rent,Dollars,81,units,0,v1675425158,41.3.1,3440,,,,0
Apr-24,"Vancouver, Census metropolitan area (CMA)",2021S0503933,Apartment - 2 bedrooms,Average asking rent,Dollars,81,units,0,v1675425158,41.3.1,3360,,,,0
Jul-24,"Vancouver, Census metropolitan area (CMA)",2021S0503933,Apartment - 2 bedrooms,Average asking rent,Dollars,81,units,0,v1675425158,41.3.1,3390,,,,0
Oct-24,"Vancouver, Census metropolitan area (CMA)",2021S0503933,Apartment - 2 bedrooms,Average asking rent,Dollars,81,units,0,v1675425158,41.3.1,3250,,,,0
Jan-25,"Vancouver, Census metropolitan area (CMA)",2021S0503933,Apartment - 2 bedrooms,Average asking rent,Dollars,81,units,0,v1675425158,41.3.1,3170,,,,0
Jan-20,"Vancouver, Census metropolitan area (CMA)",2021S0503933,Room,Average asking rent,Dollars,81,units,0,v1675425160,41.5.1,760,,,,0
Apr-20,"Vancouver, Census metropolitan area (CMA)",2021S0503933,Room,Average asking rent,Dollars,81,units,0,v1675425160,41.5.1,760,,,,0
Jul-20,"Vancouver, Census metropolitan area (CMA)",2021S0503933,Room,Average asking rent,Dollars,81,units,0,v1675425160,41.5.1,760,,,,0
Oct-20,"Vancouver, Census metropolitan area (CMA)",2021S0503933,Room,Average asking rent,Dollars,81,units,0,v1675425160,41.5.1,750,,,,0
Jan-21,"Vancouver, Census metropolitan area (CMA)",2021S0503933,Room,Average asking rent,Dollars,81,units,0,v1675425160,41.5.1,760,,,,0
Apr-21,"Vancouver, Census metropolitan area (CMA)",2021S0503933,Room,Average asking rent,Dollars,81,units,0,v1675425160,41.5.1,750,,,,0
Jul-21,"Vancouver, Census metropolitan area (CMA)",2021S0503933,Room,Average asking rent,Dollars,81,units,0,v1675425160,41.5.1,770,,,,0
Oct-21,"Vancouver, Census metropolitan area (CMA)",2021S0503933,Room,Average asking rent,Dollars,81,units,0,v1675425160,41.5.1,830,,,,0
Jan-22,"Vancouver, Census metropolitan area (CMA)",2021S0503933,Room,Average asking rent,Dollars,81,units,0,v1675425160,41.5.1,870,,,,0
Apr-22,"Vancouver, Census metropolitan area (CMA)",2021S0503933,Room,Average asking rent,Dollars,81,units,0,v1675425160,41.5.1,910,,,,0
Jul-22,"Vancouver, Census metropolitan area (CMA)",2021S0503933,Room,Average asking rent,Dollars,81,units,0,v1675425160,41.5.1,1140,E,,,0
Oct-22,"Vancouver, Census metropolitan area (CMA)",2021S0503933,Room,Average asking rent,Dollars,81,units,0,v1675425160,41.5.1,1120,,,,0
Jan-23,"Vancouver, Census metropolitan area (CMA)",2021S0503933,Room,Average asking rent,Dollars,81,units,0,v1675425160,41.5.1,1200,,,,0
Apr-23,"Vancouver, Census metropolitan area (CMA)",2021S0503933,Room,Average asking rent,Dollars,81,units,0,v1675425160,41.5.1,1220,,,,0
Jul-23,"Vancouver, Census metropolitan area (CMA)",2021S0503933,Room,Average asking rent,Dollars,81,units,0,v1675425160,41.5.1,1270,,,,0
Oct-23,"Vancouver, Census metropolitan area (CMA)",2021S0503933,Room,Average asking rent,Dollars,81,units,0,v1675425160,41.5.1,1280,,,,0
Jan-24,"Vancouver, Census metropolitan area (CMA)",2021S0503933,Room,Average asking rent,Dollars,81,units,0,v1675425160,41.5.1,1230,,,,0
Apr-24,"Vancouver, Census metropolitan area (CMA)",2021S0503933,Room,Average asking rent,Dollars,81,units,0,v1675425160,41.5.1,1200,,,,0
Jul-24,"Vancouver, Census metropolitan area (CMA)",2021S0503933,Room,Average asking rent,Dollars,81,units,0,v1675425160,41.5.1,1120,,,,0
Oct-24,"Vancouver, Census metropolitan area (CMA)",2021S0503933,Room,Average asking rent,Dollars,81,units,0,v1675425160,41.5.1,1080,,,,0
Jan-25,"Vancouver, Census metropolitan area (CMA)",2021S0503933,Room,Average asking rent,Dollars,81,units,0,v1675425160,41.5.1,1070,,,,0
Jan-20,"Victoria, Census metropolitan area (CMA)",2021S0503935,Apartment - 1 bedroom,Average asking rent,Dollars,81,units,0,v1675425162,42.2.1,1580,,,,0
Apr-20,"Victoria, Census metropolitan area (CMA)",2021S0503935,Apartment - 1 bedroom,Average asking rent,Dollars,81,units,0,v1675425162,42.2.1,1560,,,,0
Jul-20,"Victoria, Census metropolitan area (CMA)",2021S0503935,Apartment - 1 bedroom,Average asking rent,Dollars,81,units,0,v1675425162,42.2.1,1570,,,,0
Oct-20,"Victoria, Census metropolitan area (CMA)",2021S0503935,Apartment - 1 bedroom,Average asking rent,Dollars,81,units,0,v1675425162,42.2.1,1600,,,,0
Jan-21,"Victoria, Census metropolitan area (CMA)",2021S0503935,Apartment - 1 bedroom,Average asking rent,Dollars,81,units,0,v1675425162,42.2.1,1610,,,,0
Apr-21,"Victoria, Census metropolitan area (CMA)",2021S0503935,Apartment - 1 bedroom,Average asking rent,Dollars,81,units,0,v1675425162,42.2.1,1640,,,,0
Jul-21,"Victoria, Census metropolitan area (CMA)",2021S0503935,Apartment - 1 bedroom,Average asking rent,Dollars,81,units,0,v1675425162,42.2.1,1710,,,,0
Oct-21,"Victoria, Census metropolitan area (CMA)",2021S0503935,Apartment - 1 bedroom,Average asking rent,Dollars,81,units,0,v1675425162,42.2.1,1760,,,,0
Jan-22,"Victoria, Census metropolitan area (CMA)",2021S0503935,Apartment - 1 bedroom,Average asking rent,Dollars,81,units,0,v1675425162,42.2.1,1830,,,,0
Apr-22,"Victoria, Census metropolitan area (CMA)",2021S0503935,Apartment - 1 bedroom,Average asking rent,Dollars,81,units,0,v1675425162,42.2.1,2010,,,,0
Jul-22,"Victoria, Census metropolitan area (CMA)",2021S0503935,Apartment - 1 bedroom,Average asking rent,Dollars,81,units,0,v1675425162,42.2.1,2030,,,,0
Oct-22,"Victoria, Census metropolitan area (CMA)",2021S0503935,Apartment - 1 bedroom,Average asking rent,Dollars,81,units,0,v1675425162,42.2.1,2090,,,,0
Jan-23,"Victoria, Census metropolitan area (CMA)",2021S0503935,Apartment - 1 bedroom,Average asking rent,Dollars,81,units,0,v1675425162,42.2.1,2010,,,,0
Apr-23,"Victoria, Census metropolitan area (CMA)",2021S0503935,Apartment - 1 bedroom,Average asking rent,Dollars,81,units,0,v1675425162,42.2.1,2060,,,,0
Jul-23,"Victoria, Census metropolitan area (CMA)",2021S0503935,Apartment - 1 bedroom,Average asking rent,Dollars,81,units,0,v1675425162,42.2.1,2090,,,,0
Oct-23,"Victoria, Census metropolitan area (CMA)",2021S0503935,Apartment - 1 bedroom,Average asking rent,Dollars,81,units,0,v1675425162,42.2.1,2120,,,,0
Jan-24,"Victoria, Census metropolitan area (CMA)",2021S0503935,Apartment - 1 bedroom,Average asking rent,Dollars,81,units,0,v1675425162,42.2.1,2090,,,,0
Apr-24,"Victoria, Census metropolitan area (CMA)",2021S0503935,Apartment - 1 bedroom,Average asking rent,Dollars,81,units,0,v1675425162,42.2.1,2090,,,,0
Jul-24,"Victoria, Census metropolitan area (CMA)",2021S0503935,Apartment - 1 bedroom,Average asking rent,Dollars,81,units,0,v1675425162,42.2.1,2130,,,,0
Oct-24,"Victoria, Census metropolitan area (CMA)",2021S0503935,Apartment - 1 bedroom,Average asking rent,Dollars,81,units,0,v1675425162,42.2.1,2090,,,,0
Jan-25,"Victoria, Census metropolitan area (CMA)",2021S0503935,Apartment - 1 bedroom,Average asking rent,Dollars,81,units,0,v1675425162,42.2.1,2090,,,,0
Jan-20,"Victoria, Census metropolitan area (CMA)",2021S0503935,Apartment - 2 bedrooms,Average asking rent,Dollars,81,units,0,v1675425163,42.3.1,1960,,,,0
Apr-20,"Victoria, Census metropolitan area (CMA)",2021S0503935,Apartment - 2 bedrooms,Average asking rent,Dollars,81,units,0,v1675425163,42.3.1,1920,,,,0
Jul-20,"Victoria, Census metropolitan area (CMA)",2021S0503935,Apartment - 2 bedrooms,Average asking rent,Dollars,81,units,0,v1675425163,42.3.1,1970,,,,0
Oct-20,"Victoria, Census metropolitan area (CMA)",2021S0503935,Apartment - 2 bedrooms,Average asking rent,Dollars,81,units,0,v1675425163,42.3.1,2000,,,,0
Jan-21,"Victoria, Census metropolitan area (CMA)",2021S0503935,Apartment - 2 bedrooms,Average asking rent,Dollars,81,units,0,v1675425163,42.3.1,2050,,,,0
Apr-21,"Victoria, Census metropolitan area (CMA)",2021S0503935,Apartment - 2 bedrooms,Average asking rent,Dollars,81,units,0,v1675425163,42.3.1,2080,,,,0
Jul-21,"Victoria, Census metropolitan area (CMA)",2021S0503935,Apartment - 2 bedrooms,Average asking rent,Dollars,81,units,0,v1675425163,42.3.1,2210,,,,0
Oct-21,"Victoria, Census metropolitan area (CMA)",2021S0503935,Apartment - 2 bedrooms,Average asking rent,Dollars,81,units,0,v1675425163,42.3.1,2410,,,,0
Jan-22,"Victoria, Census metropolitan area (CMA)",2021S0503935,Apartment - 2 bedrooms,Average asking rent,Dollars,81,units,0,v1675425163,42.3.1,2450,,,,0
Apr-22,"Victoria, Census metropolitan area (CMA)",2021S0503935,Apartment - 2 bedrooms,Average asking rent,Dollars,81,units,0,v1675425163,42.3.1,2630,,,,0
Jul-22,"Victoria, Census metropolitan area (CMA)",2021S0503935,Apartment - 2 bedrooms,Average asking rent,Dollars,81,units,0,v1675425163,42.3.1,2640,,,,0
Oct-22,"Victoria, Census metropolitan area (CMA)",2021S0503935,Apartment - 2 bedrooms,Average asking rent,Dollars,81,units,0,v1675425163,42.3.1,2660,,,,0
Jan-23,"Victoria, Census metropolitan area (CMA)",2021S0503935,Apartment - 2 bedrooms,Average asking rent,Dollars,81,units,0,v1675425163,42.3.1,2570,,,,0
Apr-23,"Victoria, Census metropolitan area (CMA)",2021S0503935,Apartment - 2 bedrooms,Average asking rent,Dollars,81,units,0,v1675425163,42.3.1,2600,,,,0
Jul-23,"Victoria, Census metropolitan area (CMA)",2021S0503935,Apartment - 2 bedrooms,Average asking rent,Dollars,81,units,0,v1675425163,42.3.1,2750,,,,0
Oct-23,"Victoria, Census metropolitan area (CMA)",2021S0503935,Apartment - 2 bedrooms,Average asking rent,Dollars,81,units,0,v1675425163,42.3.1,2760,,,,0
Jan-24,"Victoria, Census metropolitan area (CMA)",2021S0503935,Apartment - 2 bedrooms,Average asking rent,Dollars,81,units,0,v1675425163,42.3.1,2690,,,,0
Apr-24,"Victoria, Census metropolitan area (CMA)",2021S0503935,Apartment - 2 bedrooms,Average asking rent,Dollars,81,units,0,v1675425163,42.3.1,2760,,,,0
Jul-24,"Victoria, Census metropolitan area (CMA)",2021S0503935,Apartment - 2 bedrooms,Average asking rent,Dollars,81,units,0,v1675425163,42.3.1,2740,,,,0
Oct-24,"Victoria, Census metropolitan area (CMA)",2021S0503935,Apartment - 2 bedrooms,Average asking rent,Dollars,81,units,0,v1675425163,42.3.1,2730,,,,0
Jan-25,"Victoria, Census metropolitan area (CMA)",2021S0503935,Apartment - 2 bedrooms,Average asking rent,Dollars,81,units,0,v1675425163,42.3.1,2680,,,,0
Jan-20,"Victoria, Census metropolitan area (CMA)",2021S0503935,Room,Average asking rent,Dollars,81,units,0,v1675425165,42.5.1,740,,,,0
Apr-20,"Victoria, Census metropolitan area (CMA)",2021S0503935,Room,Average asking rent,Dollars,81,units,0,v1675425165,42.5.1,710,,,,0
Jul-20,"Victoria, Census metropolitan area (CMA)",2021S0503935,Room,Average asking rent,Dollars,81,units,0,v1675425165,42.5.1,730,,,,0
Oct-20,"Victoria, Census metropolitan area (CMA)",2021S0503935,Room,Average asking rent,Dollars,81,units,0,v1675425165,42.5.1,730,,,,0
Jan-21,"Victoria, Census metropolitan area (CMA)",2021S0503935,Room,Average asking rent,Dollars,81,units,0,v1675425165,42.5.1,740,,,,0
Apr-21,"Victoria, Census metropolitan area (CMA)",2021S0503935,Room,Average asking rent,Dollars,81,units,0,v1675425165,42.5.1,730,,,,0
Jul-21,"Victoria, Census metropolitan area (CMA)",2021S0503935,Room,Average asking rent,Dollars,81,units,0,v1675425165,42.5.1,810,,,,0
Oct-21,"Victoria, Census metropolitan area (CMA)",2021S0503935,Room,Average asking rent,Dollars,81,units,0,v1675425165,42.5.1,790,,,,0
Jan-22,"Victoria, Census metropolitan area (CMA)",2021S0503935,Room,Average asking rent,Dollars,81,units,0,v1675425165,42.5.1,850,,,,0
Apr-22,"Victoria, Census metropolitan area (CMA)",2021S0503935,Room,Average asking rent,Dollars,81,units,0,v1675425165,42.5.1,870,,,,0
Jul-22,"Victoria, Census metropolitan area (CMA)",2021S0503935,Room,Average asking rent,Dollars,81,units,0,v1675425165,42.5.1,920,,,,0
Oct-22,"Victoria, Census metropolitan area (CMA)",2021S0503935,Room,Average asking rent,Dollars,81,units,0,v1675425165,42.5.1,920,,,,0
Jan-23,"Victoria, Census metropolitan area (CMA)",2021S0503935,Room,Average asking rent,Dollars,81,units,0,v1675425165,42.5.1,900,,,,0
Apr-23,"Victoria, Census metropolitan area (CMA)",2021S0503935,Room,Average asking rent,Dollars,81,units,0,v1675425165,42.5.1,880,,,,0
Jul-23,"Victoria, Census metropolitan area (CMA)",2021S0503935,Room,Average asking rent,Dollars,81,units,0,v1675425165,42.5.1,980,,,,0
Oct-23,"Victoria, Census metropolitan area (CMA)",2021S0503935,Room,Average asking rent,Dollars,81,units,0,v1675425165,42.5.1,960,,,,0
Jan-24,"Victoria, Census metropolitan area (CMA)",2021S0503935,Room,Average asking rent,Dollars,81,units,0,v1675425165,42.5.1,960,,,,0
Apr-24,"Victoria, Census metropolitan area (CMA)",2021S0503935,Room,Average asking rent,Dollars,81,units,0,v1675425165,42.5.1,970,,,,0
Jul-24,"Victoria, Census metropolitan area (CMA)",2021S0503935,Room,Average asking rent,Dollars,81,units,0,v1675425165,42.5.1,980,,,,0
Oct-24,"Victoria, Census metropolitan area (CMA)",2021S0503935,Room,Average asking rent,Dollars,81,units,0,v1675425165,42.5.1,1000,,,,0
Jan-25,"Victoria, Census metropolitan area (CMA)",2021S0503935,Room,Average asking rent,Dollars,81,units,0,v1675425165,42.5.1,970,,,,0